genre,chart_page,period,artist,title,label
americana,0002,"January 31 - February 6, 2000",The Hollisters,Sweet Inspiration,( Hightone )
americana,0002,"January 31 - February 6, 2000",78 RPM,78 RPM,(self-released)
americana,0002,"January 31 - February 6, 2000",Chuck Prophet,The Hurting Business,( Hightone )
americana,0002,"January 31 - February 6, 2000",Phil Lee,The Mighty King of Love,( Shanachie )
americana,0002,"January 31 - February 6, 2000",Robbie Fulks,The Very Best of Robbie Fulks,( Bloodshot )
americana,0002,"January 31 - February 6, 2000",Slaid Cleaves,Broke Down,( Philo )
americana,0002,"January 31 - February 6, 2000",Tom House,'Til You've Seen Mine,(Catamount)
americana,0002,"January 31 - February 6, 2000",Cowboy Junkies,"Rarities, B-Sides and Slow, Sad Waltzes",(Valley)
americana,0002,"January 31 - February 6, 2000",Marti Brom & her Barnshakers,Snake Ranch,( Goofin' )
americana,0002,"January 31 - February 6, 2000",Wagon,Beauty Angel Queen,(self-released)
americana,0002,"January 31 - February 6, 2000",Kenny Roby,Mercury's Blues,( RiceBox )
americana,0002,"January 31 - February 6, 2000",Tom Morrell & the Time-Warp Top Hands,Wolf Tracks,( Shanachie )
americana,0002,"January 31 - February 6, 2000",The Two Dollar Pistols with Tift Merritt,, Yep Roc 
americana,0002,"January 31 - February 6, 2000",The V-Roys,Are You Through Yet?,(self-released)
americana,0002,"January 31 - February 6, 2000",Zachary Richard,Silver Jubilee: The Best of Zachary Richard,( Rhino )
americana,0002,"January 31 - February 6, 2000",Guy Clark,Cold Dog Soup,( Sugar Hill )
americana,0002,"January 31 - February 6, 2000",Last Train Home,True North,(Adult Swim)
americana,0002,"January 31 - February 6, 2000",Teddy Morgan and the Pistolas,Lost Love and Highways,( Hightone )
americana,0002,"January 31 - February 6, 2000",Larry Barrett,The Big Slowdown,(Barking Music)
americana,0002,"January 31 - February 6, 2000",The Cornell Hurd Band,At Large,( Behemoth )
americana,0002,"January 31 - February 6, 2000",Blue Mountain,Tales Of A Traveler,( Roadrunner )
americana,0002,"January 31 - February 6, 2000",The Ex-Husbands,All Gussied Up,( Tar Hut )
americana,0002,"January 31 - February 6, 2000",Buddy Miller,Cruel Moon,( Hightone )
americana,0002,"January 31 - February 6, 2000",Richmond Fontaine,Lost Son,( Cavity Search )
americana,0002,"January 31 - February 6, 2000",Deke Dickerson and the Ecco-fonics,More Million Sellers,( Hightone )
americana,0002,"January 31 - February 6, 2000",Pete Krebs,Bittersweet Valentines,( Cavity Search )
americana,0002,"January 31 - February 6, 2000",(Various),Poor Little Knitter On The Road,( Bloodshot )
americana,0002,"January 31 - February 6, 2000",Johnny Dowd,Pictures From Life's Other Side,( Koch )
americana,0002,"January 31 - February 6, 2000",Sally Timms,Cowboy Sally's Twilight Laments,( Bloodshot )
americana,0002,"January 31 - February 6, 2000",Rhonda Vincent,Back Home Again,( Rounder )
americana,0002,"January 31 - February 6, 2000",Pee Wee King's Country Hoedown,, Bloodshot 
americana,0002,"January 31 - February 6, 2000",The Mavericks,Super Colossal Smash Hits Of The 90s,( Mercury )
americana,0002,"January 31 - February 6, 2000",Ed Burleson,My Perfect World,(Tornado)
americana,0002,"January 31 - February 6, 2000",Larry Cordle & Lonesome Standard Time,Murder On Music Row,(Shell Point)
americana,0002,"January 31 - February 6, 2000",Katy Moffatt,Loose Diamond,( Hightone )
americana,0002,"January 31 - February 6, 2000",IIIrd Tyme Out,John & Mary,( Rounder )
americana,0002,"January 31 - February 6, 2000",Dolly Parton,The Grass Is Blue,( Sugar Hill )
americana,0002,"January 31 - February 6, 2000",Alan Jackson,Under The Influence,( Arista )
americana,0002,"January 31 - February 6, 2000",Gary Allan,Smoke Rings In The Dark,( MCA )
americana,0002,"January 31 - February 6, 2000",The Dixie Chicks,Fly,( Monument )
americana,9501,"January 2-8, 1995",The Schramms,Little Apocalypse,ESD
americana,9501,"January 2-8, 1995",Bill Monroe,The Music Of Bill Monroe,MCA
americana,9501,"January 2-8, 1995",Spanic Family,Spanic Family Album,ESD
americana,9501,"January 2-8, 1995",Palace Songs,Hope,Drag City
americana,9501,"January 2-8, 1995",Nick Lowe,The Impossible Bird,Upstart
americana,9501,"January 2-8, 1995",(Various),Tulare Dust,Hightone
americana,9501,"January 2-8, 1995",(Various),Sun Records Collection,Rhino
americana,9501,"January 2-8, 1995",(Various),Tex-Mex Fiesta,Arhoolie
americana,9501,"January 2-8, 1995",Rose Maddox,$35 And A Dream,Arhoolie
americana,9501,"January 2-8, 1995",Townes Van Zandt,No Deeper Blue,Sugar Hill
americana,9501,"January 2-8, 1995",(Various),For A Life Of Sin,Bloodshot
americana,9501,"January 2-8, 1995",Norman & Nancy Blake,While Passing Along The Way,Shanachie
americana,9501,"January 2-8, 1995",(Various),Corridos Y Tragedias De,Arhoolie
americana,9501,"January 2-8, 1995",The Bottle Rockets,The Brooklyn Side,ESD
americana,9501,"January 2-8, 1995",Phil Alvin,Country Fair 2000,Hightone
americana,9501,"January 2-8, 1995",Bill Kirchen,Tombstone Every Mile,Black Top
americana,9501,"January 2-8, 1995",Steve Kolander,Steve Kolander,River North
americana,9501,"January 2-8, 1995",Jeff & Janet,Jesus Built A Ship To Sng,Kokopop
americana,9501,"January 2-8, 1995",Waylon Jennings,Waymore's Blues (Part II),RCA
americana,9501,"January 2-8, 1995",The Starkweathers,5 Song EP,Faye
americana,9501,"January 2-8, 1995",Bob Woodruff,Dreams & Saturday Nights,Asylum
americana,9501,"January 2-8, 1995",The The,I Saw The Light,550 Music/Epic
americana,9501,"January 2-8, 1995",Ronnie Dawson,Monkey Beat!,Crystal Clear
americana,9501,"January 2-8, 1995",Geraldine Fibbers,Get Thee Gone,Sympathy For The Devil
americana,9501,"January 2-8, 1995",Richard Buckner,Bloomed,Glitterhouse
americana,9501,"January 2-8, 1995",Flaco Jimenez,Flaco Jimenez,Arista Texas
americana,9501,"January 2-8, 1995",Wankin Teens,Johnny Keep Walking The Line,Goatbilly
americana,9501,"January 2-8, 1995",George Jones,Sings Bob Wills,Razor & Tie
americana,9501,"January 2-8, 1995",Stephen Yerkey,"Confidence, Man",Heydey
americana,9501,"January 2-8, 1995",Adolph Hofner,South Texas Swing,Arhoolie
americana,9502,"January 30 - February 5, 1995",Bill Monroe,The Music Of Bill Monroe,MCA
americana,9502,"January 30 - February 5, 1995",The Cartwrights,Ponderosa Fabuloso,Big Iron
americana,9502,"January 30 - February 5, 1995",Spanic Family,Spanic Family Album,ESD
americana,9502,"January 30 - February 5, 1995",(Various),For A Life Of Sin,Bloodshot
americana,9502,"January 30 - February 5, 1995",Nick Lowe,The Impossible Bird,Upstart
americana,9502,"January 30 - February 5, 1995",Jason & The Scorchers,A Blazing Grace,Mammoth
americana,9502,"January 30 - February 5, 1995",(Various),Tex-Mex Fiesta,Arhoolie
americana,9502,"January 30 - February 5, 1995",(Various),Sun Records Collection,Rhino
americana,9502,"January 30 - February 5, 1995",Palace Songs,Hope,Drag City
americana,9502,"January 30 - February 5, 1995",Terry Allen,Lubbock (On Everything),Sugar Hill
americana,9502,"January 30 - February 5, 1995",Rose Maddox,$35 And A Dream,Arhoolie
americana,9502,"January 30 - February 5, 1995",The Bottle Rockets,The Brooklyn Side,ESD
americana,9502,"January 30 - February 5, 1995",Townes Van Zandt,No Deeper Blue,Sugar Hill
americana,9502,"January 30 - February 5, 1995",Nine Pound Hammer,Hayseed Timebomb,Crypt
americana,9502,"January 30 - February 5, 1995",The Vidalias,Melodyland,Upstart
americana,9502,"January 30 - February 5, 1995",Old 97s,Hitchhike To Rhome,Big Iron
americana,9502,"January 30 - February 5, 1995",Heather Myles,Untamed,Hightone
americana,9502,"January 30 - February 5, 1995",Norman & Nancy Blake,While Passing Along The Way,Shanachie
americana,9502,"January 30 - February 5, 1995",Katy Moffat,Hearts Gone Wild,Watermelon
americana,9502,"January 30 - February 5, 1995",Steve Kolander,Steve Kolander,River North
americana,9502,"January 30 - February 5, 1995",Bob Woodruff,Dreams & Saturday Nights,Asylum
americana,9502,"January 30 - February 5, 1995",The The,I Saw The Light,550 Music/Epic
americana,9502,"January 30 - February 5, 1995",Jeff & Janet,Jesus Built A Ship To Sng,Kokopop
americana,9502,"January 30 - February 5, 1995",Beausoleil,Vintage Beausoleil,Music Of The World
americana,9502,"January 30 - February 5, 1995",(Various),Tulare Dust,Hightone
americana,9502,"January 30 - February 5, 1995",The Starkweathers,5 Song EP,Faye
americana,9502,"January 30 - February 5, 1995",Bill Kirchen,Tombstone Every Mile,Black Top
americana,9502,"January 30 - February 5, 1995",Waylon Jennings,Waymore's Blues (Part II),RCA
americana,9502,"January 30 - February 5, 1995",The Schramms,Little Apocalypse,ESD
americana,9502,"January 30 - February 5, 1995",Ronnie Dawson,Monkey Beat!,Crystal Clear
americana,9503,"February 27-March 5, 1995",Nine Pound Hammer,Hayseed Timebomb,Crypt
americana,9503,"February 27-March 5, 1995",Kieran Kane,Dead Reckoning,Dead Reckoning
americana,9503,"February 27-March 5, 1995",The Cartwrights,Ponderosa Fabuloso,Big Iron
americana,9503,"February 27-March 5, 1995",Jason & The Scorchers,A Blazing Grace,Mammoth
americana,9503,"February 27-March 5, 1995",Spanic Family,Spanic Family Album,ESD
americana,9503,"February 27-March 5, 1995",Nick Lowe,The Impossible Bird,Upstart
americana,9503,"February 27-March 5, 1995",(Various),For A Life Of Sin,Bloodshot
americana,9503,"February 27-March 5, 1995",The Vidalias,Melodyland,Upstart
americana,9503,"February 27-March 5, 1995",(Various),Appalachian Stomp,Rhino
americana,9503,"February 27-March 5, 1995",Terry Allen,Lubbock (On Everything),Sugar Hill
americana,9503,"February 27-March 5, 1995",(Various),Golden Throats 3,Rhino
americana,9503,"February 27-March 5, 1995",The Handsome Family,Odessa,Carrot Top
americana,9503,"February 27-March 5, 1995",Old 97s,Hitchhike To Rhome,Big Iron
americana,9503,"February 27-March 5, 1995",Geraldine Fibbers,Geraldine Fibbers,Virgin
americana,9503,"February 27-March 5, 1995",Townes Van Zandt,No Deeper Blue,Sugar Hill
americana,9503,"February 27-March 5, 1995",Johnny Cash,Thirteen EP,American
americana,9503,"February 27-March 5, 1995",Kate McKenzie,Let Them Talk,Red House
americana,9503,"February 27-March 5, 1995",Rose Maddox,$35 And A Dream,Arhoolie
americana,9503,"February 27-March 5, 1995",The Bottle Rockets,The Brooklyn Side,ESD
americana,9503,"February 27-March 5, 1995",Heather Myles,Untamed,Hightone
americana,9503,"February 27-March 5, 1995",Katy Moffat,Hearts Gone Wild,Watermelon
americana,9503,"February 27-March 5, 1995",The Jayhawks,Tomorrow The Green Grass,American
americana,9503,"February 27-March 5, 1995",Beausoleil,Vintage Beausoleil,Music Of The World
americana,9503,"February 27-March 5, 1995",Norman & Nancy Blake,While Passing Along The Way,Shanachie
americana,9503,"February 27-March 5, 1995",Bill Kirchen,Tombstone Every Mile,Black Top
americana,9503,"February 27-March 5, 1995",Steve Kolander,Steve Kolander,River North
americana,9503,"February 27-March 5, 1995",Ronnie Dawson,Monkey Beat!,Crystal Clear
americana,9503,"February 27-March 5, 1995",George Jones,Sings Bob Wills,Razor & Tie
americana,9503,"February 27-March 5, 1995",The Starkweathers,5 Song EP,Faye
americana,9504,"April 3-9, 1995",(Various),Rig Rock Truckstop,Diesel Only
americana,9504,"April 3-9, 1995",Steve Earle,Train A Comin',Winter Harvest
americana,9504,"April 3-9, 1995",(Various),Hell-Bent,Bloodshot
americana,9504,"April 3-9, 1995",Sally Timms,To The Land Of Milk & Honey,Feel Good All Over
americana,9504,"April 3-9, 1995",(Various),Cajun Honky Tonk,Arhoolie
americana,9504,"April 3-9, 1995",Wilco,A.M,Sire/Reprise
americana,9504,"April 3-9, 1995",Simon Bonney,Everyman,Mute
americana,9504,"April 3-9, 1995",The McCoury Brothers,The McCoury Brothers,Rounder
americana,9504,"April 3-9, 1995",Kieran Kane,Dead Reckoning,Dead Reckoning
americana,9504,"April 3-9, 1995",Guy Clark,Dublin Blues,Asylum
americana,9504,"April 3-9, 1995",(Various),Appalachian Stomp,Rhino
americana,9504,"April 3-9, 1995",Butch Hancock,Eats Away The Night,Sugar Hill
americana,9504,"April 3-9, 1995",The Jayhawks,Tomorrow The Green Grass,American
americana,9504,"April 3-9, 1995",Heather Myles,Untamed,Hightone
americana,9504,"April 3-9, 1995",Clarence Gatemouth Brn,The Man,Verve
americana,9504,"April 3-9, 1995",The Highwaymen,The Road Goes On Forever,Liberty
americana,9504,"April 3-9, 1995",The Vidalias,Melodyland,Upstart
americana,9504,"April 3-9, 1995",Nine Pound Hammer,Hayseed Timebomb,Crypt
americana,9504,"April 3-9, 1995",Johnny Cash,Thirteen EP,American
americana,9504,"April 3-9, 1995",Pine State,Hundredth Broken Heart,Friction Media
americana,9504,"April 3-9, 1995",The The,Hanky Panky,550 Music/Epic
americana,9504,"April 3-9, 1995",The Cartwrights,Ponderosa Fabuloso,Big Iron
americana,9504,"April 3-9, 1995",Kate McKenzie,Let Them Talk,Red House
americana,9504,"April 3-9, 1995",Geraldine Fibbers,Geraldine Fibbers,Virgin
americana,9504,"April 3-9, 1995",Old 97s,Hitchhike To Rhome,Big Iron
americana,9504,"April 3-9, 1995",Jason & The Scorchers,A Blazing Grace,Mammoth
americana,9504,"April 3-9, 1995",Allison Krauss,Now That I've Found You,Rounder
americana,9504,"April 3-9, 1995",John Prine,Lost Dogs & Mixed Blessings,Oh Boy
americana,9504,"April 3-9, 1995",Terry Allen,Lubbock (On Everything),Sugar Hill
americana,9504,"April 3-9, 1995",The Delevantes,Long About That Time,Rounder
americana,9505,"May 1-4, 1995",(Various),Hillbilly Fever!,Rhino
americana,9505,"May 1-4, 1995",(Various),Rig Rock Truckstop,Diesel Only
americana,9505,"May 1-4, 1995",Steve Earle,Train A Comin',Winter Harvest
americana,9505,"May 1-4, 1995",Scud Mountain Boys,Dance The Night Away,Chunk
americana,9505,"May 1-4, 1995",Jason Eklund,Lost Causeway,Flying Fish
americana,9505,"May 1-4, 1995",Simon Bonney,Everyman,Mute
americana,9505,"May 1-4, 1995",(Various),"Bubbapalooza, Vol 1",Sky
americana,9505,"May 1-4, 1995",Wilco,A.M,Sire/Reprise
americana,9505,"May 1-4, 1995",(Various),Hell-Bent,Bloodshot
americana,9505,"May 1-4, 1995",Sally Timms,To The Land Of Milk & Honey,Feel Good All Over
americana,9505,"May 1-4, 1995",The McCoury Brothers,The McCoury Brothers,Rounder
americana,9505,"May 1-4, 1995",(Various),Cajun Honky Tonk,Arhoolie
americana,9505,"May 1-4, 1995",Merle Haggard,The Lonesome Fugative,Razor & Tie
americana,9505,"May 1-4, 1995",Guy Clark,Dublin Blues,Asylum
americana,9505,"May 1-4, 1995",Merle Haggard,"Same Train, A Different Track",Koch
americana,9505,"May 1-4, 1995",(Various),Pushing The Norton,Heydey
americana,9505,"May 1-4, 1995",Flat Duo Jets,Introducing,Norton
americana,9505,"May 1-4, 1995",The Forgettables,Daddy's In The Barrel House,Comstock
americana,9505,"May 1-4, 1995",Butch Hancock,Eats Away The Night,Sugar Hill
americana,9505,"May 1-4, 1995",Pine State,Hundredth Broken Heart,Friction Media
americana,9505,"May 1-4, 1995",Heather Myles,Untamed,Hightone
americana,9505,"May 1-4, 1995",(Various),Appalachian Stomp,Rhino
americana,9505,"May 1-4, 1995",Jason & The Scorchers,A Blazing Grace,Mammoth
americana,9505,"May 1-4, 1995",Kieran Kane,Dead Reckoning,Dead Reckoning
americana,9505,"May 1-4, 1995",The Cartwrights,Ponderosa Fabuloso,Big Iron
americana,9505,"May 1-4, 1995",The Jayhawks,Tomorrow The Green Grass,American
americana,9505,"May 1-4, 1995",Geraldine Fibbers,Geraldine Fibbers,Virgin
americana,9505,"May 1-4, 1995",Clarence Gatemouth Brn,The Man,Verve
americana,9505,"May 1-4, 1995",The Highwaymen,The Road Goes On Forever,Liberty
americana,9505,"May 1-4, 1995",John Prine,Lost Dogs & Mixed Blessings,Oh Boy
americana,9506,"June 5-11, 1995",(Various),Hillbilly Fever!,Rhino
americana,9506,"June 5-11, 1995",Jerry Lee Lewis,Young Blood,Sire
americana,9506,"June 5-11, 1995",Jesse Dayton,Raisin Cain,Justice
americana,9506,"June 5-11, 1995",FSK,The Sound Of Music,Flying Fish
americana,9506,"June 5-11, 1995",Scud Mountain Boys,Dance The Night Away,Chunk
americana,9506,"June 5-11, 1995",Jason Eklund,Lost Causeway,Flying Fish
americana,9506,"June 5-11, 1995",(Various),"Bubbapalooza, Vol 1",Sky
americana,9506,"June 5-11, 1995",Dale Watson,Cheatin' Heart Attack,Hightone
americana,9506,"June 5-11, 1995",Chris Gaffney,Loser's Paradise,Hightone
americana,9506,"June 5-11, 1995",Merle Haggard,The Lonesome Fugative,Razor & Tie
americana,9506,"June 5-11, 1995",Wilco,A.M,Sire/Reprise
americana,9506,"June 5-11, 1995",Moonshine Willy,Pecadores,Bloodshot
americana,9506,"June 5-11, 1995",Junior Brown,Junior High,Curb
americana,9506,"June 5-11, 1995",Dwight Yoakum,Dwight Live,Reprise
americana,9506,"June 5-11, 1995",(Various),Hell-Bent,Bloodshot
americana,9506,"June 5-11, 1995",Hank Williams,Alone And Forsaken,Mercury
americana,9506,"June 5-11, 1995",(Various),Pushing The Norton,Heydey
americana,9506,"June 5-11, 1995",Buck Owens,I've Got A Tiger By The Tail,Sundazed
americana,9506,"June 5-11, 1995",Flat Duo Jets,Introducing,Norton
americana,9506,"June 5-11, 1995",(Various),Rig Rock Truckstop,Diesel Only
americana,9506,"June 5-11, 1995",Merle Haggard,"Same Train, A Different Track",Koch
americana,9506,"June 5-11, 1995",Guy Clark,Dublin Blues,Asylum
americana,9506,"June 5-11, 1995",Buck Owens,Together Again/My Heart,Sundazed
americana,9506,"June 5-11, 1995",Simon Bonney,Everyman,Mute
americana,9506,"June 5-11, 1995",The McCoury Brothers,The McCoury Brothers,Rounder
americana,9506,"June 5-11, 1995",(Various),Cajun Honky Tonk,Arhoolie
americana,9506,"June 5-11, 1995",Peter Case,Torn Again,Vanguard
americana,9506,"June 5-11, 1995",Heather Myles,Untamed,Hightone
americana,9506,"June 5-11, 1995",Steve Earle,Train A Comin',Winter Harvest
americana,9506,"June 5-11, 1995",(Various),Rockygrass,Blue Planet
americana,9510,"October 2-8, 1995",Son Volt,Trace,Warner Bros
americana,9510,"October 2-8, 1995",Dick Curless,Traveling Through,Rounder
americana,9510,"October 2-8, 1995",Palace Music,Viva Last Blues,Drag City
americana,9510,"October 2-8, 1995",Blue Mountain,Dog Days,Roadrunner
americana,9510,"October 2-8, 1995",Freakwater,Old Paint,Thrill Jockey
americana,9510,"October 2-8, 1995",(Various),Austin Country Nights,Watermelon
americana,9510,"October 2-8, 1995",Emmylou Harris,Wrecking Ball,Elektra/Asylum
americana,9510,"October 2-8, 1995",Tarnation,Gentle Creatures,4AD
americana,9510,"October 2-8, 1995",Paul K & The Weathermen,Achilles Heel,Thirsty Ear
americana,9510,"October 2-8, 1995",The Waco Brothers,To The Last Dead Cowboy,Bloodshot
americana,9510,"October 2-8, 1995",Big Sandy & Fly-Rite B,Swingin' West,Hightone
americana,9510,"October 2-8, 1995",The Picketts,The Wicked Picketts,Rounder
americana,9510,"October 2-8, 1995",Gary Heffern,Painful Days,Glitterhouse
americana,9510,"October 2-8, 1995",Joe Ely,Letter To Laredo,MCA
americana,9510,"October 2-8, 1995",Brute,Nine High A Pallet,Capricorn
americana,9510,"October 2-8, 1995",Earl C Whitehead/Griev,Angels And Inbreds,Bloodshot
americana,9510,"October 2-8, 1995",Billy Joe Shaver,Restless Wind,Razor & Tie
americana,9510,"October 2-8, 1995",DQE,Jump On In,Making Of America
americana,9510,"October 2-8, 1995",(Various),True Sounds Of New West,Freedom
americana,9510,"October 2-8, 1995",Rosie Flores,Rockabilly Filly,Hightone
americana,9510,"October 2-8, 1995",Michael Hurley,Wolf Ways,Koch
americana,9510,"October 2-8, 1995",Tom Russell,The Rose Of San Joaquin,Hightone
americana,9510,"October 2-8, 1995",16 Horsepower,16 Horsepower,Richocet
americana,9510,"October 2-8, 1995",David Olney,"High, Wide & Lonesome",Philo
americana,9510,"October 2-8, 1995",Nashville Bluegrass Band,Unleashed,Sugar Hill
americana,9510,"October 2-8, 1995",Acetone,I Guess I Would,Vernon Yard
americana,9510,"October 2-8, 1995",Wynn Stewart,Best Of The Challenge,AVI
americana,9510,"October 2-8, 1995",Jimmy Rivers & Cherokee,Brisbane Pop,Joaquin
americana,9510,"October 2-8, 1995",Brother Boys,Presley's Grocery,Sugar Hill
americana,9510,"October 2-8, 1995",Neal Casal,Fade Away Diamond Time,Zoo
americana,9510,"October 2-8, 1995",Sonny Burgess,Hittin' The Jug,AVI
americana,9510,"October 2-8, 1995",Kris Kristofferson,A Moment Of Forever,Justice
americana,9510,"October 2-8, 1995",The Derailers,Live Tracks,Freedom
americana,9510,"October 2-8, 1995",Jim Lauderdale,Every Second Counts,Atlantic
americana,9510,"October 2-8, 1995",Billy Lee Riley,Red Hot!,AVI
americana,9510,"October 2-8, 1995",The Mavericks,Music For All Occasions,MCA
americana,9510,"October 2-8, 1995",Crop Circles,Born With A Bad Heart,Crop Circles
americana,9510,"October 2-8, 1995",Merle Haggard,Tribute To The Best Damn,Koch
americana,9510,"October 2-8, 1995",Southern Culture On The Skids,Dirt Track Date,DGC
americana,9510,"October 2-8, 1995",Jon Randall,What You Don't Know,RCA
americana,9511,"October 30-November 5, 1995",(Various),Austin Country Nights,Watermelon
americana,9511,"October 30-November 5, 1995",Old 97s,Wreck Your Life,Bloodshot
americana,9511,"October 30-November 5, 1995",Freakwater,Old Paint,Thrill Jockey
americana,9511,"October 30-November 5, 1995",Cowboy Junkies,Live Performances 1985-94,RCA
americana,9511,"October 30-November 5, 1995",Emmylou Harris,Wrecking Ball,Elektra/Asylum
americana,9511,"October 30-November 5, 1995",Tarnation,Gentle Creatures,4AD
americana,9511,"October 30-November 5, 1995",The Waco Brothers,To The Last Dead Cowboy,Bloodshot
americana,9511,"October 30-November 5, 1995",Dwight Yokum,Gone,Reprise
americana,9511,"October 30-November 5, 1995",Brute,Nine High A Pallet,Capricorn
americana,9511,"October 30-November 5, 1995",Paul K & The Weathermen,Achilles Heel,Thirsty Ear
americana,9511,"October 30-November 5, 1995",The Picketts,The Wicked Picketts,Rounder
americana,9511,"October 30-November 5, 1995",Rosie Flores,Rockabilly Filly,Hightone
americana,9511,"October 30-November 5, 1995",(Various),"Music Of Kentucky, Vol 1 & 2",Yazoo
americana,9511,"October 30-November 5, 1995",Billy Joe Shaver,Restless Wind,Razor & Tie
americana,9511,"October 30-November 5, 1995",Whiskeytown,Faithless Street,MoodFood
americana,9511,"October 30-November 5, 1995",Nashville Bluegrass Band,Unleashed,Sugar Hill
americana,9511,"October 30-November 5, 1995",The Derailers,Live Tracks,Freedom
americana,9511,"October 30-November 5, 1995",(Various),True Sounds Of New West,Freedom
americana,9511,"October 30-November 5, 1995",Merle Haggard,Tribute To The Best Damn,Koch
americana,9511,"October 30-November 5, 1995",Brother Boys,Presley's Grocery,Sugar Hill
americana,9511,"October 30-November 5, 1995",DQE,Jump On In,Making Of America
americana,9511,"October 30-November 5, 1995",Wynn Stewart,Best Of The Challenge,AVI
americana,9511,"October 30-November 5, 1995",David Olney,"High, Wide & Lonesome",Philo
americana,9511,"October 30-November 5, 1995",Jimmy Rivers & Cherokee,Brisbane Pop,Joaquin
americana,9511,"October 30-November 5, 1995",Sally Timms,It Says Here,Feel Good All Over
americana,9511,"October 30-November 5, 1995",Michael Hurley,Wolf Ways,Koch
americana,9511,"October 30-November 5, 1995",Tom Russell,The Rose Of San Joaquin,Hightone
americana,9511,"October 30-November 5, 1995",Union Springs,Next Train Headed South,Copper Creek
americana,9511,"October 30-November 5, 1995",Neal Casal,Fade Away Diamond Time,Zoo
americana,9511,"October 30-November 5, 1995",Ronnie & Rob McCoury,Ronnie & Rob McCoury,Rounder
americana,9511,"October 30-November 5, 1995",Sonny Burgess,Hittin' The Jug,AVI
americana,9511,"October 30-November 5, 1995",Big Sandy & Fly-Rite B,Swingin' West,Hightone
americana,9511,"October 30-November 5, 1995",Crop Circles,Born With A Bad Heart,Crop Circles
americana,9511,"October 30-November 5, 1995",Joe Ely,Letter To Laredo,MCA
americana,9511,"October 30-November 5, 1995",Billy Lee Riley,Red Hot!,AVI
americana,9511,"October 30-November 5, 1995",Southern Culture On The Skids,Dirt Track Date,DGC
americana,9511,"October 30-November 5, 1995",The Mavericks,Music For All Occasions,MCA
americana,9512,"December 4-10, 1995",Wayne Hancock,Thunderstorms & Neon Signs,Dejadisc
americana,9512,"December 4-10, 1995",The Schramms,Rock Paper/Walk to Delphi,ESD
americana,9512,"December 4-10, 1995",Son Volt,Trace,Warner Bros
americana,9512,"December 4-10, 1995",Ted Hawkins,Songs From Venice Beach,Evidence
americana,9512,"December 4-10, 1995",Old 97s,Wreck Your Life,Bloodshot
americana,9512,"December 4-10, 1995",Freakwater,Old Paint,Thrill Jockey
americana,9512,"December 4-10, 1995",Cowboy Junkies,Live Performances 1985-94,RCA
americana,9512,"December 4-10, 1995",(Various),Austin Country Nights,Watermelon
americana,9512,"December 4-10, 1995",Dwight Yokum,Gone,Reprise
americana,9512,"December 4-10, 1995",(Various),Troubadours Of British Folk,Rhino
americana,9512,"December 4-10, 1995",John Hiatt,Walk On,Capitol
americana,9512,"December 4-10, 1995",Emmylou Harris,Wrecking Ball,Elektra/Asylum
americana,9512,"December 4-10, 1995",Ray Condo,Swing Brother Swing,East Side
americana,9512,"December 4-10, 1995",16 Horsepower,Sackcloth 'n Ashes,A&M
americana,9512,"December 4-10, 1995",Cigar Store Indians,Cigar Store Indians,Landslide
americana,9512,"December 4-10, 1995",Rosie Flores,Rockabilly Filly,Hightone
americana,9512,"December 4-10, 1995",David Olney,"High, Wide & Lonesome",Philo
americana,9512,"December 4-10, 1995",(Various),"Music Of Kentucky, Vol 1 & 2",Yazoo
americana,9512,"December 4-10, 1995",IIIrd Tyme Out,Letter To Home,Rounder
americana,9512,"December 4-10, 1995",Whiskeytown,Faithless Street,MoodFood
americana,9512,"December 4-10, 1995",Union Springs,Next Train Headed South,Copper Creek
americana,9512,"December 4-10, 1995",Billy Joe Shaver,Restless Wind,Razor & Tie
americana,9512,"December 4-10, 1995",(Various),Hollerin',Rounder
americana,9512,"December 4-10, 1995",A Loose Confederation,Of Saturday City-States,Slow River
americana,9512,"December 4-10, 1995",James King,Lonesome and Then Some,Rounder
americana,9512,"December 4-10, 1995",Bruce Springsteen,The Ghost of Tom Joad,Columbia
americana,9512,"December 4-10, 1995",(Various),True Sounds Of New West,Freedom
americana,9512,"December 4-10, 1995",Nashville Bluegrass Band,Unleashed,Sugar Hill
americana,9512,"December 4-10, 1995",The Hangdogs,Same Old Story,Crazyhead
americana,9512,"December 4-10, 1995",Blue Mountain,Wink,Roadrunner
americana,9512,"December 4-10, 1995",Jimmy Rivers & Cherokee,Brisbane Pop,Joaquin
americana,9512,"December 4-10, 1995",Brother Boys,Presley's Grocery,Sugar Hill
americana,9512,"December 4-10, 1995",Chesapeake,Full Sail,Sugar Hill
americana,9512,"December 4-10, 1995",DQE,Jump On In,Making Of America
americana,9512,"December 4-10, 1995",Carlene Carter,Little Acts Of Treason,Giant
americana,9601,"January 1-7, 1996",The Schramms,Rock Paper/Walk to Delphi,ESD
americana,9601,"January 1-7, 1996",(Soundtrack),Dead Man Walking,Columbia
americana,9601,"January 1-7, 1996",Ted Hawkins,Songs From Venice Beach,Evidence
americana,9601,"January 1-7, 1996",Wayne Hancock,Thunderstorms & Neon Signs,Dejadisc
americana,9601,"January 1-7, 1996",(Various),Not Fade Away,Decca
americana,9601,"January 1-7, 1996",Old 97s,Wreck Your Life,Bloodshot
americana,9601,"January 1-7, 1996",(Various),Troubadours Of British Folk,Rhino
americana,9601,"January 1-7, 1996",Dwight Yokum,Gone,Reprise
americana,9601,"January 1-7, 1996",Ray Condo,Swing Brother Swing,East Side
americana,9601,"January 1-7, 1996",John Hiatt,Walk On,Capitol
americana,9601,"January 1-7, 1996",Freakwater,Old Paint,Thrill Jockey
americana,9601,"January 1-7, 1996",Faron Young,"Live Fast, Love Hard",CMF
americana,9601,"January 1-7, 1996",Cigar Store Indians,Cigar Store Indians,Landslide
americana,9601,"January 1-7, 1996",Bruce Springsteen,The Ghost of Tom Joad,Columbia
americana,9601,"January 1-7, 1996",Jean Shepard,Hony Tonk Heroine,CMF
americana,9601,"January 1-7, 1996",16 Horsepower,Sackcloth 'n Ashes,A&M
americana,9601,"January 1-7, 1996",Doc Watson,The Vanguard Years,Vanguard
americana,9601,"January 1-7, 1996",Union Springs,Next Train Headed South,Copper Creek
americana,9601,"January 1-7, 1996",Whiskeytown,Faithless Street,MoodFood
americana,9601,"January 1-7, 1996",(Various),Hollerin',Rounder
americana,9601,"January 1-7, 1996",Hangdogs,Same Old Story,Crazyhead
americana,9601,"January 1-7, 1996",(Various),"Music Of Kentucky, Vol 1 & 2",Yazoo
americana,9601,"January 1-7, 1996",A Loose Confederation,Of Saturday City-States,Slow River
americana,9601,"January 1-7, 1996",Billy Joe Shaver,Restless Wind,Razor & Tie
americana,9601,"January 1-7, 1996",Cowboy Junkies,Live Performances 1985-94,RCA
americana,9601,"January 1-7, 1996",Blue Mountain,Wink,Roadrunner
americana,9601,"January 1-7, 1996",James King,Lonesome and Then Some,Rounder
americana,9601,"January 1-7, 1996",Chesapeake,Full Sail,Sugar Hill
americana,9601,"January 1-7, 1996",Jimmy Rivers & Cherokee,Brisbane Pop,Joaquin
americana,9601,"January 1-7, 1996",David Olney,"High, Wide & Lonesome",Philo
americana,9601,"January 1-7, 1996",IIIrd Tyme Out,Letter To Home,Rounder
americana,9601,"January 1-7, 1996",Carlene Carter,Little Acts Of Treason,Giant
americana,9601,"January 1-7, 1996",Nashville Bluegrass Band,Unleashed,Sugar Hill
americana,9601,"January 1-7, 1996",(Various),True Sounds Of New West,Freedom
americana,9601,"January 1-7, 1996",Brother Boys,Presley's Grocery,Sugar Hill
americana,9602,"February 5-11, 1996",16 Horsepower,Sackcloth 'n Ashes,A&M
americana,9602,"February 5-11, 1996",(Various),Twisted Willie,Justice
americana,9602,"February 5-11, 1996",Whiskeytown,Faithless Street,MoodFood
americana,9602,"February 5-11, 1996",(Soundtrack),Dead Man Walking,Columbia
americana,9602,"February 5-11, 1996",The Schramms,Rock Paper/Walk to Delphi,ESD
americana,9602,"February 5-11, 1996",Lambchop,How I Quit Smoking,Merge
americana,9602,"February 5-11, 1996",The Buckets,The Buckets,Slow River
americana,9602,"February 5-11, 1996",Golden Smog,Down by the Old Mainstream,Rykodisc
americana,9602,"February 5-11, 1996",Jolene,Hell's Half Acre,Ardent
americana,9602,"February 5-11, 1996",Jack Logan,Mood Elevator,Medium Cool/Restless
americana,9602,"February 5-11, 1996",Jo Carol Pierce,Bad Girls Upset by the,Monkey Hill
americana,9602,"February 5-11, 1996",Jimmy Silva's Goat 5,Near the End of the Harvest,Popllama
americana,9602,"February 5-11, 1996",Dan Stuart,Can O' Worms,Monkey Hill
americana,9602,"February 5-11, 1996",Terry Allen,Human Remains,Sugar Hill
americana,9602,"February 5-11, 1996",(Various),Not Fade Away,Decca
americana,9602,"February 5-11, 1996",Volebeats,Bittersweet,Third Gear
americana,9602,"February 5-11, 1996",Buck Owens,Open Up Your Heart,Sundazed
americana,9602,"February 5-11, 1996",Giant Sand,Backyard BBQ Broadcast,Koch
americana,9602,"February 5-11, 1996",Charlie Chesterman,Studebakersfield,Slow River
americana,9602,"February 5-11, 1996",The Carter Family,When the Roses Bloom,Rounder
americana,9602,"February 5-11, 1996",Jean Shepard,Hony Tonk Heroine,CMF
americana,9602,"February 5-11, 1996",Mike Henderson,Edge of Night,Dead Reckoning
americana,9602,"February 5-11, 1996",Buck Owens,You're For Me,Sundazed
americana,9602,"February 5-11, 1996",Doc Watson,The Vanguard Years,Vanguard
americana,9602,"February 5-11, 1996",Fred Eaglesmith,Drive-In Movie,Vertical
americana,9602,"February 5-11, 1996",Buck Owens,Buck Owens,Sundazed
americana,9602,"February 5-11, 1996",The Reno Brothers,Swing West,Pinecastle
americana,9602,"February 5-11, 1996",Faron Young,"Live Fast, Love Hard",CMF
americana,9602,"February 5-11, 1996",(Various),Hollerin',Rounder
americana,9602,"February 5-11, 1996",The Carter Family,Worried Man Blues,Rounder
americana,9602,"February 5-11, 1996",Chesapeake,Full Sail,Sugar Hill
americana,9602,"February 5-11, 1996",Buck Owens,The Instramental Hits,Sundazed
americana,9602,"February 5-11, 1996",Ted Hawkins,Songs From Venice Beach,Evidence
americana,9602,"February 5-11, 1996",Cigar Store Indians,Cigar Store Indians,Landslide
americana,9602,"February 5-11, 1996",The Hangdogs,Same Old Story,Crazyhead
americana,9602,"February 5-11, 1996",IIIrd Tyme Out,Letter to Home,Rounder
americana,9602,"February 5-11, 1996",Buck Owens,Roll Out the Red Carpet,Sundazed
americana,9602,"February 5-11, 1996",Bruce Springsteen,The Ghost of Tom Joad,Columbia
americana,9602,"February 5-11, 1996",John Hiatt,Walk On,Capitol
americana,9602,"February 5-11, 1996",James King,Lonesome and Then Some,Rounder
americana,9603,"March 4-10, 1996",Steve Earle,I Feel Alright,Warner Bros
americana,9603,"March 4-10, 1996",Nick Cave,Murder Ballads,Reprise
americana,9603,"March 4-10, 1996",16 Horsepower,Sackcloth 'n Ashes,A&M
americana,9603,"March 4-10, 1996",Whiskeytown,Faithless Street,MoodFood
americana,9603,"March 4-10, 1996",(Soundtrack),Dead Man Walking,Columbia
americana,9603,"March 4-10, 1996",(Various),Twisted Willie,Justice
americana,9603,"March 4-10, 1996",The Derailers,Jackpot,Watermelon
americana,9603,"March 4-10, 1996",Ronnie Dawson,Rockinitis,Crystal Clear
americana,9603,"March 4-10, 1996",The Buckets,The Buckets,Slow River
americana,9603,"March 4-10, 1996",Jolene,Hell's Half Acre,Ardent
americana,9603,"March 4-10, 1996",Lambchop,How I Quit Smoking,Merge
americana,9603,"March 4-10, 1996",Taj Mahal,Phantom Blues,Private
americana,9603,"March 4-10, 1996",Jack Logan,Mood Elevator,Medium Cool/Restless
americana,9603,"March 4-10, 1996",Golden Smog,Down by the Old Mainstream,Rykodisc
americana,9603,"March 4-10, 1996",Terry Allen,Human Remains,Sugar Hill
americana,9603,"March 4-10, 1996",Jo Carol Pierce,Bad Girls Upset by the,Monkey Hill
americana,9603,"March 4-10, 1996",Dan Stuart,Can O' Worms,Monkey Hill
americana,9603,"March 4-10, 1996",The Starkweathers,Do Yo Like To Be Lied To?,Sub Pop
americana,9603,"March 4-10, 1996",(Various),Cattle Call,Rounder
americana,9603,"March 4-10, 1996",Old 97s,Cryin' Drunk,Bloodshot
americana,9603,"March 4-10, 1996",The Carter Family,When the Roses Bloom,Rounder
americana,9603,"March 4-10, 1996",Rex,Waltz,Southern
americana,9603,"March 4-10, 1996",Buck Owens,You're For Me,Sundazed
americana,9603,"March 4-10, 1996",Spain,Funny How Time Slips,Bite The Kitty
americana,9603,"March 4-10, 1996",Giant Sand,Backyard BBQ Broadcast,Koch
americana,9603,"March 4-10, 1996",Buck Owens,Buck Owens,Sundazed
americana,9603,"March 4-10, 1996",Charlie Chesterman,Studebakersfield,Slow River
americana,9603,"March 4-10, 1996",Merle Haggard,1996,Curb
americana,9603,"March 4-10, 1996",Lynn Morris,Mama's Hand,Rounder
americana,9603,"March 4-10, 1996",Jimmy Silva's Goat 5,Near the End of the Harvest,Popllama
americana,9603,"March 4-10, 1996",The Carter Family,Worried Man Blues,Rounder
americana,9603,"March 4-10, 1996",Mandy Barnett,Mandy Barnett,Giant
americana,9603,"March 4-10, 1996",Buck Owens,The Instrumental Hits,Sundazed
americana,9603,"March 4-10, 1996",(Various),Don't Fence Me In,Rounder
americana,9603,"March 4-10, 1996",Buck Owens,Roll Out the Red Carpet,Sundazed
americana,9603,"March 4-10, 1996",Doc Watson,The Vanguard Years,Vanguard
americana,9603,"March 4-10, 1996",Volebeats,Bittersweet,Third Gear
americana,9603,"March 4-10, 1996",Mike Henderson,Edge of Night,Dead Reckoning
americana,9603,"March 4-10, 1996",Buck Owens,Open Up Your Heart,Sundazed
americana,9603,"March 4-10, 1996",Fred Eaglesmith,Drive-In Movie,Vertical
americana,9604,"April 1-7, 1996",Los Lobos,Colossal Head,Warner Bros
americana,9604,"April 1-7, 1996",Scud Mountain Boys,Massachusetts,Sub Pop
americana,9604,"April 1-7, 1996",Steve Earle,I Feel Alright,Warner Bros
americana,9604,"April 1-7, 1996",Nick Cave,Murder Ballads,Reprise
americana,9604,"April 1-7, 1996",16 Horsepower,Sackcloth 'n Ashes,A&M
americana,9604,"April 1-7, 1996",The Derailers,Jackpot,Watermelon
americana,9604,"April 1-7, 1996",The Dave & Deke Combo,Hollywood Barn Dance,Heydey
americana,9604,"April 1-7, 1996",Don Walser,Texas Top Hand,Watermelon
americana,9604,"April 1-7, 1996",Robert Earl Keen,No. 2 Live Dinner,Sugar Hill
americana,9604,"April 1-7, 1996",The Honeydogs,"Everything, I Bet You",October
americana,9604,"April 1-7, 1996",Ronnie Dawson,Rockinitis,Crystal Clear
americana,9604,"April 1-7, 1996",Jolene,Hell's Half Acre,Ardent
americana,9604,"April 1-7, 1996",Lambchop,How I Quit Smoking,Merge
americana,9604,"April 1-7, 1996",Joe Henry,Trampoline,Mammoth
americana,9604,"April 1-7, 1996",Bill Kirchen,"Have Love, Will Travel",Black Top
americana,9604,"April 1-7, 1996",Taj Mahal,Phantom Blues,Private
americana,9604,"April 1-7, 1996",The Buckets,The Buckets,Slow River
americana,9604,"April 1-7, 1996",Terry Allen,Human Remains,Sugar Hill
americana,9604,"April 1-7, 1996",Woody Guthrie,Ballads of Sacco & Vanzetti,Smithsonian/Folkways
americana,9604,"April 1-7, 1996",Rex,Waltz,Southern
americana,9604,"April 1-7, 1996",(Various),Don't Fence Me In,Rounder
americana,9604,"April 1-7, 1996",The Starkweathers,Do Yo Like To Be Lied To?,Sub Pop
americana,9604,"April 1-7, 1996",Old 97s,Cryin' Drunk,Bloodshot
americana,9604,"April 1-7, 1996",Lead Belly,Where Did U Sleep Last Night,Smithsonian/Folkways
americana,9604,"April 1-7, 1996",Spain,Funny How Time Slips,Bite The Kitty
americana,9604,"April 1-7, 1996",(Various),Cattle Call,Rounder
americana,9604,"April 1-7, 1996",Mike Henderson,Edge of Night,Dead Reckoning
americana,9604,"April 1-7, 1996",Buck Owens,You're For Me,Sundazed
americana,9604,"April 1-7, 1996",(Various),Stampede!,Rounder
americana,9604,"April 1-7, 1996",Lynn Morris,Mama's Hand,Rounder
americana,9604,"April 1-7, 1996",Merle Haggard,1996,Curb
americana,9604,"April 1-7, 1996",Giant Sand,Backyard BBQ Broadcast,Koch
americana,9604,"April 1-7, 1996",Buck Owens,Buck Owens,Sundazed
americana,9604,"April 1-7, 1996",Fred Eaglesmith,Drive-In Movie,Vertical
americana,9604,"April 1-7, 1996",Dan Stuart,Can O' Worms,Monkey Hill
americana,9604,"April 1-7, 1996",Greg Trooper,Noises In The Hallway,D'Ville
americana,9604,"April 1-7, 1996",Buck Owens,Open Up Your Heart,Sundazed
americana,9604,"April 1-7, 1996",Whiskeytown,Faithless Street,MoodFood
americana,9604,"April 1-7, 1996",The Band,High On The Hog,Pyramid
americana,9604,"April 1-7, 1996",Mandy Barnett,Mandy Barnett,Giant
americana,9608,"July 29-August 4, 1996",Squirrel Nut Zippers,Hot,Mammoth
americana,9608,"July 29-August 4, 1996",Ronnie Dawson,Just Rockin' & Rollin',Upstart
americana,9608,"July 29-August 4, 1996",Jimmie Dale Gilmore,Braver New World,Elektra
americana,9608,"July 29-August 4, 1996",Robbie Fulks,Country Love Songs,Bloodshot
americana,9608,"July 29-August 4, 1996",Red House Painters,Songs For a Blue Guitar,Supreme/Island
americana,9608,"July 29-August 4, 1996",Reverend Horton Heat,It's Martini Time,Interscope
americana,9608,"July 29-August 4, 1996",Rico Bell,The Return Of Rico Bell,Bloodshot
americana,9608,"July 29-August 4, 1996",Sleepy LaBeef,I'll Never Lay My Guitar,Rounder
americana,9608,"July 29-August 4, 1996",Junior Brown,Semi Crazy,Curb
americana,9608,"July 29-August 4, 1996",Sonny Burgess,Sonny Burgess,Rounder
americana,9608,"July 29-August 4, 1996",Shaver,Highway Of Life,Justice
americana,9608,"July 29-August 4, 1996",Tim O'Brien,Red On Blonde,Sugar Hill
americana,9608,"July 29-August 4, 1996",Ray Condo,Swing Brother Swing,Joaquin
americana,9608,"July 29-August 4, 1996",Flaco Jimenez,"Buena Suerte, Senorita",Arista Texas
americana,9608,"July 29-August 4, 1996",C Hillman/H Peterson,Bakersfield Bound,Sugar Hill
americana,9608,"July 29-August 4, 1996",Country Dick Montana,The Devil Lied To Me,Bar/None
americana,9608,"July 29-August 4, 1996",(Soundtrack),Lone Star,Daring
americana,9608,"July 29-August 4, 1996",Doo Rag,What We Do,Dependability
americana,9608,"July 29-August 4, 1996",Lyle Lovett,The Road To Ensenada,Curb/MCA
americana,9608,"July 29-August 4, 1996",Al Berard & Basin Bros,Dans La Louisiane,Rounder
americana,9608,"July 29-August 4, 1996",The Cox Family,Just When You're Thinking,Asylum
americana,9608,"July 29-August 4, 1996",Ween,12 Golden Country Greats,Elektra
americana,9608,"July 29-August 4, 1996",(Various),Crossroads:Southern Roads,Smithsonian Folkways
americana,9608,"July 29-August 4, 1996",Willie Nelson,Spirit,Island
americana,9608,"July 29-August 4, 1996",Scott Joss,Souvenirs,Little Dog
americana,9608,"July 29-August 4, 1996",Wagon,No Kinder Room,Hightone
americana,9608,"July 29-August 4, 1996",Rosie Flores,A Honky Tonk Reprise,Rounder
americana,9608,"July 29-August 4, 1996",Waylon Jennings,Right For The Time,Justice
americana,9608,"July 29-August 4, 1996",Lambchop,Hank,Merge
americana,9608,"July 29-August 4, 1996",Texas Tornadoes,4 Aces,Reprise
americana,9608,"July 29-August 4, 1996",Psychograss,Like Minds,Sugar Hill
americana,9608,"July 29-August 4, 1996",Dale Watson,Blessed Or Damned,Hightone
americana,9608,"July 29-August 4, 1996",The Iguanas,Super Ball,Margaritaville
americana,9608,"July 29-August 4, 1996",Doc & Merle Watson,Watson Country,Flying Fish
americana,9608,"July 29-August 4, 1996",Flat Duo Jets,Red Tango,Norton
americana,9608,"July 29-August 4, 1996",Jerry Douglas/P Rowan,Yonder,Sugar Hill
americana,9608,"July 29-August 4, 1996",Kelly Willis,Fading Fast,A & M
americana,9608,"July 29-August 4, 1996",Go To Blazes,Waiting Around For You,ESD
americana,9608,"July 29-August 4, 1996",Alvin Youngblood Hart,Big Mama's Door,OKeh/550
americana,9608,"July 29-August 4, 1996",Tammy Rogers,Tammy Rogers,Dead Reckoning
americana,9609,"September 2-8, 1996",The Picketts,Euphonium,Rounder
americana,9609,"September 2-8, 1996",Squirrel Nut Zippers,Hot,Mammoth
americana,9609,"September 2-8, 1996",The V-roys,Just Add Ice,E Squared
americana,9609,"September 2-8, 1996",File,La Vie Marron,Green Linnet
americana,9609,"September 2-8, 1996",High Noon,Stranger Things,Watermelon
americana,9609,"September 2-8, 1996",Beau Jocque,Gonna Take You Downtown,Rounder
americana,9609,"September 2-8, 1996",Red House Painters,Songs For a Blue Guitar,Supreme/Island
americana,9609,"September 2-8, 1996",Robbie Fulks,Country Love Songs,Bloodshot
americana,9609,"September 2-8, 1996",Jim Lauderdale,Persimmons,Upstart
americana,9609,"September 2-8, 1996",The Cornell Hurd Band,Cool & Unusual Punishment,Behemoth
americana,9609,"September 2-8, 1996",Al Berard & Basin Bros,Dans La Louisiane,Rounder
americana,9609,"September 2-8, 1996",Rico Bell,The Return Of Rico Bell,Bloodshot
americana,9609,"September 2-8, 1996",Reverend Horton Heat,It's Martini Time,Interscope
americana,9609,"September 2-8, 1996",Shaver,Highway Of Life,Justice
americana,9609,"September 2-8, 1996",Jimmie Dale Gilmore,Braver New World,Elektra
americana,9609,"September 2-8, 1996",Sleepy LaBeef,I'll Never Lay My Guitar Down,Rounder
americana,9609,"September 2-8, 1996",Sonny Burgess,Sonny Burgess,Rounder
americana,9609,"September 2-8, 1996",Tim O'Brien,Red On Blonde,Sugar Hill
americana,9609,"September 2-8, 1996",Rosie Flores,A Honky Tonk Reprise,Rounder
americana,9609,"September 2-8, 1996",(Various),Crossroads:Southern Roads,Smithsonian Folkways
americana,9609,"September 2-8, 1996",Dave Alvin,Interstate City,Hightone
americana,9609,"September 2-8, 1996",Country Dick Montana,The Devil Lied To Me,Bar/None
americana,9609,"September 2-8, 1996",Blue Highway,Wind To The West,Rebel
americana,9609,"September 2-8, 1996",Lyle Lovett,The Road To Ensenada,Curb/MCA
americana,9609,"September 2-8, 1996",Ween,12 Golden Country Greats,Elektra
americana,9609,"September 2-8, 1996",Larry Sparks,Blue Mountain Memories,Rebel
americana,9609,"September 2-8, 1996",Texas Tornadoes,4 Aces,Reprise
americana,9609,"September 2-8, 1996",Doo Rag,What We Do,Dependability
americana,9609,"September 2-8, 1996",(Soundtrack),Lone Star,Daring
americana,9609,"September 2-8, 1996",Lou Reid & Carolina,Lou Reid & Carolina,Rebel
americana,9609,"September 2-8, 1996",Johnny Rodriguez,You Can Say That Again,Hightone
americana,9609,"September 2-8, 1996",The Cox Family,Just When You're Thinking,Asylum
americana,9609,"September 2-8, 1996",(Various),Drink Up & Go Home!,AVI
americana,9609,"September 2-8, 1996",Scott Joss,Souvenirs,Little Dog
americana,9609,"September 2-8, 1996",Wagon,No Kinder Room,Hightone
americana,9609,"September 2-8, 1996",Willie Nelson,Spirit,Island
americana,9609,"September 2-8, 1996",Ray Condo,Swing Brother Swing,Joaquin
americana,9609,"September 2-8, 1996",Lambchop,Hank,Merge
americana,9609,"September 2-8, 1996",Psychograss,Like Minds,Sugar Hill
americana,9609,"September 2-8, 1996",Salamander Crossing,Passion Train,Signature Sounds
americana,9610,"September 30-October 6, 1996",(Various),Rig Rock Deluxe,Upstart
americana,9610,"September 30-October 6, 1996",(Various),Nashville: The Other Side,Bloodshot
americana,9610,"September 30-October 6, 1996",The Del McCoury Band,The Cold Hard Facts,Rounder
americana,9610,"September 30-October 6, 1996",The Picketts,Euphonium,Rounder
americana,9610,"September 30-October 6, 1996",Beau Jocque,Gonna Take You Downtown,Rounder
americana,9610,"September 30-October 6, 1996",Madeleine Peyroux,Dreamland,Atlantic
americana,9610,"September 30-October 6, 1996",BR5-49,BR5-49,Arista
americana,9610,"September 30-October 6, 1996",High Noon,Stranger Things,Watermelon
americana,9610,"September 30-October 6, 1996",A Bullet For Fidel,Cold Before Morning,Scat
americana,9610,"September 30-October 6, 1996",File,La Vie Marron,Green Linnet
americana,9610,"September 30-October 6, 1996",Richmond Fontaine,Safety,Cravedog
americana,9610,"September 30-October 6, 1996",The V-roys,Just Add Ice,E Squared
americana,9610,"September 30-October 6, 1996",Red House Painters,Songs For a Blue Guitar,Supreme/Island
americana,9610,"September 30-October 6, 1996",The Cornell Hurd Band,Cool & Unusual Punishment,Behemoth
americana,9610,"September 30-October 6, 1996",Jim Lauderdale,Persimmons,Upstart
americana,9610,"September 30-October 6, 1996",Shaver,Highway Of Life,Justice
americana,9610,"September 30-October 6, 1996",Robbie Fulks,Country Love Songs,Bloodshot
americana,9610,"September 30-October 6, 1996",Slobberbone,Crow Pot Pie,Doolittle
americana,9610,"September 30-October 6, 1996",Graham Parker,Acid Bubblegum,Razor & Tie
americana,9610,"September 30-October 6, 1996",(Various),Drink Up & Go Home!,AVI
americana,9610,"September 30-October 6, 1996",Terry Lee Hale,Leaving West,Glitterhouse
americana,9610,"September 30-October 6, 1996",(Various),American Songbook,Volume
americana,9610,"September 30-October 6, 1996",Country Dick Montana,The Devil Lied To Me,Bar/None
americana,9610,"September 30-October 6, 1996",Dave Alvin,Interstate City,Hightone
americana,9610,"September 30-October 6, 1996",Barbara Lamb,Tonight I Feel Like Texas,Sugar Hill
americana,9610,"September 30-October 6, 1996",Al Anderson,Pay Before You Pump,Imprint
americana,9610,"September 30-October 6, 1996",Charlie Louvin,The Longest Train,Watermelon
americana,9610,"September 30-October 6, 1996",Angry Johnny/Killbilly,Hankenstein,Tar Hut
americana,9610,"September 30-October 6, 1996",Steve Forbert,Rocking Horse Head,Paladin/Revolution
americana,9610,"September 30-October 6, 1996",(Various),Crossroads:Southern Roads,Smithsonian Folkways
americana,9610,"September 30-October 6, 1996",Lou Reid & Carolina,Lou Reid & Carolina,Rebel
americana,9610,"September 30-October 6, 1996",The Seldom Scene,Dream Scene,Sugar Hill
americana,9610,"September 30-October 6, 1996",Peter Rowan,Bluegrass Boy,Sugar Hill
americana,9610,"September 30-October 6, 1996",George Jones,I Lived To Tell It All,MCA
americana,9610,"September 30-October 6, 1996",Larry Sparks,Blue Mountain Memories,Rebel
americana,9610,"September 30-October 6, 1996",The Cox Family,Just When You're Thinking,Asylum
americana,9610,"September 30-October 6, 1996",Johnny Rodriguez,You Can Say That Again,Hightone
americana,9610,"September 30-October 6, 1996",Blue Highway,Wind To The West,Rebel
americana,9610,"September 30-October 6, 1996",Salamander Crossing,Passion Train,Signature Sounds
americana,9610,"September 30-October 6, 1996",Jeff White,The White Album,Rounder
americana,9611,"October 28-November 3, 1996",Madeleine Peyroux,Dreamland,Atlantic
americana,9611,"October 28-November 3, 1996",The Del McCoury Band,The Cold Hard Facts,Rounder
americana,9611,"October 28-November 3, 1996",The Walkabouts,Devil's Road,Virgin Schallplatten
americana,9611,"October 28-November 3, 1996",(Various),Nashville: The Other Side,Bloodshot
americana,9611,"October 28-November 3, 1996",Wilco,Being There,Reprise
americana,9611,"October 28-November 3, 1996",(Various),Rig Rock Deluxe,Upstart
americana,9611,"October 28-November 3, 1996",The Picketts,Euphonium,Rounder
americana,9611,"October 28-November 3, 1996",Guy Davis,Call Down The Thunder,Red House
americana,9611,"October 28-November 3, 1996",Mike Henderson,First Blood,Dead Reckoning
americana,9611,"October 28-November 3, 1996",Iris DeMent,The Way I Should,Warner Bros
americana,9611,"October 28-November 3, 1996",The Silver Jews,The Natural Bridge,Drag City
americana,9611,"October 28-November 3, 1996",Jason & The Scorchers,Clear Impetuous Morning,Mammoth /Atlantic
americana,9611,"October 28-November 3, 1996",Michelle Shocked,Kind Hearted Woman,Private
americana,9611,"October 28-November 3, 1996",A Bullet For Fidel,Cold Before Morning,Scat
americana,9611,"October 28-November 3, 1996",BR5-49,BR5-49,Arista
americana,9611,"October 28-November 3, 1996",High Noon,Stranger Things,Watermelon
americana,9611,"October 28-November 3, 1996",Richmond Fontaine,Safety,Cravedog
americana,9611,"October 28-November 3, 1996",Moonshine Willy,Bold Display Of Imperfection,Bloodshot
americana,9611,"October 28-November 3, 1996",Six String Drag,Six String Drag,Fundamental
americana,9611,"October 28-November 3, 1996",(Various),True Life Blues,Sugar Hill
americana,9611,"October 28-November 3, 1996",Graham Parker,Acid Bubblegum,Razor & Tie
americana,9611,"October 28-November 3, 1996",(Various),American Songbook,Volume
americana,9611,"October 28-November 3, 1996",Slobberbone,Crow Pot Pie,Doolittle
americana,9611,"October 28-November 3, 1996",Long Black Train,Arguments For Drinking,Dedicated
americana,9611,"October 28-November 3, 1996",Amy Rigby,Dairy Of A Mod Housewife,Koch
americana,9611,"October 28-November 3, 1996",Barbara Lamb,Tonight I Feel Like Texas,Sugar Hill
americana,9611,"October 28-November 3, 1996",Terry Lee Hale,Leaving West,Glitterhouse
americana,9611,"October 28-November 3, 1996",Balfa Toujours,Deux Voyages,Rounder
americana,9611,"October 28-November 3, 1996",Al Anderson,Pay Before You Pump,Imprint
americana,9611,"October 28-November 3, 1996",(Various),When I Was A Cowboy,Yazoo
americana,9611,"October 28-November 3, 1996",Kate McKenzie,Age Of Innocence,Red House
americana,9611,"October 28-November 3, 1996",Johnny Paycheck,The Real Mr Heartache,CMF
americana,9611,"October 28-November 3, 1996",Charlie Louvin,The Longest Train,Watermelon
americana,9611,"October 28-November 3, 1996",Kathy Robertson,At The Cantina,Kathy Robertson
americana,9611,"October 28-November 3, 1996",Greg Brown,Further In,Red House
americana,9611,"October 28-November 3, 1996",Beth & April Stevens,Sisters,Rounder
americana,9611,"October 28-November 3, 1996",Riders In The Sky,Public Cowboy #1,Rounder
americana,9611,"October 28-November 3, 1996",Peter Rowan,Bluegrass Boy,Sugar Hill
americana,9611,"October 28-November 3, 1996",Angry Johnny/Killbilly,Hankenstein,Tar Hut
americana,9611,"October 28-November 3, 1996",George Jones,I Lived To Tell It All,MCA
americana,9612,"December 2-8, 1996",Johnny Cash,Unchained,American
americana,9612,"December 2-8, 1996",Wilco,Being There,Reprise
americana,9612,"December 2-8, 1996",The Walkabouts,Devil's Road,Virgin Schallplatten
americana,9612,"December 2-8, 1996",Madeleine Peyroux,Dreamland,Atlantic
americana,9612,"December 2-8, 1996",The Del McCoury Band,The Cold Hard Facts,Rounder
americana,9612,"December 2-8, 1996",Vic Chesnutt,About To Choke,Capitol
americana,9612,"December 2-8, 1996",John P Strom & The Hello Strangers,Caledonia,Flat Earth
americana,9612,"December 2-8, 1996",Iris DeMent,The Way I Should,Warner Bros
americana,9612,"December 2-8, 1996",Guy Davis,Call Down The Thunder,Red House
americana,9612,"December 2-8, 1996",Mike Henderson,First Blood,Dead Reckoning
americana,9612,"December 2-8, 1996",Jason & The Scorchers,Clear Impetuous Morning,Mammoth/Atlantic
americana,9612,"December 2-8, 1996",The Silver Jews,The Natural Bridge,Drag City
americana,9612,"December 2-8, 1996",The Gourds,Dems Good Beeble,Munich
americana,9612,"December 2-8, 1996",Michelle Shocked,Kind Hearted Woman,Private
americana,9612,"December 2-8, 1996",(Various),True Life Blues,Sugar Hill
americana,9612,"December 2-8, 1996",Gerald Collier,I Had To Laugh Like Hell,C/Z
americana,9612,"December 2-8, 1996",Long Black Train,Arguments For Drinking,Dedicated
americana,9612,"December 2-8, 1996",Ray Campi,Perpetual Stomp,Lost Episode
americana,9612,"December 2-8, 1996",Balfa Toujours,Deux Voyages,Rounder
americana,9612,"December 2-8, 1996",Six String Drag,Six String Drag,Fundamental
americana,9612,"December 2-8, 1996",The Backsliders,"From Raleigh, North Carolina",Mammoth
americana,9612,"December 2-8, 1996",Roy Heinrich,Listen To Your Heart,Stockade
americana,9612,"December 2-8, 1996",(Various),American Songbook,Volume
americana,9612,"December 2-8, 1996",Savoy-Smith Cajun Band,Now And Then,Arhoolie
americana,9612,"December 2-8, 1996",Moonshine Willy,Bold Display Of Imperfection,Bloodshot
americana,9612,"December 2-8, 1996",Birddog,Killer,Undercover
americana,9612,"December 2-8, 1996",Amy Rigby,Dairy Of A Mod Housewife,Koch
americana,9612,"December 2-8, 1996",Jack Ingram,Live At Adair',Rising Tide
americana,9612,"December 2-8, 1996",Slobberbone,Crow Pot Pie,Doolittle
americana,9612,"December 2-8, 1996",Maddox Brothers & Rose,On The Air,Arhoolie
americana,9612,"December 2-8, 1996",Graham Parker,Acid Bubblegum,Razor & Tie
americana,9612,"December 2-8, 1996",A Bullet For Fidel,Cold Before Morning,Scat
americana,9612,"December 2-8, 1996",Kathy Robertson,At The Cantina,Kathy Robertson
americana,9612,"December 2-8, 1996",Beth & April Stevens,Sisters,Rounder
americana,9612,"December 2-8, 1996",Johnny Paycheck,The Real Mr Heartache,CMF
americana,9612,"December 2-8, 1996",Cliff Carlisle,Blues Yodeler,Arhoolie
americana,9612,"December 2-8, 1996",Kate McKenzie,Age Of Innocence,Red House
americana,9612,"December 2-8, 1996",Riders In The Sky,Public Cowboy #1,Rounder
americana,9612,"December 2-8, 1996",(Various),When I Was A Cowboy,Yazoo
americana,9612,"December 2-8, 1996",Scroat Belly,Daddy's Farm,Bloodshot
americana,9701,"December 30-January 5, 1997",Johnny Cash,Unchained,American
americana,9701,"December 30-January 5, 1997",Wilco,Being There,Reprise
americana,9701,"December 30-January 5, 1997",The Walkabouts,Devil's Road,Virgin Schallplatten
americana,9701,"December 30-January 5, 1997",Gerald Collier,I Had To Laugh Like Hell,C/Z
americana,9701,"December 30-January 5, 1997",The Gourds,Dems Good Beeble,Munich
americana,9701,"December 30-January 5, 1997",Billy Jack Wills,B J Wills & His Western Swing Band,Joaquin
americana,9701,"December 30-January 5, 1997",Vic Chesnutt,About To Choke,Capitol
americana,9701,"December 30-January 5, 1997",Guy Davis,Call Down The Thunder,Red House
americana,9701,"December 30-January 5, 1997",John P Strohm & The Hello Strangers,Caledonia,Flat Earth
americana,9701,"December 30-January 5, 1997",Iris DeMent,The Way I Should,Warner Bros
americana,9701,"December 30-January 5, 1997",Mike Henderson,First Blood,Dead Reckoning
americana,9701,"December 30-January 5, 1997",Jason & The Scorchers,Clear Impetuous Morning,Mammoth/Atlantic
americana,9701,"December 30-January 5, 1997",The Silver Jews,The Natural Bridge,Drag City
americana,9701,"December 30-January 5, 1997",Michelle Shocked,Kind Hearted Woman,Private
americana,9701,"December 30-January 5, 1997",(Various),True Life Blues,Sugar Hill
americana,9701,"December 30-January 5, 1997",Long Black Train,Arguments For Drinking,Dedicated
americana,9701,"December 30-January 5, 1997",Balfa Toujours,Deux Voyages,Rounder
americana,9701,"December 30-January 5, 1997",(Various),Singing The American Roots,Riverside
americana,9701,"December 30-January 5, 1997",The Backsliders,"From Raleigh, North Carolina",Mammoth
americana,9701,"December 30-January 5, 1997",Kaz Murphy,One Happy Camper,Liquid City
americana,9701,"December 30-January 5, 1997",Birddog,Killer,Undercover
americana,9701,"December 30-January 5, 1997",Savoy-Smith Cajun Band,Now And Then,Arhoolie
americana,9701,"December 30-January 5, 1997",Ray Campi,Perpetual Stomp,Lost Episode
americana,9701,"December 30-January 5, 1997",Roy Heinrich,Listen To Your Heart,Stockade
americana,9701,"December 30-January 5, 1997",One Riot One Ranger,Faces Made For Radio,Fundamental
americana,9701,"December 30-January 5, 1997",Amy Rigby,Dairy Of A Mod Housewife,Koch
americana,9701,"December 30-January 5, 1997",Six String Drag,Six String Drag,Fundamental
americana,9701,"December 30-January 5, 1997",Jack Ingram,Live At Adair',Rising Tide
americana,9701,"December 30-January 5, 1997",Hank Cochran/B.D. Burns,Desperate Men,Small Dog-A-Bar
americana,9701,"December 30-January 5, 1997",Moonshine Willy,Bold Display Of Imperfection,Bloodshot
americana,9701,"December 30-January 5, 1997",Cliff Carlisle,Blues Yodeler,Arhoolie
americana,9701,"December 30-January 5, 1997",Madeleine Peyroux,Dreamland,Atlantic
americana,9701,"December 30-January 5, 1997",Kathy Robertson,At The Cantina,Kathy Robertson
americana,9701,"December 30-January 5, 1997",Beth & April Stevens,Sisters,Rounder
americana,9701,"December 30-January 5, 1997",(Various),When I Was A Cowboy,Yazoo
americana,9701,"December 30-January 5, 1997",Kate McKenzie,Age Of Innocence,Red House
americana,9701,"December 30-January 5, 1997",Maddox Brothers & Rose,On The Air,Arhoolie
americana,9701,"December 30-January 5, 1997",Scroat Belly,Daddy's Farm,Bloodshot
americana,9701,"December 30-January 5, 1997",Johnny Paycheck,The Real Mr Heartache,CMF
americana,9701,"December 30-January 5, 1997",Riders In The Sky,Public Cowboy #1,Rounder
americana,9702,"February 3-9, 1997",Townes Van Zandt,Rear View Mirror,Sugar Hill
americana,9702,"February 3-9, 1997",Johnny Cash,Unchained,American
americana,9702,"February 3-9, 1997",Beausoliel,L'Amour Ou La Folie,Rhino
americana,9702,"February 3-9, 1997",Waco Brothers,Cowboy's In Flames,Bloodshot
americana,9702,"February 3-9, 1997",(Various),Out Of The Gate Again,BJam
americana,9702,"February 3-9, 1997",Billy Jack Wills,B J Wills & His Western Swing Band,Joaquin
americana,9702,"February 3-9, 1997",The Gourds,Dems Good Beeble,Munich
americana,9702,"February 3-9, 1997",John P Strohm & The Hello Strangers,Caledonia,Flat Earth
americana,9702,"February 3-9, 1997",Gerald Collier,I Had To Laugh Like Hell,C/Z
americana,9702,"February 3-9, 1997",Vic Chesnutt,About To Choke,Capitol
americana,9702,"February 3-9, 1997",Guy Davis,Call Down The Thunder,Red House
americana,9702,"February 3-9, 1997",(Various),True Life Blues,Sugar Hill
americana,9702,"February 3-9, 1997",Asylum Street Spankers,Spanks For The Memories,Watermelon
americana,9702,"February 3-9, 1997",Boozoo Chavis,Hey Do Right!,Antone's / Discovery
americana,9702,"February 3-9, 1997",Ray Campi,Perpetual Stomp,Lost Episode
americana,9702,"February 3-9, 1997",Belle Star,Far As The Wind Blows,BJam
americana,9702,"February 3-9, 1997",One Riot One Ranger,Faces Made For Radio,Fundamental
americana,9702,"February 3-9, 1997",Chris Smither,Small Revelations,Hightone
americana,9702,"February 3-9, 1997",Rosie Flores & Ray Campi,A Little Bit Of Heartache,Watermelon
americana,9702,"February 3-9, 1997",Pernice Brothers,Jimmy Coma/Monkey Suit,Sub Pop
americana,9702,"February 3-9, 1997",Roy Heinrich,Listen To Your Heart,Stockade
americana,9702,"February 3-9, 1997",Birddog,Killer,Undercover
americana,9702,"February 3-9, 1997",Kaz Murphy,One Happy Camper,Liquid City
americana,9702,"February 3-9, 1997",(Various),Singing The American Roots,Riverside
americana,9702,"February 3-9, 1997",The Buck-Fifty Boys,The Buck-Fifty Boys,Tec-Tonic
americana,9702,"February 3-9, 1997",Savoy-Smith Cajun Band,Now And Then,Arhoolie
americana,9702,"February 3-9, 1997",Long Black Train,Arguments For Drinking,Dedicated
americana,9702,"February 3-9, 1997",Vern Williams Band,Bluegrass From The Gold Coast,Rounder
americana,9702,"February 3-9, 1997",The Backsliders,"From Raleigh, North Carolina",Mammoth
americana,9702,"February 3-9, 1997",(Various),When I Was A Cowboy,Yazoo
americana,9702,"February 3-9, 1997",Cliff Carlisle,Blues Yodeler,Arhoolie
americana,9702,"February 3-9, 1997",Balfa Toujours,Deux Voyages,Rounder
americana,9702,"February 3-9, 1997",Hank Cochran/B.D. Burns,Desperate Men,Small Dog-A-Bar
americana,9702,"February 3-9, 1997",Jack Ingram,Live At Adair',Rising Tide
americana,9702,"February 3-9, 1997",Kathy Robertson,At The Cantina,Kathy Robertson
americana,9702,"February 3-9, 1997",Scroat Belly,Daddy's Farm,Bloodshot
americana,9702,"February 3-9, 1997",Wilco,Being There,Reprise
americana,9702,"February 3-9, 1997",Maddox Brothers & Rose,On The Air,Arhoolie
americana,9702,"February 3-9, 1997",The Walkabouts,Devil's Road,Virgin Schallplatten
americana,9702,"February 3-9, 1997","Rice, Rice, Hillman, Pedersen",Desperate Men,Rounder
americana,9706,"June 2-8, 1997",Edith Frost,Calling Over Time,Drag City
americana,9706,"June 2-8, 1997",Tarnation,Mirador,Reprise
americana,9706,"June 2-8, 1997",Son Volt,Straightaways,Warner Bros
americana,9706,"June 2-8, 1997",Corey Harris,Fish Ain't Bitin',Alligator
americana,9706,"June 2-8, 1997",Travis County Pickin',Travis County Pickin',Hightone
americana,9706,"June 2-8, 1997",Golden Delicious,Old School,Cavity Search
americana,9706,"June 2-8, 1997",Bill Frisell,Nashville,Nonesuch
americana,9706,"June 2-8, 1997",Jo-El Sonnier,Cajun Pride,Rounder
americana,9706,"June 2-8, 1997",Volebeats,Sky And The Ocean,Safe House
americana,9706,"June 2-8, 1997",Steve Riley,Friday At Last,Swallow
americana,9706,"June 2-8, 1997",Palace Music,Lost Blues And Other Songs,Drag City
americana,9706,"June 2-8, 1997",Terry Allen,Smokin' The Dummy/Bloodlines,Sugar Hill
americana,9706,"June 2-8, 1997",Julie Miller,Blue Pony,Hightone
americana,9706,"June 2-8, 1997",5 Chinese Brothers,Let's Kill Saturday Night,1-800-PRIME-CD
americana,9706,"June 2-8, 1997",The Jayhawks,Sound Of Lies,American
americana,9706,"June 2-8, 1997",Bruce Robison,Wrapped,Boar's Nest
americana,9706,"June 2-8, 1997",Jim Campilongo,Loose,Blue Hen
americana,9706,"June 2-8, 1997",The Lonesome Strangers,Land Of Opportunity,Little Dog
americana,9706,"June 2-8, 1997",Chuck Prophet,Homemade Blood,Cooking Vinyl
americana,9706,"June 2-8, 1997",Robert Earl Keen,Picnic,Arista Austin
americana,9706,"June 2-8, 1997",High Noon,Live In Texas And Japan,Watermelon
americana,9706,"June 2-8, 1997",Old 97s,Nothing To Attract You,Elektra
americana,9706,"June 2-8, 1997",Grievous Angels,New City Of Sin,Bloodshot
americana,9706,"June 2-8, 1997",Steve Earle & The Supersuckers,Steve Earle & The Supersuckers,Sub Pop
americana,9706,"June 2-8, 1997",Fernando,Widows,Cravedog
americana,9706,"June 2-8, 1997",Scud Mountain Boys,The Early Years,Sub Pop
americana,9706,"June 2-8, 1997",Whiskeytown,Whiskeytown,Bloodshot
americana,9706,"June 2-8, 1997",Ana Egge,River Under The Road,Lazy SOB
americana,9706,"June 2-8, 1997",(Various),Mystery Train,Rounder
americana,9706,"June 2-8, 1997",Grandpa's Ghost,Click & Drag,Self-released
americana,9706,"June 2-8, 1997",R.B. Morris,Take That Ride,Oh Boy
americana,9706,"June 2-8, 1997",Goody Blick,Goody Blick & The Country Kind,Cornfusion
americana,9706,"June 2-8, 1997",Crop Circles,Sing The Songs Of Stinky Doolittle,Last Drop
americana,9706,"June 2-8, 1997",Tom Russell,The Long Way Around,Hightone
americana,9706,"June 2-8, 1997",George Jones,She Thinks I Still Care,Razor & Tie
americana,9706,"June 2-8, 1997",Cynthia Gayneau,Blue Highway,Botte
americana,9706,"June 2-8, 1997",6 String Drag,Bottle Of Blues,E-Squared
americana,9706,"June 2-8, 1997",(Various),Used To Be: Blues From The Pacific Delta,Undercover
americana,9706,"June 2-8, 1997",Joy Lynn White,The Lucky Few,Little Dog
americana,9706,"June 2-8, 1997",Pete Anderson,Dogs In Heaven,Little Dog
americana,9707,"June 30-July 6, 1997",Old 97s,Too Far To Care,Elektra
americana,9707,"June 30-July 6, 1997",Tom Leach,Tom Leach,Slow River
americana,9707,"June 30-July 6, 1997",Blue Mountain,Homegrown,Roadrunner
americana,9707,"June 30-July 6, 1997",Grace Braun,It Won't Hurt,Slow River
americana,9707,"June 30-July 6, 1997",Edith Frost,Calling Over Time,Drag City
americana,9707,"June 30-July 6, 1997",Big Sandy & His Fly-Rite Boys,Feelin' Kinda Lucky,Hightone
americana,9707,"June 30-July 6, 1997",Travis County Pickin',Travis County Pickin',Hightone
americana,9707,"June 30-July 6, 1997",Golden Delicious,Old School,Cavity Search
americana,9707,"June 30-July 6, 1997",Dale Watson,I Hate These Songs,Hightone
americana,9707,"June 30-July 6, 1997",Julie Miller,Blue Pony,Hightone
americana,9707,"June 30-July 6, 1997",Hackberry Ramblers,Deep Water,Hot Biscuits
americana,9707,"June 30-July 6, 1997",Terry Allen,Smokin' The Dummy/Bloodlines,Sugar Hill
americana,9707,"June 30-July 6, 1997",The Jayhawks,Sound Of Lies,American
americana,9707,"June 30-July 6, 1997",Jim Campilongo,Loose,Blue Hen
americana,9707,"June 30-July 6, 1997",Bill Frisell,Nashville,Nonesuch
americana,9707,"June 30-July 6, 1997",The Lonesome Strangers,Land Of Opportunity,Little Dog
americana,9707,"June 30-July 6, 1997",Volebeats,Sky And The Ocean,Safe House
americana,9707,"June 30-July 6, 1997",5 Chinese Brothers,Let's Kill Saturday Night,1-800-PRIME-CD
americana,9707,"June 30-July 6, 1997",Steve Riley,Friday At Last,Swallow
americana,9707,"June 30-July 6, 1997",Grievous Angels,New City Of Sin,Bloodshot
americana,9707,"June 30-July 6, 1997",Duke Levine,Lava,Daring
americana,9707,"June 30-July 6, 1997",Steve Earle & The Supersuckers,Steve Earle & The Supersuckers,Sub Pop
americana,9707,"June 30-July 6, 1997",Tom Russell,The Long Way Around,Hightone
americana,9707,"June 30-July 6, 1997",Whiskeytown,Rural Free Delivery,MoodFood
americana,9707,"June 30-July 6, 1997",Cynthia Gayneau,Blue Highway,Botte
americana,9707,"June 30-July 6, 1997",R.B. Morris,Take That Ride,Oh Boy
americana,9707,"June 30-July 6, 1997",Crop Circles,Sing The Songs Of Stinky Doolittle,Last Drop
americana,9707,"June 30-July 6, 1997",(Various),Mystery Train,Rounder
americana,9707,"June 30-July 6, 1997",James McMurtry,It Had To Happen,Sugar Hill
americana,9707,"June 30-July 6, 1997",Goody Blick,Goody Blick & The Country Kind,Cornfusion
americana,9707,"June 30-July 6, 1997",Whiskeytown,Whiskeytown,Bloodshot
americana,9707,"June 30-July 6, 1997",Grandpa's Ghost,Click & Drag,Self-released
americana,9707,"June 30-July 6, 1997",Fernando,Widows,Cravedog
americana,9707,"June 30-July 6, 1997",Son Volt,Straightaways,Warner Bros
americana,9707,"June 30-July 6, 1997",George Jones,She Thinks I Still Care,Razor & Tie
americana,9707,"June 30-July 6, 1997",Scud Mountain Boys,The Early Years,Sub Pop
americana,9707,"June 30-July 6, 1997",Joy Lynn White,The Lucky Few,Little Dog
americana,9707,"June 30-July 6, 1997",Tarnation,Mirador,Reprise
americana,9707,"June 30-July 6, 1997",Dale Ann Bradley,East Kentucky Morning,Pinecastle
americana,9707,"June 30-July 6, 1997",Ana Egge,River Under The Road,Lazy SOB
americana,9709,"September 1-7, 1997",The Blue Rags,Rag-N-Roll,Sub Pop
americana,9709,"September 1-7, 1997",Wayne Hancock,That's What Daddy Wants,Ark 21
americana,9709,"September 1-7, 1997",Jeb Loy Nichols,Lovers Knot,Capitol
americana,9709,"September 1-7, 1997",Bill Fox,Shelter From The Smoke,Cherry Pop
americana,9709,"September 1-7, 1997",Greg Garing,Alone,Paladin / Revolution
americana,9709,"September 1-7, 1997",Whiskeytown,Strangers Almanac,Outpost
americana,9709,"September 1-7, 1997",The Geraldine Fibbers,Butch,Virgin
americana,9709,"September 1-7, 1997",Royal Fingerbowl,"Happy Birthday, Sabo!",TVT
americana,9709,"September 1-7, 1997",Kelly Joe Phelps,Roll Away The Stone,Rykodisc
americana,9709,"September 1-7, 1997",Bottle Rockets,24 Hours A Day,Atlantic
americana,9709,"September 1-7, 1997",Two Dollar Pistols,On Down The Track,Scrimshaw
americana,9709,"September 1-7, 1997",Tom House,The Neighborhood Is Changing,Checkered Past
americana,9709,"September 1-7, 1997",6 String Drag,High Hat,E-Squared
americana,9709,"September 1-7, 1997",P.W. Long's Reelfoot,We Didn't See You On Sunday,Touch & Go
americana,9709,"September 1-7, 1997",Billy Lee Riley,Hot Damn!,Capricorn
americana,9709,"September 1-7, 1997",Asylum Street Spankers,Live,Watermelon
americana,9709,"September 1-7, 1997",Calexico,Spoke,Quarterstick
americana,9709,"September 1-7, 1997",Buddy Miller,Poison Love,Hightone
americana,9709,"September 1-7, 1997",Jason Carter,On The Move,Rounder
americana,9709,"September 1-7, 1997",The Honeydogs,Seen A Ghost,Debris/ Mercury
americana,9709,"September 1-7, 1997",Beausoleil,The Best Of Beausoleil,Arhoolie
americana,9709,"September 1-7, 1997",James Intveld,James Intveld,Innerworks
americana,9709,"September 1-7, 1997",(Various),Rudy's Rockin' Kiddie Caravan,TNT
americana,9709,"September 1-7, 1997",Toni Price,Sol Power,Discovery
americana,9709,"September 1-7, 1997",The Riptones,Extra Sauce,Bloodshot
americana,9709,"September 1-7, 1997",Johnny Carroll,Texabilly,Rollin' Rock/ HMG
americana,9709,"September 1-7, 1997",Chris Jones,No One But You,Rebel
americana,9709,"September 1-7, 1997",Ray Wylie Hubbard,Dangerous Spirits,Rounder
americana,9709,"September 1-7, 1997",(Various),Songs Of Jimmie Rodgers: A Tribute,Egyptian/ Columbia
americana,9709,"September 1-7, 1997",Radio Sweethearts,Found A New Love,Shoeshine
americana,9709,"September 1-7, 1997",Mac Curtis,Rockabilly Uprising,Rollin' Rock/ HMG
americana,9709,"September 1-7, 1997",Lambchop,Cigaretiquette,Merge
americana,9709,"September 1-7, 1997",Birddog,"The Trackhouse, The Valley, The Liquor Store Drive-Thru",Sugar Free
americana,9709,"September 1-7, 1997",Valerie Smith,Patchwork Heart,Bell Buckle
americana,9709,"September 1-7, 1997",Capitol Hillbillies,Capitol Hillbillies,Self-Released
americana,9709,"September 1-7, 1997",The Blazers,Just For You,Rounder
americana,9709,"September 1-7, 1997",Seconds Flat,Seconds Flat,Green Linnet
americana,9709,"September 1-7, 1997",Scotty Moore/DJ Fontana,All The King's Men,Sweetfish
americana,9709,"September 1-7, 1997",Claire Lynch,Silver And Gold,Rounder
americana,9709,"September 1-7, 1997",David Olney,Real Lies,Philo
americana,9710,"September 29-October 5, 1997",Lonesome Bob,Things Fall Apart,Checkered Past
americana,9710,"September 29-October 5, 1997",Royal Fingerbowl,"Happy Birthday, Sabo!",TVT
americana,9710,"September 29-October 5, 1997",Wayne Hancock,That's What Daddy Wants,Ark 21
americana,9710,"September 29-October 5, 1997",Jeb Loy Nichols,Lovers Knot,Capitol
americana,9710,"September 29-October 5, 1997",Bill Fox,Shelter From The Smoke,Cherry Pop
americana,9710,"September 29-October 5, 1997",Waco Brothers,Do You think About Me?,Bloodshot
americana,9710,"September 29-October 5, 1997",The Blue Rags,Rag-N-Roll,Sub Pop
americana,9710,"September 29-October 5, 1997",Kelly Joe Phelps,Roll Away The Stone,Rykodisc
americana,9710,"September 29-October 5, 1997",Bottle Rockets,24 Hours A Day,Atlantic
americana,9710,"September 29-October 5, 1997",Tom House,The Neighborhood Is Changing,Checkered Past
americana,9710,"September 29-October 5, 1997",6 String Drag,High Hat,E-Squared
americana,9710,"September 29-October 5, 1997",Bill Kirchen,Hot Rod Lincoln - Live!,Hightone
americana,9710,"September 29-October 5, 1997",Paul Burlison,Train Kept A-Rollin',Sweetfish
americana,9710,"September 29-October 5, 1997",Calexico,Spoke,Quarterstick
americana,9710,"September 29-October 5, 1997",Buddy Miller,Poison Love,Hightone
americana,9710,"September 29-October 5, 1997",Two Dollar Pistols,On Down The Track,Scrimshaw
americana,9710,"September 29-October 5, 1997",Richmond Fontaine,Miles From,Cavity Search
americana,9710,"September 29-October 5, 1997",Longview,Longview,Rounder
americana,9710,"September 29-October 5, 1997",Southern Culture On The Skids,Plastic Seat Sweat,DGC
americana,9710,"September 29-October 5, 1997",Bob Dylan,Time Out Of Mind Sampler,Columbia
americana,9710,"September 29-October 5, 1997",Lambchop,Thriller,Merge
americana,9710,"September 29-October 5, 1997",Buellgrass,Across The Tracks,K2B2
americana,9710,"September 29-October 5, 1997",Neko Case,The Virginian,Mint
americana,9710,"September 29-October 5, 1997",The Blasters,American Music,Hightone
americana,9710,"September 29-October 5, 1997",Swing Rays,In The Rough,Sci-Fi Western
americana,9710,"September 29-October 5, 1997",Jason Carter,On The Move,Rounder
americana,9710,"September 29-October 5, 1997",The Steam Donkeys,Cosmic Americana,Landslide
americana,9710,"September 29-October 5, 1997",Chris Jones,No One But You,Rebel
americana,9710,"September 29-October 5, 1997",Reckless Kelly,Millican,Cold Spring
americana,9710,"September 29-October 5, 1997",The Honeydogs,Seen A Ghost,Debris/ Mercury
americana,9710,"September 29-October 5, 1997",(Various),Songs Of Jimmie Rodgers: A Tribute,Egyptian/ Columbia
americana,9710,"September 29-October 5, 1997",James Intveld,James Intveld,Innerworks
americana,9710,"September 29-October 5, 1997",Beausoleil,The Best Of Beausoleil,Arhoolie
americana,9710,"September 29-October 5, 1997",Toni Price,Sol Power,Discovery
americana,9710,"September 29-October 5, 1997",Marc Bristol,Rockabilly Rhythm & Blues,King Noodle
americana,9710,"September 29-October 5, 1997",Capitol Hillbillies,Capitol Hillbillies,Self-Released
americana,9710,"September 29-October 5, 1997",Johnny Carroll,Texabilly,Rollin' Rock/ HMG
americana,9710,"September 29-October 5, 1997",Ray Wylie Hubbard,Dangerous Spirits,Rounder
americana,9710,"September 29-October 5, 1997",Seconds Flat,Seconds Flat,Green Linnet
americana,9710,"September 29-October 5, 1997",Valerie Smith,Patchwork Heart,Bell Buckle
americana,9711,"October 27-November 2, 1997",Bob Dylan,Time Out Of Mind,Columbia
americana,9711,"October 27-November 2, 1997",Ray Condo And His Ricochets,Door To Door Maniac,Joaquin
americana,9711,"October 27-November 2, 1997",Fred Eaglesmith,Lipstick Lies & Gasoline,Razor & Tie
americana,9711,"October 27-November 2, 1997",Steve Earle,El Corazon,Warner Bros
americana,9711,"October 27-November 2, 1997",Lonesome Bob,Things Fall Apart,Checkered Past
americana,9711,"October 27-November 2, 1997",Bill Fox,Shelter From The Smoke,Cherry Pop
americana,9711,"October 27-November 2, 1997",Robbie Fulks,South Mouth,Bloodshot
americana,9711,"October 27-November 2, 1997",Waco Brothers,Do You think About Me?,Bloodshot
americana,9711,"October 27-November 2, 1997",Paul Burlison,Train Kept A-Rollin',Sweetfish
americana,9711,"October 27-November 2, 1997",Bill Kirchen,Hot Rod Lincoln - Live!,Hightone
americana,9711,"October 27-November 2, 1997",Kelly Joe Phelps,Roll Away The Stone,Rykodisc
americana,9711,"October 27-November 2, 1997",Neko Case,The Virginian,Mint
americana,9711,"October 27-November 2, 1997",Buddy Miller,Poison Love,Hightone
americana,9711,"October 27-November 2, 1997",The Belmont Playboys,Hot Rod Heart,Teen Rebel
americana,9711,"October 27-November 2, 1997",Richmond Fontaine,Miles From,Cavity Search
americana,9711,"October 27-November 2, 1997",Whiskeytown,In Your Wildest Dreams,Outpost
americana,9711,"October 27-November 2, 1997",The Wandering Stars,The Wandering Stars,Nuf Sed
americana,9711,"October 27-November 2, 1997",The Blasters,American Music,Hightone
americana,9711,"October 27-November 2, 1997",Southern Culture On The Skids,Plastic Seat Sweat,DGC
americana,9711,"October 27-November 2, 1997",The Steam Donkeys,Cosmic Americana,Landslide
americana,9711,"October 27-November 2, 1997",Longview,Longview,Rounder
americana,9711,"October 27-November 2, 1997",16 Horsepower,Ditch Digger,A&M
americana,9711,"October 27-November 2, 1997",Reckless Kelly,Millican,Cold Spring
americana,9711,"October 27-November 2, 1997",Swing Rays,In The Rough,Sci-Fi Western
americana,9711,"October 27-November 2, 1997",Lambchop,Thriller,Merge
americana,9711,"October 27-November 2, 1997",Chris Jones,No One But You,Rebel
americana,9711,"October 27-November 2, 1997",Donald Thibodeaux and Cajun Fever,Fred's Hot Step,Arhoolie
americana,9711,"October 27-November 2, 1997",Woody Guthrie,"Muleskinner Blues: The Asch Recordings, Volume 2",Smithsonian/Folkways
americana,9711,"October 27-November 2, 1997",Buellgrass,Across The Tracks,K2B2
americana,9711,"October 27-November 2, 1997",The Honeydogs,Seen A Ghost,Debris/ Mercury
americana,9711,"October 27-November 2, 1997",Royal Fingerbowl,"Happy Birthday, Sabo!",TVT
americana,9711,"October 27-November 2, 1997",(Various),Songs Of Jimmie Rodgers: A Tribute,Egyptian/ Columbia
americana,9711,"October 27-November 2, 1997",Sara Evans,Three Chords And The Truth,RCA
americana,9711,"October 27-November 2, 1997",Wayne Hancock,That's What Daddy Wants,Ark 21
americana,9711,"October 27-November 2, 1997",James Intveld,James Intveld,Innerworks
americana,9711,"October 27-November 2, 1997",Beausoleil,The Best Of Beausoleil,Arhoolie
americana,9711,"October 27-November 2, 1997",Jeb Loy Nichols,Lovers Knot,Capitol
americana,9711,"October 27-November 2, 1997",The Blue Rags,Rag-N-Roll,Sub Pop
americana,9711,"October 27-November 2, 1997",Seconds Flat,Seconds Flat,Green Linnet
americana,9711,"October 27-November 2, 1997",Marc Bristol,Rockabilly Rhythm & Blues,King Noodle
americana,9712,"December 1-7, 1997",Ray Condo And His Ricochets,Door To Door Maniac,Joaquin
americana,9712,"December 1-7, 1997",Fred Eaglesmith,Lipstick Lies & Gasoline,Razor & Tie
americana,9712,"December 1-7, 1997",Steve Earle,El Corazon,Warner Bros
americana,9712,"December 1-7, 1997",Bob Dylan,Time Out Of Mind,Columbia
americana,9712,"December 1-7, 1997",The Derailers,Reverb Deluxe,Sire
americana,9712,"December 1-7, 1997",Brian Marshall,Texas Polish Roots,Arhoolie
americana,9712,"December 1-7, 1997",Robbie Fulks,South Mouth,Bloodshot
americana,9712,"December 1-7, 1997",Bill Kirchen,Hot Rod Lincoln - Live!,Hightone
americana,9712,"December 1-7, 1997",Ricky Skaggs,Bluegrass Rules!,Rounder
americana,9712,"December 1-7, 1997",The Blasters,American Music,Hightone
americana,9712,"December 1-7, 1997",Richmond Fontaine,Miles From,Cavity Search
americana,9712,"December 1-7, 1997",Neko Case,The Virginian,Mint
americana,9712,"December 1-7, 1997",Waco Brothers,Do You think About Me?,Bloodshot
americana,9712,"December 1-7, 1997",Buddy Miller,Poison Love,Hightone
americana,9712,"December 1-7, 1997",Paul Burlison,Train Kept A-Rollin',Sweetfish
americana,9712,"December 1-7, 1997",Libbi Bosworth,Outskirts Of You,Freedom
americana,9712,"December 1-7, 1997",The Wandering Stars,The Wandering Stars,Nuf Sed
americana,9712,"December 1-7, 1997",Gringo,Combine,Pravda
americana,9712,"December 1-7, 1997",Kevin Johnson and The Linemen,Parole Music,Sam
americana,9712,"December 1-7, 1997",Woody Guthrie,"Muleskinner Blues: The Asch Recordings, Volume 2",Smithsonian/Folkways
americana,9712,"December 1-7, 1997",Dieselhead,Shallow Water Blackout,Amarillo
americana,9712,"December 1-7, 1997",Sixteen Horsepower,Selections From Low Estate,A&M
americana,9712,"December 1-7, 1997",Donald Thibodeaux and Cajun Fever,Fred's Hot Step,Arhoolie
americana,9712,"December 1-7, 1997",Chris Jones,No One But You,Rebel
americana,9712,"December 1-7, 1997",Reckless Kelly,Millican,Cold Spring
americana,9712,"December 1-7, 1997",Lambchop,Thriller,Merge
americana,9712,"December 1-7, 1997",Hank Thompson,And Friends,Curb
americana,9712,"December 1-7, 1997",Whiskeytown,In Your Wildest Dreams,Outpost
americana,9712,"December 1-7, 1997",Longview,Longview,Rounder
americana,9712,"December 1-7, 1997",The Belmont Playboys,Hot Rod Heart,Teen Rebel
americana,9712,"December 1-7, 1997",Tom T. Hall,Homegrown,Mercury
americana,9712,"December 1-7, 1997",James Intveld,James Intveld,Innerworks
americana,9712,"December 1-7, 1997",Bill Fox,Shelter From The Smoke,Cherry Pop
americana,9712,"December 1-7, 1997",The Steam Donkeys,Cosmic Americana,Landslide
americana,9712,"December 1-7, 1997",Buellgrass,Across The Tracks,K2B2
americana,9712,"December 1-7, 1997",Swing Rays,In The Rough,Sci-Fi Western
americana,9712,"December 1-7, 1997",Lonesome Bob,Things Fall Apart,Checkered Past
americana,9712,"December 1-7, 1997",Marc Bristol,Rockabilly Rhythm & Blues,King Noodle
americana,9712,"December 1-7, 1997",Southern Culture On The Skids,Plastic Seat Sweat,DGC
americana,9712,"December 1-7, 1997",Sara Evans,Three Chords And The Truth,RCA
americana,9801,"January 5 - 11, 1998",Johnny Dowd,Wrong Side Of Memphis,Checkered Past
americana,9801,"January 5 - 11, 1998",Ray Condo And His Ricochets,Door To Door Maniac,Joaquin
americana,9801,"January 5 - 11, 1998",Ted Hawkins,The Final Tour,Evidence
americana,9801,"January 5 - 11, 1998",Bill Frisell,"Gone, Just Like A Train",Nonesuch
americana,9801,"January 5 - 11, 1998",Brian Marshall,Texas Polish Roots,Arhoolie
americana,9801,"January 5 - 11, 1998",The Derailers,Reverb Deluxe,Sire
americana,9801,"January 5 - 11, 1998",Jamie Hartford,What About Yes,Paladin
americana,9801,"January 5 - 11, 1998",Ricky Skaggs,Bluegrass Rules!,Rounder
americana,9801,"January 5 - 11, 1998",The Blasters,American Music,Hightone
americana,9801,"January 5 - 11, 1998",Richmond Fontaine,Miles From,Cavity Search
americana,9801,"January 5 - 11, 1998",Neko Case,The Virginian,Mint
americana,9801,"January 5 - 11, 1998",Bill Kirchen,Hot Rod Lincoln - Live!,Hightone
americana,9801,"January 5 - 11, 1998",Robbie Fulks,South Mouth,Bloodshot
americana,9801,"January 5 - 11, 1998",Buddy Miller,Poison Love,Hightone
americana,9801,"January 5 - 11, 1998",Sixteen Horsepower,Selections From Low Estate,A&M
americana,9801,"January 5 - 11, 1998",Dieselhead,Shallow Water Blackout,Amarillo
americana,9801,"January 5 - 11, 1998",Jon Dee Graham,Escape From Monster Island,Freedom
americana,9801,"January 5 - 11, 1998",Libbi Bosworth,Outskirts Of You,Freedom
americana,9801,"January 5 - 11, 1998",Gringo,Combine,Pravda
americana,9801,"January 5 - 11, 1998",The Belmont Playboys,Hot Rod Heart,Teen Rebel
americana,9801,"January 5 - 11, 1998",Donald Thibodeaux and Cajun Fever,Fred's Hot Step,Arhoolie
americana,9801,"January 5 - 11, 1998",Lambchop,Thriller,Merge
americana,9801,"January 5 - 11, 1998",The Wandering Stars,The Wandering Stars,Nuf Sed
americana,9801,"January 5 - 11, 1998",Woody Guthrie,"Muleskinner Blues: The Asch Recordings, Volume 2",Smithsonian/Folkways
americana,9801,"January 5 - 11, 1998",Tom T. Hall,Homegrown,Mercury
americana,9801,"January 5 - 11, 1998",Kevin Johnson and The Linemen,Parole Music,Sam
americana,9801,"January 5 - 11, 1998",Swing Rays,In The Rough,Sci-Fi Western
americana,9801,"January 5 - 11, 1998",Steve Earle,El Corazon,Warner Bros
americana,9801,"January 5 - 11, 1998",Reckless Kelly,Millican,Cold Spring
americana,9801,"January 5 - 11, 1998",The Steam Donkeys,Cosmic Americana,Landslide
americana,9801,"January 5 - 11, 1998",Lonesome Bob,Things Fall Apart,Checkered Past
americana,9801,"January 5 - 11, 1998",Fred Eaglesmith,Lipstick Lies & Gasoline,Razor & Tie
americana,9801,"January 5 - 11, 1998",Longview,Longview,Rounder
americana,9801,"January 5 - 11, 1998",Bob Dylan,Time Out Of Mind,Columbia
americana,9801,"January 5 - 11, 1998",Hank Thompson,And Friends,Curb
americana,9801,"January 5 - 11, 1998",Waco Brothers,Do You think About Me?,Bloodshot
americana,9801,"January 5 - 11, 1998",Sara Evans,Three Chords And The Truth,RCA
americana,9801,"January 5 - 11, 1998",Southern Culture On The Skids,Plastic Seat Sweat,DGC
americana,9801,"January 5 - 11, 1998",Whiskeytown,In Your Wildest Dreams,Outpost
americana,9801,"January 5 - 11, 1998",Buellgrass,Across The Tracks,K2B2
americana,9804,"March 30 - April 5, 1998",Jon Langford,Skull Orchard,Sugar Free
americana,9804,"March 30 - April 5, 1998",Mike Ireland & Holler,Learning How To Live,Sub Pop
americana,9804,"March 30 - April 5, 1998",Gerald Collier,Gerald Collier,Revolution
americana,9804,"March 30 - April 5, 1998",Sue Garner,To Run More Smoothly,Thrill Jockey
americana,9804,"March 30 - April 5, 1998",Sixteen Horsepower,Low Estate,A&M
americana,9804,"March 30 - April 5, 1998",Paul Burch,Pan-American Flash,Checkered Past
americana,9804,"March 30 - April 5, 1998",Nick Lowe,Dig My Mood,Upstart
americana,9804,"March 30 - April 5, 1998",Alejandro Escovedo,More Miles Than Money,Bloodshot
americana,9804,"March 30 - April 5, 1998",(Soundtrack),The Horse Whisperer,MCA
americana,9804,"March 30 - April 5, 1998",Chris Mills,Every Night Fight For Your Life,Sugar Free
americana,9804,"March 30 - April 5, 1998",The Meat Purveyors,Sweet In The Pants,Bloodshot
americana,9804,"March 30 - April 5, 1998",Freakwater,Springtime,Thrill Jockey
americana,9804,"March 30 - April 5, 1998",Victoria Williams,Musings Of A Creekdipper,Atlantic
americana,9804,"March 30 - April 5, 1998",Kevin Gordon,Cadillac Jack's #1 Son,Shanachie
americana,9804,"March 30 - April 5, 1998",The Hangdogs,East Of Yesterday,Crazyhead
americana,9804,"March 30 - April 5, 1998",Fragile Jack,National Boy,Corn Pone
americana,9804,"March 30 - April 5, 1998",Chris Whitley,Dirt Floor,Messenger
americana,9804,"March 30 - April 5, 1998",Duane Jarvis,Far From Perfect,Watermelon
americana,9804,"March 30 - April 5, 1998",(Various),Cat Music,Rollin' Rock/HMG
americana,9804,"March 30 - April 5, 1998",Pernice Brothers,Square World,Summershine
americana,9804,"March 30 - April 5, 1998",The Ray Campi Quartet,Train Rhythm Blue,Mouthpiece/Sci-Fi Western
americana,9804,"March 30 - April 5, 1998",Peter Case,Full Service No Waiting,Vanguard
americana,9804,"March 30 - April 5, 1998",The Bluerunners,To The Country,Rounder
americana,9804,"March 30 - April 5, 1998",(Various),Revival Vol. II: Kudzu And Hollerin' Contest,Yep Roc
americana,9804,"March 30 - April 5, 1998",Chris Smither,Another Way To Find You,Hightone
americana,9804,"March 30 - April 5, 1998","Monica ""Li'l Mo"" Passin & The Monicats","Monica ""Li'l Mo"" Passin & The Monicats",Townhouse
americana,9804,"March 30 - April 5, 1998",Blue Highway,Midnight Storm,Rebel
americana,9804,"March 30 - April 5, 1998",The Mavericks,Trampoline,MCA
americana,9804,"March 30 - April 5, 1998",Cheri Knight,The Northeast Kingdom,E Squared
americana,9804,"March 30 - April 5, 1998",Hominy,Hominy,Sounds Of The American West
americana,9804,"March 30 - April 5, 1998",Chris Knight,Chris Knight,Decca
americana,9804,"March 30 - April 5, 1998",The Hollisters,The Land Of Rhythm And Pleasure,Freedom
americana,9804,"March 30 - April 5, 1998",Jolene,In The Gloaming,Sire
americana,9804,"March 30 - April 5, 1998",Songs: Ohia,Songs: Ohia,Secretly Canadian
americana,9804,"March 30 - April 5, 1998",Johnny Dowd,Wrong Side Of Memphis,Checkered Past
americana,9804,"March 30 - April 5, 1998",Reno Brothers,Three Part Harmony,Pinecastle
americana,9804,"March 30 - April 5, 1998",Bobby Hicks,Fiddle Patch,Rounder
americana,9804,"March 30 - April 5, 1998",The Woodys,The Woodys,Rounder
americana,9804,"March 30 - April 5, 1998",Ted Hawkins,Suffer No More,Rhino
americana,9804,"March 30 - April 5, 1998",Jim Lauderdale,Whisper,BNA
americana,9805,"May 4 - 10, 1998",Bap Kennedy,Domestic Blues,E Squared
americana,9805,"May 4 - 10, 1998",The Schramms,Dizzy Spell,Checkered Past
americana,9805,"May 4 - 10, 1998",Bill Fox,Transit Byzantium,Spinart
americana,9805,"May 4 - 10, 1998",The Gourds,Stadium Blitzer,Watermelon
americana,9805,"May 4 - 10, 1998",Chris & Carla,Swinger 500,Glitterhouse
americana,9805,"May 4 - 10, 1998",Don Walser,Down At The Sky-Vue Drive-In,Watermelon/Sire
americana,9805,"May 4 - 10, 1998",Nick Lowe,Dig My Mood,Upstart
americana,9805,"May 4 - 10, 1998",Justin Curtis,Let Them Ride,Galaxy
americana,9805,"May 4 - 10, 1998",(Soundtrack),The Horse Whisperer,MCA
americana,9805,"May 4 - 10, 1998",Cordelia's Dad,Spine,Appleseed
americana,9805,"May 4 - 10, 1998",Johnny Bush,Talk To My Heart,Watermelon
americana,9805,"May 4 - 10, 1998",Chris Mills,Every Night Fight For Your Life,Sugar Free
americana,9805,"May 4 - 10, 1998",Alejandro Escovedo,More Miles Than Money,Bloodshot
americana,9805,"May 4 - 10, 1998",Kevin Gordon,Cadillac Jack's #1 Son,Shanachie
americana,9805,"May 4 - 10, 1998",Jason & The Scorchers,Midnight Roads & Stages Seen,Mammoth
americana,9805,"May 4 - 10, 1998",Moonshine Willy,Bastard Child,Bloodshot
americana,9805,"May 4 - 10, 1998",Hasil Adkins,What The Hell Was I Thinking,Fat Possum
americana,9805,"May 4 - 10, 1998",Marah,Let's Cut The Crap & Hook Up Later On Tonight,Black Dog
americana,9805,"May 4 - 10, 1998",Go Cat Go,Let's Hear It Once Again For Vinylux,
americana,9805,"May 4 - 10, 1998",The Mertons,A Standing Ground,self-released
americana,9805,"May 4 - 10, 1998",(Soundtrack),The Newton Boys,Epic
americana,9805,"May 4 - 10, 1998",Trailer Bride,Smelling Salts,Bloodshot
americana,9805,"May 4 - 10, 1998",Nicholas Vroman,There From Here,AMF
americana,9805,"May 4 - 10, 1998",Fragile Jack,National Boy,Corn Pone
americana,9805,"May 4 - 10, 1998",Cornell Hurd Band,Texas Fruit Shack,Behemoth
americana,9805,"May 4 - 10, 1998",Gene Vincent,The Lost Dallas Sessions '57-'58,Dragon Street
americana,9805,"May 4 - 10, 1998",Pernice Brothers,Square World,Summershine
americana,9805,"May 4 - 10, 1998",(Various),Cat Music,Rollin' Rock/HMG
americana,9805,"May 4 - 10, 1998",The Bluerunners,To The Country,Rounder
americana,9805,"May 4 - 10, 1998",Duane Jarvis,Far From Perfect,Watermelon
americana,9805,"May 4 - 10, 1998",Sixteen Horsepower,Low Estate,A&M
americana,9805,"May 4 - 10, 1998",George Jones,It Don't Get Any Better Than This,MCA
americana,9805,"May 4 - 10, 1998",Chris Whitley,Dirt Floor,Messenger
americana,9805,"May 4 - 10, 1998",Jon Langford,Skull Orchard,Sugar Free
americana,9805,"May 4 - 10, 1998",Gerald Collier,Gerald Collier,Revolution
americana,9805,"May 4 - 10, 1998",Sue Garner,To Run More Smoothly,Thrill Jockey
americana,9805,"May 4 - 10, 1998",Mike Ireland & Holler,Learning How To Live,Sub Pop
americana,9805,"May 4 - 10, 1998",The Mavericks,Trampoline,MCA
americana,9805,"May 4 - 10, 1998",IIIrd Tyme Out,Live At The Mac,Rounder
americana,9805,"May 4 - 10, 1998",Jolene,In The Gloaming,Sire
americana,9806,"June 1 - 7, 1998",Bap Kennedy,Domestic Blues,E Squared
americana,9806,"June 1 - 7, 1998",Bill Fox,Transit Byzantium,Spinart
americana,9806,"June 1 - 7, 1998",The Schramms,Dizzy Spell,Checkered Past
americana,9806,"June 1 - 7, 1998",Tommy Womack,Positively Na Na,Checkered Past
americana,9806,"June 1 - 7, 1998",Dave Alvin,Blackjack David,Hightone
americana,9806,"June 1 - 7, 1998",Joel R.L. Phelps & The Downer Trio,3,Pacifico
americana,9806,"June 1 - 7, 1998",Don Walser,Down At The Sky-Vue Drive-In,Watermelon/Sire
americana,9806,"June 1 - 7, 1998",Chris & Carla,Swinger 500,Glitterhouse
americana,9806,"June 1 - 7, 1998",Cordelia's Dad,Spine,Appleseed
americana,9806,"June 1 - 7, 1998",Justin Curtis,Let Them Ride,Galaxy
americana,9806,"June 1 - 7, 1998",Nick Lowe,Dig My Mood,Upstart
americana,9806,"June 1 - 7, 1998",Joe Ely,Twistin' In The Wind,MCA
americana,9806,"June 1 - 7, 1998",Johnny Bush,Talk To My Heart,Watermelon
americana,9806,"June 1 - 7, 1998",(Soundtrack),The Horse Whisperer,MCA
americana,9806,"June 1 - 7, 1998",The Souvenirs,Sentimental,self-released
americana,9806,"June 1 - 7, 1998",Jason & The Scorchers,Midnight Roads & Stages Seen,Mammoth
americana,9806,"June 1 - 7, 1998",Marah,Let's Cut The Crap & Hook Up Later On Tonight,Black Dog
americana,9806,"June 1 - 7, 1998",Nicholas Vroman,There From Here,AMF
americana,9806,"June 1 - 7, 1998",Jerry Douglas,Restless On The Farm,Sugar Hill
americana,9806,"June 1 - 7, 1998",The Lune,On The Cutting Room Floor,Aesthetics
americana,9806,"June 1 - 7, 1998",Neko Case & The Sadies,Make Your Bed,Bloodshot
americana,9806,"June 1 - 7, 1998",The Fly-Rite Boys,Big Sandy Presents,Hightone
americana,9806,"June 1 - 7, 1998",Bruce Robison,Wrapped,Lucky Dog
americana,9806,"June 1 - 7, 1998",The Mertons,A Standing Ground,self-released
americana,9806,"June 1 - 7, 1998",Justin Trevino,Texas Honky Tonk,Neon Nightmare
americana,9806,"June 1 - 7, 1998",Cornell Hurd Band,Texas Fruit Shack,Behemoth
americana,9806,"June 1 - 7, 1998",Woody Guthrie,Hard Travelin',Smithsonian/Folkways
americana,9806,"June 1 - 7, 1998",Hasil Adkins,What The Hell Was I Thinking,Fat Possum
americana,9806,"June 1 - 7, 1998",Moonshine Willy,Bastard Child,Bloodshot
americana,9806,"June 1 - 7, 1998",The Gourds,Stadium Blitzer,Watermelon
americana,9806,"June 1 - 7, 1998",(Various),Cat Music,Rollin' Rock/HMG
americana,9806,"June 1 - 7, 1998",Gene Vincent,The Lost Dallas Sessions '57-'58,Dragon Street
americana,9806,"June 1 - 7, 1998",Trailer Bride,Smelling Salts,Bloodshot
americana,9806,"June 1 - 7, 1998",(Soundtrack),The Newton Boys,Epic
americana,9806,"June 1 - 7, 1998",Mark Newton,Living A Dream,Rebel
americana,9806,"June 1 - 7, 1998",Go Cat Go,Let's Hear It Once Again For,Vinylux
americana,9806,"June 1 - 7, 1998",Ralph Stanley & Friends,Clinch Mountain Country,Rebel
americana,9806,"June 1 - 7, 1998",Clay Blaker,Rumor Town,Neobilly
americana,9806,"June 1 - 7, 1998",George Jones,It Don't Get Any Better Than This,MCA
americana,9806,"June 1 - 7, 1998",IIIrd Tyme Out,Live At The Mac,Rounder
americana,9807,"June 29 - July 5, 1998",Lucinda Williams,Car Wheels On A Gravel Road,Mercury
americana,9807,"June 29 - July 5, 1998",Dave Alvin,Blackjack David,Hightone
americana,9807,"June 29 - July 5, 1998",Bap Kennedy,Domestic Blues,E Squared
americana,9807,"June 29 - July 5, 1998",Joel R.L. Phelps & The Downer Trio,3,Pacifico
americana,9807,"June 29 - July 5, 1998",Billy Bragg & Wilco,Mermaid Avenue,Elektra
americana,9807,"June 29 - July 5, 1998",Tommy Womack,Positively Na Na,Checkered Past
americana,9807,"June 29 - July 5, 1998",Alvin Youngblood Hart,Territory,Hannibal
americana,9807,"June 29 - July 5, 1998",Chris & Carla,Swinger 500,Glitterhouse
americana,9807,"June 29 - July 5, 1998",Don Walser,Down At The Sky-Vue Drive-In,Watermelon/Sire
americana,9807,"June 29 - July 5, 1998",Justin Curtis,Let Them Ride,Galaxy
americana,9807,"June 29 - July 5, 1998",The Wandering Eyes,Songs Of Forbidden Love,Lazy S.O.B
americana,9807,"June 29 - July 5, 1998",Dwight Yoakam,A Long Way Home,Reprise
americana,9807,"June 29 - July 5, 1998",The Fly-Rite Boys,Big Sandy Presents,Hightone
americana,9807,"June 29 - July 5, 1998",Will Oldham,Black/Rich Music,Drag City
americana,9807,"June 29 - July 5, 1998",Marah,Let's Cut The Crap & Hook Up Later On Tonight,Black Dog
americana,9807,"June 29 - July 5, 1998",Big Sandy,Dedicated To You,Hightone
americana,9807,"June 29 - July 5, 1998",Justin Trevino,Texas Honky Tonk,Neon Nightmare
americana,9807,"June 29 - July 5, 1998",The Dusty 45's,The Dusty 45's,self-released
americana,9807,"June 29 - July 5, 1998",Johnny Cash/Willie Nelson,VH1 Storytellers,American
americana,9807,"June 29 - July 5, 1998",Joe Ely,Twistin' In The Wind,MCA
americana,9807,"June 29 - July 5, 1998",The Souvenirs,Sentimental,self-released
americana,9807,"June 29 - July 5, 1998",Nicholas Vroman,There From Here,AMF
americana,9807,"June 29 - July 5, 1998",Lucinda Williams,Lucinda Williams,Koch
americana,9807,"June 29 - July 5, 1998",Jerry Douglas,Restless On The Farm,Sugar Hill
americana,9807,"June 29 - July 5, 1998",The Lune,On The Cutting Room Floor,Aesthetics
americana,9807,"June 29 - July 5, 1998",Bruce Robison,Wrapped,Lucky Dog
americana,9807,"June 29 - July 5, 1998",Neko Case & The Sadies,Make Your Bed,Bloodshot
americana,9807,"June 29 - July 5, 1998",Gene Vincent,The Lost Dallas Sessions '57-'58,Dragon Street
americana,9807,"June 29 - July 5, 1998",The Mertons,A Standing Ground,self-released
americana,9807,"June 29 - July 5, 1998",Woody Guthrie,Hard Travelin',Smithsonian/Folkways
americana,9807,"June 29 - July 5, 1998",Bill Fox,Transit Byzantium,Spinart
americana,9807,"June 29 - July 5, 1998",The Gourds,Stadium Blitzer,Watermelon
americana,9807,"June 29 - July 5, 1998",Jason & The Scorchers,Midnight Roads & Stages Seen,Mammoth
americana,9807,"June 29 - July 5, 1998",Ralph Stanley & Friends,Clinch Mountain Country,Rebel
americana,9807,"June 29 - July 5, 1998",Clay Blaker,Rumor Town,Neobilly
americana,9807,"June 29 - July 5, 1998",Johnny Bush,Talk To My Heart,Watermelon
americana,9807,"June 29 - July 5, 1998",The Schramms,Dizzy Spell,Checkered Past
americana,9807,"June 29 - July 5, 1998",IIIrd Tyme Out,Live At The Mac,Rounder
americana,9807,"June 29 - July 5, 1998",George Jones,It Don't Get Any Better Than This,MCA
americana,9807,"June 29 - July 5, 1998",Mark Newton,Living A Dream,Rebel
americana,9808,"August 3 - 9, 1998",Richard Buckner,Since,MCA
americana,9808,"August 3 - 9, 1998",Gillian Welch,Hell Among The Yearlings,Almo
americana,9808,"August 3 - 9, 1998",Lucinda Williams,Car Wheels On A Gravel Road,Mercury
americana,9808,"August 3 - 9, 1998",Jeremy Wallace,My Lucky Day,Palmetto
americana,9808,"August 3 - 9, 1998",Billy Bragg & Wilco,Mermaid Avenue,Elektra
americana,9808,"August 3 - 9, 1998",Junior Brown,Long Walk Back,Curb
americana,9808,"August 3 - 9, 1998",BR5-49,Big Backyard Beat Show,Arista
americana,9808,"August 3 - 9, 1998",Tom House,This White Man's Burden,Checkered Past
americana,9808,"August 3 - 9, 1998",Alvin Youngblood Hart,Territory,Hannibal
americana,9808,"August 3 - 9, 1998",Tommy Womack,Positively Na Na,Checkered Past
americana,9808,"August 3 - 9, 1998",The Sadies,Precious Moments,Bloodshot
americana,9808,"August 3 - 9, 1998",(Various),LA County Line,Strawdog
americana,9808,"August 3 - 9, 1998",Last Train Home,Last Train Home,Adult Swim
americana,9808,"August 3 - 9, 1998",The Dusty 45's,The Dusty 45's,self-released
americana,9808,"August 3 - 9, 1998",(Various),Edges From The Postcard 2,P2
americana,9808,"August 3 - 9, 1998",Big Sandy,Dedicated To You,Hightone
americana,9808,"August 3 - 9, 1998",Will Oldham,Black/Rich Music,Drag City
americana,9808,"August 3 - 9, 1998",Emmylou Harris,Spyboy,Eminent
americana,9808,"August 3 - 9, 1998",Dwight Yoakam,A Long Way Home,Reprise
americana,9808,"August 3 - 9, 1998",Shaver,Victory,New West
americana,9808,"August 3 - 9, 1998",Bois Sec Ardoin with Balfa Toujours,Allons Danser,Rounder
americana,9808,"August 3 - 9, 1998",Justin Trevino,Texas Honky Tonk,Neon Nightmare
americana,9808,"August 3 - 9, 1998",The Souvenirs,Sentimental,self-released
americana,9808,"August 3 - 9, 1998",Heather Myles,Highways and Honky Tonks,Rounder
americana,9808,"August 3 - 9, 1998",The Wandering Eyes,Songs Of Forbidden Love,Lazy S.O.B
americana,9808,"August 3 - 9, 1998",Dave Alvin,Blackjack David,Hightone
americana,9808,"August 3 - 9, 1998",(Various),The Songs Of Dwight Yoakam,Little Dog
americana,9808,"August 3 - 9, 1998",Johnny Cash/Willie Nelson,VH1 Storytellers,American
americana,9808,"August 3 - 9, 1998",Bruce Robison,Wrapped,Lucky Dog
americana,9808,"August 3 - 9, 1998",Lucinda Williams,Lucinda Williams,Koch
americana,9808,"August 3 - 9, 1998",Joel R.L. Phelps & The Downer Trio,3,Pacifico
americana,9808,"August 3 - 9, 1998",Woody Guthrie,Hard Travelin',Smithsonian/Folkways
americana,9808,"August 3 - 9, 1998",Nashville Bluegrass Band,American Beauty,Sugar Hill
americana,9808,"August 3 - 9, 1998",The Fly-Rite Boys,Big Sandy Presents,Hightone
americana,9808,"August 3 - 9, 1998",Suzanne Thomas,Dear Friends & Gentle Hearts,Rounder
americana,9808,"August 3 - 9, 1998",Joe Ely,Twistin' In The Wind,MCA
americana,9808,"August 3 - 9, 1998",The Lune,On The Cutting Room Floor,Aesthetics
americana,9808,"August 3 - 9, 1998",Neko Case & The Sadies,Make Your Bed,Bloodshot
americana,9808,"August 3 - 9, 1998",Dolly Parton,Hungry Again,Decca
americana,9808,"August 3 - 9, 1998",Jim Mills,Bound To Ride,Sugar Hill
americana,9809,"August 31 - Sept 6, 1998",Hot Club Of Cowtown,Swingin' Stampede,Hightone
americana,9809,"August 31 - Sept 6, 1998",Richard Buckner,Since,MCA
americana,9809,"August 31 - Sept 6, 1998",Gillian Welch,Hell Among The Yearlings,Almo
americana,9809,"August 31 - Sept 6, 1998",Jeremy Wallace,My Lucky Day,Palmetto
americana,9809,"August 31 - Sept 6, 1998",Wylie & The Wild West,Total Yodel!,Rounder
americana,9809,"August 31 - Sept 6, 1998",Clodhopper,Red's Recovery Room,My Own Planet
americana,9809,"August 31 - Sept 6, 1998",Bingo,H om,Undercover
americana,9809,"August 31 - Sept 6, 1998",BR5-49,Big Backyard Beat Show,Arista
americana,9809,"August 31 - Sept 6, 1998",Tom House,This White Man's Burden,Checkered Past
americana,9809,"August 31 - Sept 6, 1998",Junior Brown,Long Walk Back,Curb
americana,9809,"August 31 - Sept 6, 1998",The Freight Hoppers,Waiting On The Gravy Train,Rounder
americana,9809,"August 31 - Sept 6, 1998",Dale Watson and His Lone Stars,The Truckin' Sessions,Koch
americana,9809,"August 31 - Sept 6, 1998",The Sadies,Precious Moments,Bloodshot
americana,9809,"August 31 - Sept 6, 1998",Willie Nelson,Teatro,Island
americana,9809,"August 31 - Sept 6, 1998",Last Train Home,Last Train Home,Adult Swim
americana,9809,"August 31 - Sept 6, 1998",Heather Myles,Highways and Honky Tonks,Rounder
americana,9809,"August 31 - Sept 6, 1998",(Various),LA County Line,Strawdog
americana,9809,"August 31 - Sept 6, 1998",Chuck Guillory,Grand Texas,Arhoolie
americana,9809,"August 31 - Sept 6, 1998",(Various),Edges From The Postcard 2,P2
americana,9809,"August 31 - Sept 6, 1998",Emmylou Harris,Spyboy,Eminent
americana,9809,"August 31 - Sept 6, 1998",Chris Jones,Follow Your Heart,Rebel
americana,9809,"August 31 - Sept 6, 1998",(Various),The Harry Smith Connection: A Live Tribute,Smithsonian/Folkways
americana,9809,"August 31 - Sept 6, 1998",Kim Virant,Signals Crossed and Meanings Lost,self-released
americana,9809,"August 31 - Sept 6, 1998",The Dusty 45's,The Dusty 45's,self-released
americana,9809,"August 31 - Sept 6, 1998",Shaver,Victory,New West
americana,9809,"August 31 - Sept 6, 1998",(Various),The Songs Of Dwight Yoakam,Little Dog
americana,9809,"August 31 - Sept 6, 1998",Lucinda Williams,Lucinda Williams,Koch
americana,9809,"August 31 - Sept 6, 1998",The Wandering Eyes,Songs Of Forbidden Love,Lazy S.O.B
americana,9809,"August 31 - Sept 6, 1998",Big Sandy,Dedicated To You,Hightone
americana,9809,"August 31 - Sept 6, 1998",Bois Sec Ardoin with Balfa Toujours,Allons Danser,Rounder
americana,9809,"August 31 - Sept 6, 1998",Johnny Cash/Willie Nelson,VH1 Storytellers,American
americana,9809,"August 31 - Sept 6, 1998",Lucinda Williams,Car Wheels On A Gravel Road,Mercury
americana,9809,"August 31 - Sept 6, 1998",Will Oldham,Black/Rich Music,Drag City
americana,9809,"August 31 - Sept 6, 1998",Nashville Bluegrass Band,American Beauty,Sugar Hill
americana,9809,"August 31 - Sept 6, 1998",Lonesome River Band,Finding The Way,Sugar Hill
americana,9809,"August 31 - Sept 6, 1998",Alvin Youngblood Hart,Territory,Hannibal
americana,9809,"August 31 - Sept 6, 1998",Suzanne Thomas,Dear Friends & Gentle Hearts,Rounder
americana,9809,"August 31 - Sept 6, 1998",Vince Gill,The Key,Decca
americana,9809,"August 31 - Sept 6, 1998",Jim Mills,Bound To Ride,Sugar Hill
americana,9809,"August 31 - Sept 6, 1998",Dolly Parton,Hungry Again,Decca
americana,9810,"Sept 28 - Oct 4, 1998",Los Super Seven,Los Super Seven,RCA
americana,9810,"Sept 28 - Oct 4, 1998",Paul Burch & The WPA Ballclub,Wire To Wire,Checkered Past
americana,9810,"Sept 28 - Oct 4, 1998",Hot Club Of Cowtown,Swingin' Stampede,Hightone
americana,9810,"Sept 28 - Oct 4, 1998",Richard Buckner,Since,MCA
americana,9810,"Sept 28 - Oct 4, 1998",Deke Dickerson & The Ecco-Fonics,Number One Hit Record!,HMG
americana,9810,"Sept 28 - Oct 4, 1998",Robbie Fulks,Let's Kill Saturday Night,Geffen
americana,9810,"Sept 28 - Oct 4, 1998",Hayseed,Melic,Watermelon
americana,9810,"Sept 28 - Oct 4, 1998",Lambchop,What Another Man Spills,Merge
americana,9810,"Sept 28 - Oct 4, 1998",Bad Livers,Industry and Thrift,Sugar Hill
americana,9810,"Sept 28 - Oct 4, 1998",Clodhopper,Red's Recovery Room,My Own Planet
americana,9810,"Sept 28 - Oct 4, 1998",Wylie & The Wild West,Total Yodel!,Rounder
americana,9810,"Sept 28 - Oct 4, 1998",Bingo,H om,Undercover
americana,9810,"Sept 28 - Oct 4, 1998",Lyle Lovett,Step Inside This House,Curb / MCA
americana,9810,"Sept 28 - Oct 4, 1998",The V-Roys,All About Town,E-Squared
americana,9810,"Sept 28 - Oct 4, 1998",Mack Stevens,At Rollin' Rock,Rollin' Rock/ HMG
americana,9810,"Sept 28 - Oct 4, 1998",The Freight Hoppers,Waiting On The Gravy Train,Rounder
americana,9810,"Sept 28 - Oct 4, 1998",Dale Watson and His Lone Stars,The Truckin' Sessions,Koch
americana,9810,"Sept 28 - Oct 4, 1998",Birddog,Ghost Of The Season,Sugar Free
americana,9810,"Sept 28 - Oct 4, 1998",Tom House,This White Man's Burden,Checkered Past
americana,9810,"Sept 28 - Oct 4, 1998",Cigar Store Indians,El Baile De La Cobra,Deep South
americana,9810,"Sept 28 - Oct 4, 1998",Whiskeytown,Faithless Street,Outpost
americana,9810,"Sept 28 - Oct 4, 1998",Balfa Toujours,La Pointe,Rounder
americana,9810,"Sept 28 - Oct 4, 1998",The Gourds,Gogitchyershinebox,Watermelon
americana,9810,"Sept 28 - Oct 4, 1998",Willie Nelson,Teatro,Island
americana,9810,"Sept 28 - Oct 4, 1998",Jon Langford,Gravestone EP,Bloodshot
americana,9810,"Sept 28 - Oct 4, 1998",One Riot One Ranger,Side Tracks,Hayden's Ferry
americana,9810,"Sept 28 - Oct 4, 1998",Grievous Angels,Miles On The Rail,Bloodshot
americana,9810,"Sept 28 - Oct 4, 1998",Kim Virant,Signals Crossed and Meanings Lost,self-released
americana,9810,"Sept 28 - Oct 4, 1998",Chuck Guillory,Grand Texas,Arhoolie
americana,9810,"Sept 28 - Oct 4, 1998",(Various),The Harry Smith Connection: A Live Tribute,Smithsonian/Folkways
americana,9810,"Sept 28 - Oct 4, 1998",James McMurtry,Walk Between The Raindrops,Sugar Hill
americana,9810,"Sept 28 - Oct 4, 1998",BR5-49,Big Backyard Beat Show,Arista
americana,9810,"Sept 28 - Oct 4, 1998",Gillian Welch,Hell Among The Yearlings,Almo
americana,9810,"Sept 28 - Oct 4, 1998",Chris Jones,Follow Your Heart,Rebel
americana,9810,"Sept 28 - Oct 4, 1998",Lonesome River Band,Finding The Way,Sugar Hill
americana,9810,"Sept 28 - Oct 4, 1998",Junior Brown,Long Walk Back,Curb
americana,9810,"Sept 28 - Oct 4, 1998",Last Train Home,Last Train Home,Adult Swim
americana,9810,"Sept 28 - Oct 4, 1998",Suzanne Thomas,Dear Friends & Gentle Hearts,Rounder
americana,9810,"Sept 28 - Oct 4, 1998",Vince Gill,The Key,Decca
americana,9810,"Sept 28 - Oct 4, 1998",Dolly Parton,Hungry Again,Decca
americana,9902,"February 1 - 7, 1999",Chuck E. Weiss,Extremely Cool,Slow River/ Rykodisc
americana,9902,"February 1 - 7, 1999",(Various),Real: The Tom T. Hall Project,Sire
americana,9902,"February 1 - 7, 1999",Beaver Nelson,The Last Hurrah,Freedom
americana,9902,"February 1 - 7, 1999",The Flatirons,Prayer Bones,Checkered Past
americana,9902,"February 1 - 7, 1999",David Olney,Through A Glass Darkly,Philo
americana,9902,"February 1 - 7, 1999",Ricky Skaggs,Ancient Tones,Skaggs Family
americana,9902,"February 1 - 7, 1999",Hadacol,Better Than This,Checkered Past
americana,9902,"February 1 - 7, 1999",Cisco,Wishing You Well From The Pink Motel,Propellant Transmissions
americana,9902,"February 1 - 7, 1999",Cesar Rosas,Soul Disguise,Rykodisc
americana,9902,"February 1 - 7, 1999",The Countrypolitans,Tired Of Drowning,Ultrapolitan
americana,9902,"February 1 - 7, 1999",Flaco Jimenez,Said and Done,Barb Wire/ Virgin
americana,9902,"February 1 - 7, 1999",The Stillmen,Go! Go! Go!,Star Tone
americana,9902,"February 1 - 7, 1999",Bottle Rockets,Leftovers,Doolittle
americana,9902,"February 1 - 7, 1999",Hazel Dickens,Hard Hitting Songs For Hard Hit People,Rounder
americana,9902,"February 1 - 7, 1999",The Two Dollar Pistols,Step Right Up!,Yep Roc
americana,9902,"February 1 - 7, 1999",Hazeldine,Orphans,All Swoll
americana,9902,"February 1 - 7, 1999",Floyd Ranch,Floyd Ranch,self-released
americana,9902,"February 1 - 7, 1999","Dickens, Jones, Hawker",Heart Of A Singer,Rounder
americana,9902,"February 1 - 7, 1999",Richard Buckner,Live At Schuba's Tavern,MCA
americana,9902,"February 1 - 7, 1999",78 RPM,78 RPM,self-released
americana,9902,"February 1 - 7, 1999",Mike Nicolai,Balloon Race EP,Tramp Art
americana,9902,"February 1 - 7, 1999",Splinter Party,Nampa Bound,self-released
americana,9902,"February 1 - 7, 1999",Wade Fruge,Old Style Cajun Music,Arhoolie
americana,9902,"February 1 - 7, 1999",Kristin Hersh,"Murder, Misery and Then Goodnight",4AD
americana,9902,"February 1 - 7, 1999",Whiskeytown/Neko Case & The Sadies,Highway 145/My '63,Bloodshot
americana,9902,"February 1 - 7, 1999",Bare Jr,Boo-Tay,Immortal/ Epic
americana,9902,"February 1 - 7, 1999",Ray Charles,The Complete Country & Western Recordings 1959-1986,Rhino
americana,9902,"February 1 - 7, 1999",Devil In A Woodpile,Devil In A Woodpile,Bloodshot
americana,9902,"February 1 - 7, 1999",Amy Rigby,Middlescence,Koch
americana,9902,"February 1 - 7, 1999",Eddie LeJeune,Cajun Spirit,Rounder
americana,9902,"February 1 - 7, 1999",Geoff Muldaur,The Secret Handshake,Hightone
americana,9902,"February 1 - 7, 1999",Andre Williams & 2 Star Tabernacle,Ramblin' Man,Bloodshot
americana,9902,"February 1 - 7, 1999",Hank Williams,The Complete Hank Williams Sampler,Mercury
americana,9902,"February 1 - 7, 1999",J.D. Crowe and the New South,Come On Down To My World,Rounder
americana,9902,"February 1 - 7, 1999",James Hand,Shadows Where The Magic Was,self-released
americana,9902,"February 1 - 7, 1999",Doug Sahm,S.D.Q. '98,Watermelon
americana,9902,"February 1 - 7, 1999",Vic Chesnutt,The Salesman & Bernadette,Capricorn
americana,9902,"February 1 - 7, 1999","Del McCoury, Doc Watson & Mac Wiseman","Mac, Doc & Del",Sugar Hill
americana,9902,"February 1 - 7, 1999",Rambler's Choice,Sounds Of The Mountains,Rounder
americana,9902,"February 1 - 7, 1999",James King,Bed By The Window,Rounder
americana,9903,"March 1 - 7, 1999",Pete Krebs and the Gossamer Wings,Sweet Ona Rose,Cavity Search
americana,9903,"March 1 - 7, 1999",The Damnations TX,Half Mad Moon,Sire
americana,9903,"March 1 - 7, 1999",Steve Earle and the Del McCoury Band,The Mountain,E Squared
americana,9903,"March 1 - 7, 1999",Chuck E. Weiss,Extremely Cool,Slow River/ Rykodisc
americana,9903,"March 1 - 7, 1999",Waco Brothers,WacoWorld,Bloodshot
americana,9903,"March 1 - 7, 1999",(Various),Real: The Tom T. Hall Project,Sire
americana,9903,"March 1 - 7, 1999",Biller and Wakefield,The Hot Guitars of Biller and Wakefield,HMG
americana,9903,"March 1 - 7, 1999",Little Sue,Crow,Cravedog
americana,9903,"March 1 - 7, 1999",The Del McCoury Band,The Family,Ceili
americana,9903,"March 1 - 7, 1999",Beaver Nelson,The Last Hurrah,Freedom
americana,9903,"March 1 - 7, 1999",The Flatirons,Prayer Bones,Checkered Past
americana,9903,"March 1 - 7, 1999",Cisco,Wishing You Well From The Pink Motel,Propellant Transmissions
americana,9903,"March 1 - 7, 1999",Hadacol,Better Than This,Checkered Past
americana,9903,"March 1 - 7, 1999",Cesar Rosas,Soul Disguise,Rykodisc
americana,9903,"March 1 - 7, 1999",David Olney,Through A Glass Darkly,Philo
americana,9903,"March 1 - 7, 1999",Kelly Willis,What I Deserve,Rykodisc
americana,9903,"March 1 - 7, 1999",Ricky Skaggs,Ancient Tones,Skaggs Family
americana,9903,"March 1 - 7, 1999",The Pinetops,Above Ground and Vertical,Soundproof/ Monolyth
americana,9903,"March 1 - 7, 1999",Bill Morrissey,Songs Of Mississippi John Hurt,Philo
americana,9903,"March 1 - 7, 1999",Asylum Street Spankers,Hot Lunch,Cold Spring
americana,9903,"March 1 - 7, 1999",Flaco Jimenez,Said and Done,Barb Wire/ Virgin
americana,9903,"March 1 - 7, 1999",The Countrypolitans,Tired Of Drowning,Ultrapolitan
americana,9903,"March 1 - 7, 1999",The Stillmen,Go! Go! Go!,Star Tone
americana,9903,"March 1 - 7, 1999",Jamie Lane,Floyd Ranch,self-released
americana,9903,"March 1 - 7, 1999",Son Volt,Straightface EP,Warner Bros
americana,9903,"March 1 - 7, 1999",Neko Case/Kelly Hogan,The Shortening Sessions,Bloodshot
americana,9903,"March 1 - 7, 1999",Splinter Party,Nampa Bound,self-released
americana,9903,"March 1 - 7, 1999",Rosie Flores,Dance Hall Dreams,Rounder
americana,9903,"March 1 - 7, 1999",The Two Dollar Pistols,Step Right Up!,Yep Roc
americana,9903,"March 1 - 7, 1999",Hazel Dickens,Hard Hitting Songs For Hard Hit People,Rounder
americana,9903,"March 1 - 7, 1999",78 RPM,78 RPM,self-released
americana,9903,"March 1 - 7, 1999",James Hand,Shadows Where The Magic Was,self-released
americana,9903,"March 1 - 7, 1999",(Soundtrack),The Hi-Lo Country,TVT Soundtrax
americana,9903,"March 1 - 7, 1999",Bare Jr,Boo-Tay,Immortal/ Epic
americana,9903,"March 1 - 7, 1999",Kristin Hersh,"Murder, Misery and Then Goodnight",4AD
americana,9903,"March 1 - 7, 1999",Bottle Rockets,Leftovers,Doolittle
americana,9903,"March 1 - 7, 1999",J.D. Crowe and the New South,Come On Down To My World,Rounder
americana,9903,"March 1 - 7, 1999","Dickens, Jones, Hawker",Heart Of A Singer,Rounder
americana,9903,"March 1 - 7, 1999",Rambler's Choice,Sounds Of The Mountains,Rounder
americana,9903,"March 1 - 7, 1999","Emmylou Harris, Linda Ronstadt, Dolly Parton",Trio II,Asylum
americana,9905,"May 3 - 9, 1999",Old 97's,Fight Songs,Elektra
americana,9905,"May 3 - 9, 1999",The Gourds,Ghosts Of Hallelujah,Munich
americana,9905,"May 3 - 9, 1999",Carl Sonny Leyland,I'm Wise,HMG
americana,9905,"May 3 - 9, 1999",The Blue Rags,Eat At Joe's,Sub Pop
americana,9905,"May 3 - 9, 1999",Mandy Barnett,I've Got A Right To Cry,Sire
americana,9905,"May 3 - 9, 1999",Shaver,Electric Shaver,New West
americana,9905,"May 3 - 9, 1999",Alejandro Escovedo,Bourbonitis Blues,Bloodshot
americana,9905,"May 3 - 9, 1999",Danny Gatton,Hot Rod Guitar: The Danny Gatton Anthology,Rhino
americana,9905,"May 3 - 9, 1999",Terry Allen,Salivation,Sugar Hill
americana,9905,"May 3 - 9, 1999",The Backsliders,Southern Lines,Mammoth
americana,9905,"May 3 - 9, 1999",Gerald Collier,Low Tar Taste,Aces and Eights
americana,9905,"May 3 - 9, 1999",Ned Sublette,Cowboy Rumba,Palm Pictures
americana,9905,"May 3 - 9, 1999",(Various),Appalachian Stomp: More Bluegrass Classics,Rhino
americana,9905,"May 3 - 9, 1999",Ronnie Dawson,More Bad Habits,Yep Roc
americana,9905,"May 3 - 9, 1999",Beausoliel,Cajunization,Rhino
americana,9905,"May 3 - 9, 1999",Spade Cooley,Shame On You,Soundies/ Bloodshot
americana,9905,"May 3 - 9, 1999",Toni Price,Low Down And Up,Antone's
americana,9905,"May 3 - 9, 1999",Billy Jack Wills and his Western Swing Band,"Crazy, Man, Crazy!",Joaquin
americana,9905,"May 3 - 9, 1999",Joe Goldmark,All Hat-No Cattle,HMG
americana,9905,"May 3 - 9, 1999",Big Sandy & his Fly-Rite Boys,Radio Favorites,HMG
americana,9905,"May 3 - 9, 1999",The Band That Made Milwaukee Famous,5-Song Demo,self-released
americana,9905,"May 3 - 9, 1999",Red Star Belgrade,The Fractured Hymnal,Checkered Past
americana,9905,"May 3 - 9, 1999",Cynthia Gayneau,Postcards From My Mind,Botte
americana,9905,"May 3 - 9, 1999",Jimmy Murphy,Electricity,Sugar Hill
americana,9905,"May 3 - 9, 1999",The Dickel Brothers,"Let Her Go, God Bless Her",Empty
americana,9905,"May 3 - 9, 1999",Clarence Gatemouth Brown,Blackjack,Sugar Hill
americana,9905,"May 3 - 9, 1999",Blue Rooster,Sweet Booty Biscuit,self-released
americana,9905,"May 3 - 9, 1999",Woody Guthrie,Buffalo Skinners,Smithsonian/Folkways
americana,9905,"May 3 - 9, 1999",Brian Kenny,A.M. Fade,Silver I
americana,9905,"May 3 - 9, 1999",The Capitol Hillbillies,The Capitol Hillbillies,self-released
americana,9905,"May 3 - 9, 1999",Chris Smither,Drive You Home Again,Hightone
americana,9905,"May 3 - 9, 1999",The Meat Purveyors,The Madonna Trilogy,Bloodshot
americana,9905,"May 3 - 9, 1999",Rex Allen,The Last Of The Great Singing Cowboys,Soundies
americana,9905,"May 3 - 9, 1999",Powell/O'Brien/Herrmann,Songs From The Mountain,Howdy Skies
americana,9905,"May 3 - 9, 1999",Bill Kirchen,Raise A Ruckus,Hightone
americana,9905,"May 3 - 9, 1999",(Various),The Texas Reunion,Skinny
americana,9905,"May 3 - 9, 1999",Scottie Sparks,Scottie Sparks,Doobie Shea
americana,9905,"May 3 - 9, 1999",June Carter Cash,Press On,Risk/Small Hairy Dog
americana,9905,"May 3 - 9, 1999",(Various),Pearls In The Snow,Kinkajou
americana,9905,"May 3 - 9, 1999",Jeff White,The Broken Road,Rounder
americana,9906,"May 3- June 6, 1999",Fred Eaglesmith,50-Odd Dollars,Razor & Tie
americana,9906,"May 3- June 6, 1999",Mary Janes,Record No. 1,Delmore
americana,9906,"May 3- June 6, 1999",Johnny Dilks & his Visitacion Valley Boys,Acres Of Heartache,HMG
americana,9906,"May 3- June 6, 1999",Shaver,Electric Shaver,New West
americana,9906,"May 3- June 6, 1999",Mandy Barnett,I've Got A Right To Cry,Sire
americana,9906,"May 3- June 6, 1999",The Backsliders,Southern Lines,Mammoth
americana,9906,"May 3- June 6, 1999",Carl Sonny Leyland,I'm Wise,HMG
americana,9906,"May 3- June 6, 1999",Ned Sublette,Cowboy Rumba,Palm Pictures
americana,9906,"May 3- June 6, 1999",The Blue Rags,Eat At Joe's,Sub Pop
americana,9906,"May 3- June 6, 1999",Danny Gatton,Hot Rod Guitar: The Danny Gatton Anthology,Rhino
americana,9906,"May 3- June 6, 1999",Alejandro Escovedo,Bourbonitis Blues,Bloodshot
americana,9906,"May 3- June 6, 1999",Spade Cooley,Shame On You,Soundies/ Bloodshot
americana,9906,"May 3- June 6, 1999",(Various),Rebels & Outlaws: Music From The Wild Side Of Life,Capitol
americana,9906,"May 3- June 6, 1999",Fernando,Old Man Motel,Cravedog
americana,9906,"May 3- June 6, 1999",(Various),Appalachian Stomp: More Bluegrass Classics,Rhino
americana,9906,"May 3- June 6, 1999",Toni Price,Low Down And Up,Antone's
americana,9906,"May 3- June 6, 1999",Bryan Cohen & the A.M. Disasters,Gone Awry,Weekend Furlough
americana,9906,"May 3- June 6, 1999",Joe Goldmark,All Hat-No Cattle,HMG
americana,9906,"May 3- June 6, 1999",Richard Buckner,Bloomed,Slow River / Rykodisc
americana,9906,"May 3- June 6, 1999",Red Star Belgrade,The Fractured Hymnal,Checkered Past
americana,9906,"May 3- June 6, 1999",Brian Kenny,A.M. Fade,Silver I
americana,9906,"May 3- June 6, 1999",Big Sandy & his Fly-Rite Boys,Radio Favorites,HMG
americana,9906,"May 3- June 6, 1999",Woody Guthrie,Buffalo Skinners,Smithsonian/Folkways
americana,9906,"May 3- June 6, 1999",Chris Smither,Drive You Home Again,Hightone
americana,9906,"May 3- June 6, 1999",Ronnie Dawson,More Bad Habits,Yep Roc
americana,9906,"May 3- June 6, 1999",The Band That Made Milwaukee Famous,5-Song Demo,self-released
americana,9906,"May 3- June 6, 1999",Cynthia Gayneau,Postcards From My Mind,Botte
americana,9906,"May 3- June 6, 1999",Bill Kirchen,Raise A Ruckus,Hightone
americana,9906,"May 3- June 6, 1999",The Dickel Brothers,"Let Her Go, God Bless Her",Empty
americana,9906,"May 3- June 6, 1999",Blue Rooster,Sweet Booty Biscuit,self-released
americana,9906,"May 3- June 6, 1999",Old 97's,Fight Songs,Elektra
americana,9906,"May 3- June 6, 1999",Longview,High Lonesome,Rounder
americana,9906,"May 3- June 6, 1999",Rex Allen,The Last Of The Great Singing Cowboys,Soundies
americana,9906,"May 3- June 6, 1999",Scottie Sparks,Scottie Sparks,Doobie Shea
americana,9906,"May 3- June 6, 1999",Powell/O'Brien/Herrmann,Songs From The Mountain,Howdy Skies
americana,9906,"May 3- June 6, 1999",The Capitol Hillbillies,The Capitol Hillbillies,self-released
americana,9906,"May 3- June 6, 1999",Lynn Morris,You'll Never Be The Sun,Rounder
americana,9906,"May 3- June 6, 1999",Benny Martin,"The ""Big Tiger"" Roars Again Part 1",OMS
americana,9906,"May 3- June 6, 1999",(Various),Pearls In The Snow,Kinkajou
americana,9906,"May 3- June 6, 1999",June Carter Cash,Press On,Risk/Small Hairy Dog
americana,9907,"June 28 - July 4, 1999",Fred Eaglesmith,50-Odd Dollars,Razor & Tie
americana,9907,"June 28 - July 4, 1999",Mary Janes,Record No. 1,Delmore
americana,9907,"June 28 - July 4, 1999",(Various),Edges From The Postcard 3,Hayden's Ferry
americana,9907,"June 28 - July 4, 1999",(Various),Return Of The Grievous Angel,Almo Sounds
americana,9907,"June 28 - July 4, 1999",Johnny Dilks & his Visitacion Valley Boys,Acres Of Heartache,HMG
americana,9907,"June 28 - July 4, 1999",Shaver,Electric Shaver,New West
americana,9907,"June 28 - July 4, 1999",The Blue Rags,Eat At Joe's,Sub Pop
americana,9907,"June 28 - July 4, 1999",Danny Gatton,Hot Rod Guitar: The Danny Gatton Anthology,Rhino
americana,9907,"June 28 - July 4, 1999",Bryan Cohen & the A.M. Disasters,Gone Awry,Weekend Furlough
americana,9907,"June 28 - July 4, 1999",(Various),Rebels & Outlaws: Music From The Wild Side Of Life,Capitol
americana,9907,"June 28 - July 4, 1999",Lyle Lovett,Live In Texas,Curb / MCA
americana,9907,"June 28 - July 4, 1999",(Various),Appalachian Stomp: More Bluegrass Classics,Rhino
americana,9907,"June 28 - July 4, 1999",Fernando,Old Man Motel,Cravedog
americana,9907,"June 28 - July 4, 1999",Jon Dee Graham,Summerland,New West
americana,9907,"June 28 - July 4, 1999",Spade Cooley,Shame On You,Soundies/ Bloodshot
americana,9907,"June 28 - July 4, 1999",The Dickel Brothers,"Let Her Go, God Bless Her",Empty
americana,9907,"June 28 - July 4, 1999",Kevin Welch,Beneath My Wheels,Dead Reckoning
americana,9907,"June 28 - July 4, 1999",Richard Buckner,Bloomed,Slow River / Rykodisc
americana,9907,"June 28 - July 4, 1999",Joe Goldmark,All Hat-No Cattle,HMG
americana,9907,"June 28 - July 4, 1999",Toni Price,Low Down And Up,Antone's
americana,9907,"June 28 - July 4, 1999",Red Star Belgrade,The Fractured Hymnal,Checkered Past
americana,9907,"June 28 - July 4, 1999",The Backsliders,Southern Lines,Mammoth
americana,9907,"June 28 - July 4, 1999",Alejandro Escovedo,Bourbonitis Blues,Bloodshot
americana,9907,"June 28 - July 4, 1999",Brian Kenny,A.M. Fade,Silver I
americana,9907,"June 28 - July 4, 1999",Ronnie Dawson,More Bad Habits,Yep Roc
americana,9907,"June 28 - July 4, 1999",Bill Kirchen,Raise A Ruckus,Hightone
americana,9907,"June 28 - July 4, 1999",Mandy Barnett,I've Got A Right To Cry,Sire
americana,9907,"June 28 - July 4, 1999",Ned Sublette,Cowboy Rumba,Palm Pictures
americana,9907,"June 28 - July 4, 1999",Longview,High Lonesome,Rounder
americana,9907,"June 28 - July 4, 1999",Carl Sonny Leyland,I'm Wise,HMG
americana,9907,"June 28 - July 4, 1999",Marty Stuart,The Pilgrim,MCA
americana,9907,"June 28 - July 4, 1999",Rex Allen,The Last Of The Great Singing Cowboys,Soundies
americana,9907,"June 28 - July 4, 1999",Woody Guthrie,Buffalo Skinners,Smithsonian/Folkways
americana,9907,"June 28 - July 4, 1999",Powell/O'Brien/Herrmann,Songs From The Mountain,Howdy Skies
americana,9907,"June 28 - July 4, 1999",Big Sandy & his Fly-Rite Boys,Radio Favorites,HMG
americana,9907,"June 28 - July 4, 1999",Scottie Sparks,Scottie Sparks,Doobie Shea
americana,9907,"June 28 - July 4, 1999",Blue Rooster,Sweet Booty Biscuit,self-released
americana,9907,"June 28 - July 4, 1999",Lynn Morris,You'll Never Be The Sun,Rounder
americana,9907,"June 28 - July 4, 1999",Benny Martin,"The ""Big Tiger"" Roars Again Part 1",OMS
americana,9907,"June 28 - July 4, 1999",June Carter Cash,Press On,Risk/Small Hairy Dog
americana,9908,"August 2 - 8, 1999",The Dusty 45s,Shackin' Up,self-released
americana,9908,"August 2 - 8, 1999",Kelly Joe Phelps,Shine Eyed Mister Zen,Rykodisc
americana,9908,"August 2 - 8, 1999",Wayne Hancock,"Wild, Free & Reckless",Ark 21
americana,9908,"August 2 - 8, 1999",The Meat Purveyors,More Songs About Buildings and Food,Bloodshot
americana,9908,"August 2 - 8, 1999",Hot Club of Cowtown,Tall Tales,Hightone
americana,9908,"August 2 - 8, 1999",(Various),Edges From The Postcard 3,Hayden's Ferry
americana,9908,"August 2 - 8, 1999",(Various),Return Of The Grievous Angel,Almo Sounds
americana,9908,"August 2 - 8, 1999",Bobby Horton vs. Derek Peterson,14 Jawbreakin' Hits!,Texas Jamboree
americana,9908,"August 2 - 8, 1999",Dave Schramm,Hammer and Nails,Cantamount
americana,9908,"August 2 - 8, 1999",Courtney Granger,Un Bal Chez Balfa,Rounder
americana,9908,"August 2 - 8, 1999",The Sovines,Truckers Welcome,Kingpin
americana,9908,"August 2 - 8, 1999",Clarence Gatemouth Brown,"American Music, Texas Style",Blue Thumb
americana,9908,"August 2 - 8, 1999",Road Kings,Road Kings,Surfdog
americana,9908,"August 2 - 8, 1999",Bruce Daigrepont,Paradis,Rounder
americana,9908,"August 2 - 8, 1999",Julie Miller,Broken Things,Hightone
americana,9908,"August 2 - 8, 1999",Texas Tornados,"Live From The Limo, Volume 1",Frontera
americana,9908,"August 2 - 8, 1999",Jon Dee Graham,Summerland,New West
americana,9908,"August 2 - 8, 1999",Lyle Lovett,Live In Texas,Curb / MCA
americana,9908,"August 2 - 8, 1999",Chez les Cajuns,Chez les Cajuns,Narada
americana,9908,"August 2 - 8, 1999",Rex Hobart & the Misery Boys,Forever Always Ends,Bloodshot
americana,9908,"August 2 - 8, 1999",Kevin Welch,Beneath My Wheels,Dead Reckoning
americana,9908,"August 2 - 8, 1999",Richard Buckner,Bloomed,Slow River / Rykodisc
americana,9908,"August 2 - 8, 1999",The Paladins,Slippin' In,RUF
americana,9908,"August 2 - 8, 1999",Ray Wylie Hubbard,Crusades Of The Restless Knights,Philo
americana,9908,"August 2 - 8, 1999",Bryan Cohen & the A.M. Disasters,Gone Awry,Weekend Furlough
americana,9908,"August 2 - 8, 1999",Fernando,Old Man Motel,Cravedog
americana,9908,"August 2 - 8, 1999",The Dickel Brothers,"Let Her Go, God Bless Her",Empty
americana,9908,"August 2 - 8, 1999",Mary Janes,Record No. 1,Delmore
americana,9908,"August 2 - 8, 1999",Jesse Winchester,Gentleman of Leisure,Sugar Hill
americana,9908,"August 2 - 8, 1999",Bruce Robison,Long Way Home From Anywhere,Lucky Dog
americana,9908,"August 2 - 8, 1999",Johnny Dilks & his Visitacion Valley Boys,Acres Of Heartache,HMG
americana,9908,"August 2 - 8, 1999",Blue Highway,Blue Highway,Ceili Music
americana,9908,"August 2 - 8, 1999",Marty Stuart,The Pilgrim,MCA
americana,9908,"August 2 - 8, 1999",Longview,High Lonesome,Rounder
americana,9908,"August 2 - 8, 1999",Fred Eaglesmith,50-Odd Dollars,Razor & Tie
americana,9908,"August 2 - 8, 1999",Dudley Connell & Don Rigsby,Meet Me By The Moonlight,Sugar Hill
americana,9908,"August 2 - 8, 1999",(Various),Rebels & Outlaws: Music From The Wild Side Of Life,Capitol
americana,9908,"August 2 - 8, 1999",George Jones,Cold Hard Truth,Asylum
americana,9908,"August 2 - 8, 1999",Lynn Morris,You'll Never Be The Sun,Rounder
americana,9908,"August 2 - 8, 1999",Benny Martin,"The ""Big Tiger"" Roars Again Part 1",OMS
americana,9909,"August 30 - Sept 5, 1999",Rico Bell & The Snake Handlers,Dark Side of The Mersey,Bloodshot
americana,9909,"August 30 - Sept 5, 1999",Wayne Hancock,"Wild, Free & Reckless",Ark 21
americana,9909,"August 30 - Sept 5, 1999",The Dusty 45s,Shackin' Up,self-released
americana,9909,"August 30 - Sept 5, 1999",Kelly Joe Phelps,Shine Eyed Mister Zen,Rykodisc
americana,9909,"August 30 - Sept 5, 1999",The Meat Purveyors,More Songs About Buildings and Cows,Bloodshot
americana,9909,"August 30 - Sept 5, 1999",Hot Club of Cowtown,Tall Tales,Hightone
americana,9909,"August 30 - Sept 5, 1999",Julie Miller,Broken Things,Hightone
americana,9909,"August 30 - Sept 5, 1999",Souvenirs,King of Heartache,Will
americana,9909,"August 30 - Sept 5, 1999",Dave Schramm,Hammer and Nails,Cantamount
americana,9909,"August 30 - Sept 5, 1999",Courtney Granger,Un Bal Chez Balfa,Rounder
americana,9909,"August 30 - Sept 5, 1999",Volebeats,Solitude,Safe House
americana,9909,"August 30 - Sept 5, 1999",Jack Ingram,Hey You,Lucky Dog
americana,9909,"August 30 - Sept 5, 1999",Anna Fermin's Trigger Gospel,Things To Come,Sighlow
americana,9909,"August 30 - Sept 5, 1999",Bruce Daigrepont,Paradis,Rounder
americana,9909,"August 30 - Sept 5, 1999",Hank Williams III,Risin' Outlaw,Curb
americana,9909,"August 30 - Sept 5, 1999",Buckeye,Buckeye,self-released
americana,9909,"August 30 - Sept 5, 1999",Road Kings,Road Kings,Surfdog
americana,9909,"August 30 - Sept 5, 1999",Chez les Cajuns,Chez les Cajuns,Narada
americana,9909,"August 30 - Sept 5, 1999",Bobby Horton vs. Derek Peterson,14 Jawbreakin' Hits!,Texas Jamboree
americana,9909,"August 30 - Sept 5, 1999",Texas Tornados,"Live From The Limo, Volume 1",Frontera
americana,9909,"August 30 - Sept 5, 1999",The Sovines,Truckers Welcome,Kingpin
americana,9909,"August 30 - Sept 5, 1999",Clarence Gatemouth Brown,"American Music, Texas Style",Blue Thumb
americana,9909,"August 30 - Sept 5, 1999",Ray Wylie Hubbard,Crusades Of The Restless Knights,Philo
americana,9909,"August 30 - Sept 5, 1999",Lyle Lovett,Live In Texas,Curb / MCA
americana,9909,"August 30 - Sept 5, 1999",(Various),Edges From The Postcard 3,Hayden's Ferry
americana,9909,"August 30 - Sept 5, 1999",The Paladins,Slippin' In,RUF
americana,9909,"August 30 - Sept 5, 1999",Jon Dee Graham,Summerland,New West
americana,9909,"August 30 - Sept 5, 1999",Bruce Robison,Long Way Home From Anywhere,Lucky Dog
americana,9909,"August 30 - Sept 5, 1999",Rex Hobart & the Misery Boys,Forever Always Ends,Bloodshot
americana,9909,"August 30 - Sept 5, 1999",Jesse Winchester,Gentleman of Leisure,Sugar Hill
americana,9909,"August 30 - Sept 5, 1999",Roger Wallace,Hillbilly Heights,Texas Round-Up
americana,9909,"August 30 - Sept 5, 1999",(Various),Return Of The Grievous Angel,Almo Sounds
americana,9909,"August 30 - Sept 5, 1999",Mountain Heart,Mountain Heart,Doobie Shea
americana,9909,"August 30 - Sept 5, 1999",Kevin Welch,Beneath My Wheels,Dead Reckoning
americana,9909,"August 30 - Sept 5, 1999",Blue Highway,Blue Highway,Ceili Music
americana,9909,"August 30 - Sept 5, 1999",Dudley Connell & Don Rigsby,Meet Me By The Moonlight,Sugar Hill
americana,9909,"August 30 - Sept 5, 1999",Marty Stuart,The Pilgrim,MCA
americana,9909,"August 30 - Sept 5, 1999",The Dickel Brothers,"Let Her Go, God Bless Her",Empty
americana,9909,"August 30 - Sept 5, 1999",Asleep At The Wheel,Ride With Bob,DreamWorks
americana,9909,"August 30 - Sept 5, 1999",George Jones,Cold Hard Truth,Asylum
americana,9912,"December 6 - December 12, 1999",Sally Timms,Cowboy Sally's Twilight Laments,Bloodshot
americana,9912,"December 6 - December 12, 1999",The Ex-Husbands,All Gussied Up,Tar Hut
americana,9912,"December 6 - December 12, 1999",Teddy Morgan and the Pistolas,Lost Love and Highways,Hightone
americana,9912,"December 6 - December 12, 1999",Deke Dickerson and the Ecco-fonics,More Million Sellers,Hightone
americana,9912,"December 6 - December 12, 1999",Tom Morrell and the Time-Warp Top Hands,Wolf Tracks,Shanachie
americana,9912,"December 6 - December 12, 1999",Guy Clark,Cold Dog Soup,Sugar Hill
americana,9912,"December 6 - December 12, 1999",Buddy Miller,Cruel Moon,Hightone
americana,9912,"December 6 - December 12, 1999",Last Train Home,True North,Adult Swim
americana,9912,"December 6 - December 12, 1999",Blue Mountain,Tales Of A Traveler,Roadrunner
americana,9912,"December 6 - December 12, 1999",RB Morris,Zeke and the Wheel,Koch
americana,9912,"December 6 - December 12, 1999",Richmond Fontaine,Lost Son,Cavity Search
americana,9912,"December 6 - December 12, 1999",Larry Barrett,The Big Slowdown,Barking Music
americana,9912,"December 6 - December 12, 1999",Pete Krebs,Bittersweet Valentines,Cavity Search
americana,9912,"December 6 - December 12, 1999",(Various),Poor Little Knitter On The Road,Bloodshot
americana,9912,"December 6 - December 12, 1999",The Derailers,Full Western Dress,Sire
americana,9912,"December 6 - December 12, 1999",Octa Clark & Hector Duhon,Old Time Cajun Music,Arhoolie
americana,9912,"December 6 - December 12, 1999",The Souvenirs,King of Heartache,Will
americana,9912,"December 6 - December 12, 1999",Johnny Dowd,Pictures From Life's Other Side,Koch
americana,9912,"December 6 - December 12, 1999",The Cornell Hurd Band,At Large,Behemoth
americana,9912,"December 6 - December 12, 1999",Don Walser,Here's To Country Music,Sire
americana,9912,"December 6 - December 12, 1999",Lee Hazlewood,Requiem For An Almost Lady/Trouble Is A Lonesome Town,Smells Like
americana,9912,"December 6 - December 12, 1999",Freakwater,End Time,Thrill Jockey
americana,9912,"December 6 - December 12, 1999",The Lloyds,The Lloyds,self-released
americana,9912,"December 6 - December 12, 1999",Trailer Bride,Whine De Lune,Bloodshot
americana,9912,"December 6 - December 12, 1999",The Sadies,Pure Diamond Gold,Bloodshot
americana,9912,"December 6 - December 12, 1999",Hank Thompson,Hank World,Bloodshot/Soundies
americana,9912,"December 6 - December 12, 1999",Bottle Rockets,Brand New Year,Doolittle
americana,9912,"December 6 - December 12, 1999",Red Mountain Mixes,Howlin' Wind,RMR
americana,9912,"December 6 - December 12, 1999","Barnes, Hokkanen & Rubin",aka the mad cat trio,LumpyDisc
americana,9912,"December 6 - December 12, 1999",Pee Wee King's Country Hoedown Bloodshot,,
americana,9912,"December 6 - December 12, 1999",The Mavericks,Super Colossal Smash Hits Of The 90s,Mercury
americana,9912,"December 6 - December 12, 1999",Dolly Parton - T,he Grass Is Blue,Sugar Hill
americana,9912,"December 6 - December 12, 1999",Ed Burleson,My Perfect World,(Tornado)
americana,9912,"December 6 - December 12, 1999",Larry Cordle & Lonesome Standard Time,Murder On Music Row,Shell Point
americana,9912,"December 6 - December 12, 1999",IIIrd Tyme Out,John & Mary,Rounder
americana,9912,"December 6 - December 12, 1999",Jim Lauderdale & Ralph Stanley,I Feel Like Singing Today,Rebel
americana,9912,"December 6 - December 12, 1999",Katy Moffatt,Loose Diamond,Hightone
americana,9912,"December 6 - December 12, 1999",Alan Jackson,Under The Influence,Arista
americana,9912,"December 6 - December 12, 1999",Gary Allan,Smoke Rings In the Dark MCA,
americana,9912,"December 6 - December 12, 1999",The Dixie Chicks,Fly,Monument
blues,0001,"January 3 - January 9, 2000",(Various),Earwig Music 20th Anniversary Special,(Earwig)
blues,0001,"January 3 - January 9, 2000",Lurrie Bell,Blues Had A Baby,( Delmark )
blues,0001,"January 3 - January 9, 2000",(Various),Deep South Blues,( HMG/High Water )
blues,0001,"January 3 - January 9, 2000",B.B. King,Let The Good Times Roll,( MCA )
blues,0001,"January 3 - January 9, 2000",(Various),Chicago Ain't Nothin' But A Blues Band,( Delmark )
blues,0001,"January 3 - January 9, 2000",Sunnyland Slim,Smile On My Face,( Delmark )
blues,0001,"January 3 - January 9, 2000",(Various),Living Country Blues,(Evidence)
blues,0001,"January 3 - January 9, 2000",(Various),Sacred Steel - Live!,( Arhoolie )
blues,0001,"January 3 - January 9, 2000",Joe Louis Walker,Silvertone Blues,( Blue Thumb )
blues,0001,"January 3 - January 9, 2000",(Various),Central Avenue Sounds,( Rhino )
blues,0002,"January 31 - February 6, 2000",(Various),Music From The Zydeco Kingdom,( Rounder )
blues,0002,"January 31 - February 6, 2000",Super Chikan,What You See,( Fat Possum )
blues,0002,"January 31 - February 6, 2000",Sugarman Three,Soul Donkey,( Desco )
blues,0002,"January 31 - February 6, 2000",Sax Gordon,You Knock Me Out,( Bullseye )
blues,0002,"January 31 - February 6, 2000",Claude Williams,Swingin' The Blues,( Bullseye )
blues,0002,"January 31 - February 6, 2000",(Various),Louisiana Gumbo,( Putumayo )
blues,0002,"January 31 - February 6, 2000",R.L. Burnside,My Black Name A-Ringin',(Genes)
blues,0002,"January 31 - February 6, 2000","Clifton Chenier, Mance Lipscomb, Lightning Hopkins",Live!,( Arhoolie )
blues,0002,"January 31 - February 6, 2000",(Various),Earwig Music 20th Anniversary Special,(Earwig)
blues,0002,"January 31 - February 6, 2000",(Various),Deep South Blues,( HMG/High Water )
blues,9604,"April 1-7, 1996",Big Al Dupree,Swings The Blues,Dallas Blues Society
blues,9604,"April 1-7, 1996",Taj Mahal,Phantom Blues,Private
blues,9604,"April 1-7, 1996",W C Clark,Texas Soul,Black Top
blues,9604,"April 1-7, 1996",Long John Hunter,Border Town Legend,Alligator
blues,9604,"April 1-7, 1996",Wynonie Harris,Everybody Boogie!,Delmark
blues,9604,"April 1-7, 1996",Chicago Bob Nelson,Back To Bogalusa,King Snake
blues,9604,"April 1-7, 1996",Smoky Babe/H Johnson,Louisiana Country Blues,Arhoolie
blues,9604,"April 1-7, 1996",Cephas & Wiggins,Cool Down,Alligator
blues,9604,"April 1-7, 1996",Slim Harpo,The Scratch,Excello
blues,9604,"April 1-7, 1996","Blu Lu,Wee Bea,Baby D",Don't You Feel My Leg,Delmark
blues,9605,"April 29-May 5, 1996",Alvin Youngblood Hart,Big Mama's Door,OKeh/550 Music
blues,9605,"April 29-May 5, 1996",Big Al Dupree,Swings The Blues,Dallas Blues Society
blues,9605,"April 29-May 5, 1996",(Various),Collectors' Choice,Rounder
blues,9605,"April 29-May 5, 1996",Ernie Johnson,In The Mood,Waldoxy
blues,9605,"April 29-May 5, 1996",W C Clark,Texas Soul,Black Top
blues,9605,"April 29-May 5, 1996","Blu Lu,Wee Bea,Baby D",Don't You Feel My Leg,Delmark
blues,9605,"April 29-May 5, 1996",Wynonie Harris,Everybody Boogie!,Delmark
blues,9605,"April 29-May 5, 1996",Chicago Bob Nelson,Back To Bogalusa,King Snake
blues,9605,"April 29-May 5, 1996",Taj Mahal,Phantom Blues,Private
blues,9605,"April 29-May 5, 1996",Alphonse Ardoin,Le Musique Creole,Arhoolie
blues,9606,"June 3-9, 1996",Alvin Youngblood Hart,Big Mama's Door,OKeh/550 Music
blues,9606,"June 3-9, 1996",Floyd Dixon,Wake Up And Live!,Alligator
blues,9606,"June 3-9, 1996",(Various),Collectors' Choice,Rounder
blues,9606,"June 3-9, 1996",W C Clark,Texas Soul,Black Top
blues,9606,"June 3-9, 1996",Ernie Johnson,In The Mood,Waldoxy
blues,9606,"June 3-9, 1996",Reverend Gary Davis,"O, Glory",Genes
blues,9606,"June 3-9, 1996",Big Al Dupree,Swings The Blues,Dallas Blues Society
blues,9606,"June 3-9, 1996",Wynonie Harris,Everybody Boogie!,Delmark
blues,9606,"June 3-9, 1996",Alphonse Ardoin,Le Musique Creole,Arhoolie
blues,9606,"June 3-9, 1996","Blu Lu,Wee Bea,Baby D",Don't You Feel My Leg,Delmark
blues,9607,"July 1-7, 1996",Alvin Youngblood Hart,Big Mama's Door,OKeh/550 Music
blues,9607,"July 1-7, 1996",Floyd Dixon,Wake Up And Live!,Alligator
blues,9607,"July 1-7, 1996",Geno Delafose,That's What I'm Talking,Rounder
blues,9607,"July 1-7, 1996",Rusty Zinn,Sittin' & Waitin',Black Top
blues,9607,"July 1-7, 1996",Robert Ealey,Turn Out The Lights,Black Top
blues,9607,"July 1-7, 1996",(Various),Collectors' Choice,Rounder
blues,9607,"July 1-7, 1996",Keb' Mo',Just Like You,OKeh/Epic
blues,9607,"July 1-7, 1996",Reverend Gary Davis,"O, Glory",Genes
blues,9607,"July 1-7, 1996",W C Clark,Texas Soul,Black Top
blues,9607,"July 1-7, 1996",Ernie Johnson,In The Mood,Waldoxy
blues,9608,"July 29-August 4, 1996",R L Burnside,A Ass Pocket Of Whiskey,Matador
blues,9608,"July 29-August 4, 1996",Dave Soldier,The Kropotkins,Koch
blues,9608,"July 29-August 4, 1996",Johnny Copeland,Jungle Swing,Verve
blues,9608,"July 29-August 4, 1996",Geno Delafose,That's What I'm Talking,Rounder
blues,9608,"July 29-August 4, 1996",Floyd Dixon,Wake Up And Live!,Alligator
blues,9608,"July 29-August 4, 1996",Rusty Zinn,Sittin' & Waitin',Black Top
blues,9608,"July 29-August 4, 1996",Byther Smith,Mississippi Kid,Delmark
blues,9608,"July 29-August 4, 1996",William Clarke,The Hard Way,Alligator
blues,9608,"July 29-August 4, 1996",Tutu Jones,Blue Texas Soul,Bullseye
blues,9608,"July 29-August 4, 1996",Robert Ealey,Turn Out The Lights,Black Top
blues,9609,"September 2-8, 1996",Dave Soldier,The Kropotkins,Koch
blues,9609,"September 2-8, 1996",R L Burnside,A Ass Pocket Of Whiskey,Matador
blues,9609,"September 2-8, 1996",Beau Jocque,Gonna Take You Downtown,Rounder
blues,9609,"September 2-8, 1996",Johnny Copeland,Jungle Swing,Verve
blues,9609,"September 2-8, 1996",(Various),Angola Prisoners' Blues,Arhoolie
blues,9609,"September 2-8, 1996",Robert Ealey,Turn Out The Lights,Black Top
blues,9609,"September 2-8, 1996",Tutu Jones,Blue Texas Soul,Bullseye
blues,9609,"September 2-8, 1996",William Clarke,The Hard Way,Alligator
blues,9609,"September 2-8, 1996",Byther Smith,Mississippi Kid,Delmark
blues,9609,"September 2-8, 1996",Rusty Zinn,Sittin' & Waitin',Black Top
blues,9610,"September 30-October 6, 1996",Dave Soldier,The Kropotkins,Koch
blues,9610,"September 30-October 6, 1996",Beau Jocque,Gonna Take You Downtown,Rounder
blues,9610,"September 30-October 6, 1996",(Various),Angola Prisoners' Blues,Arhoolie
blues,9610,"September 30-October 6, 1996",Johnny Copeland,Jungle Swing,Verve
blues,9610,"September 30-October 6, 1996",Robert Ealey,Turn Out The Lights,Black Top
blues,9610,"September 30-October 6, 1996",Byther Smith,Mississippi Kid,Delmark
blues,9610,"September 30-October 6, 1996",Tutu Jones,Blue Texas Soul,Bullseye
blues,9610,"September 30-October 6, 1996",William Clarke,The Hard Way,Alligator
blues,9610,"September 30-October 6, 1996",Rusty Zinn,Sittin' & Waitin',Black Top
blues,9610,"September 30-October 6, 1996",R L Burnside,A Ass Pocket Of Whiskey,Matador
blues,9611,"October 28-November 3, 1996",(Various),The Doo Wop Box II,Rhino
blues,9611,"October 28-November 3, 1996",Guy Davis,Call Down The Thunder,Red House
blues,9611,"October 28-November 3, 1996",Mike Henderson,First Blood,Dead Reckoning
blues,9611,"October 28-November 3, 1996",Skip James,Skip's Piano Blues,Genes/ Adelphi
blues,9611,"October 28-November 3, 1996",(Various),Evidence Blues Sampler 5,Evidence
blues,9611,"October 28-November 3, 1996",Johnny Moeller & Paul Size,Return Of The Funky Worm,Dallas Blues Society
blues,9611,"October 28-November 3, 1996",Tell Me Something:,Songs Of Mose Allison,Verve
blues,9611,"October 28-November 3, 1996",Chambers Brothers,Time Has Come,Columbia / Legacy
blues,9611,"October 28-November 3, 1996","Richard ""Hacksaw"" Harney",Sweet Man,Genes/ Adelphi
blues,9611,"October 28-November 3, 1996",Beau Jocque,Gonna Take You Downtown,Rounder
blues,9612,"December 2-8, 1996",(Various),The Doo Wop Box II,Rhino
blues,9612,"December 2-8, 1996",Guy Davis,Call Down The Thunder,Red House
blues,9612,"December 2-8, 1996",Mike Henderson,First Blood,Dead Reckoning
blues,9612,"December 2-8, 1996",Son Seals,Live - Spontaneous Combustion,Alligator
blues,9612,"December 2-8, 1996",(Various),Blues Piano Orgy,Delmark
blues,9612,"December 2-8, 1996",Jimmy Dawkins Band,Blisterstring,Delmark
blues,9612,"December 2-8, 1996",Speckled Red,The Dirty Dozens,Delmark
blues,9612,"December 2-8, 1996",Johnny Moeller & Paul Size,Return Of The Funky Worm,Dallas Blues Society
blues,9612,"December 2-8, 1996",L.C. Robinson,Mojo In My Mind,Arhoolie
blues,9612,"December 2-8, 1996",Tell Me Something:,Songs Of Mose Allison,Verve
blues,9701,"December 30-January 5, 1997",(Various),The Doo Wop Box II,Rhino
blues,9701,"December 30-January 5, 1997",Guy Davis,Call Down The Thunder,Red House
blues,9701,"December 30-January 5, 1997",Mike Henderson,First Blood,Dead Reckoning
blues,9701,"December 30-January 5, 1997",Johnny Yard Dog Jones,Ain't Gonna Worry,Earwig
blues,9701,"December 30-January 5, 1997",(Various),Blues Guitar Greats,Delmark
blues,9701,"December 30-January 5, 1997",Jimmy Dawkins Band,Blisterstring,Delmark
blues,9701,"December 30-January 5, 1997",L.C. Robinson,Mojo In My Mind,Arhoolie
blues,9701,"December 30-January 5, 1997",Willie Kent,Long Way To Ol' Miss,Delmark
blues,9701,"December 30-January 5, 1997",Son Seals,Live - Spontaneous Combustion,Alligator
blues,9701,"December 30-January 5, 1997",(Various),Blues Piano Orgy,Delmark
blues,9702,"February 3-9, 1997",Snooky Pryor,Mind Your Own Business,Antone's / Discovery
blues,9702,"February 3-9, 1997",Luther Guitar Junior Johnson,Doin' The Sugar Too,Bullseye
blues,9702,"February 3-9, 1997",Darrell Nulisch,Bluesoul,Higher Plane
blues,9702,"February 3-9, 1997",Jimmy Dawkins Band,Blisterstring,Delmark
blues,9702,"February 3-9, 1997",Willie Kent,Long Way To Ol' Miss,Delmark
blues,9702,"February 3-9, 1997",The Holmes Brothers,Promised Land,Rounder
blues,9702,"February 3-9, 1997",King Ernest,King Of Hearts,Evidence
blues,9702,"February 3-9, 1997",Johnny Yard Dog Jones,Ain't Gonna Worry,Earwig
blues,9702,"February 3-9, 1997",(Various),Blues Piano Orgy,Delmark
blues,9702,"February 3-9, 1997",L.C. Robinson,Mojo In My Mind,Arhoolie
blues,9703,"March 3-9, 1997",R L Burnside,Mr. Wizard,Fat Possum
blues,9703,"March 3-9, 1997",(Various),Sacred Steel,Arhoolie
blues,9703,"March 3-9, 1997",Snooky Pryor,Mind Your Own Business,Antone's / Discovery
blues,9703,"March 3-9, 1997",Luther Guitar Junior Johnson,Doin' The Sugar Too,Bullseye
blues,9703,"March 3-9, 1997","Artie ""Blues Boy"" White",Home Tonight,Waldoxy / Malaco
blues,9703,"March 3-9, 1997",The Holmes Brothers,Promised Land,Rounder
blues,9703,"March 3-9, 1997",Darrell Nulisch,Bluesoul,Higher Plane
blues,9703,"March 3-9, 1997",King Ernest,King Of Hearts,Evidence
blues,9703,"March 3-9, 1997",Willie Kent,Long Way To Ol' Miss,Delmark
blues,9703,"March 3-9, 1997",Johnny Yard Dog Jones,Ain't Gonna Worry,Earwig
blues,9704,"March 31-April 6, 1997",R L Burnside,Mr. Wizard,Fat Possum
blues,9704,"March 31-April 6, 1997",Corey Harris,Fish Ain't Bitin',Alligator
blues,9704,"March 31-April 6, 1997",(Various),Sacred Steel,Arhoolie
blues,9704,"March 31-April 6, 1997",Smokey Wilson,The Man From Mars,Bullseye
blues,9704,"March 31-April 6, 1997",Lead Belly,Bourgeois Blues,Smithsonian Folkways
blues,9704,"March 31-April 6, 1997","Artie ""Blues Boy"" White",Home Tonight,Waldoxy / Malaco
blues,9704,"March 31-April 6, 1997",Isaac Scott,High Class Woman,Shakira
blues,9704,"March 31-April 6, 1997",Harmonica Frank Lloyd,Great Medical Menagerist,Adelphi/Genes
blues,9704,"March 31-April 6, 1997",Darrell Nulisch,Bluesoul,Higher Plane
blues,9704,"March 31-April 6, 1997",Johnny Yard Dog Jones,Ain't Gonna Worry,Earwig
blues,9705,"April 28-May 4, 1997",Corey Harris,Fish Ain't Bitin',Alligator
blues,9705,"April 28-May 4, 1997",R L Burnside,Mr. Wizard,Fat Possum
blues,9705,"April 28-May 4, 1997",Junior Kimbrough,Most Things Haven't Worked Out,Fat Possum / Capricorn
blues,9705,"April 28-May 4, 1997",(Various),Sacred Steel,Arhoolie
blues,9705,"April 28-May 4, 1997",Smokey Wilson,The Man From Mars,Bullseye
blues,9705,"April 28-May 4, 1997",Charlie Musselwhite,Rough News,Pointblank
blues,9705,"April 28-May 4, 1997",Lead Belly,Bourgeois Blues,Smithsonian Folkways
blues,9705,"April 28-May 4, 1997",Isaac Scott,High Class Woman,Shakira
blues,9705,"April 28-May 4, 1997","Artie ""Blues Boy"" White",Home Tonight,Waldoxy / Malaco
blues,9705,"April 28-May 4, 1997",Darrell Nulisch,Bluesoul,Higher Plane
blues,9706,"June 2-8, 1997",Junior Kimbrough,Most Things Haven't Worked Out,Fat Possum / Capricorn
blues,9706,"June 2-8, 1997",Corey Harris,Fish Ain't Bitin',Alligator
blues,9706,"June 2-8, 1997","Robert ""Bilbo"" Walker",Promised Land,Rooster Blues
blues,9706,"June 2-8, 1997",Charlie Musselwhite,Rough News,Pointblank
blues,9706,"June 2-8, 1997",Lead Belly,Bourgeois Blues,Smithsonian Folkways
blues,9706,"June 2-8, 1997",Isaac Scott,High Class Woman,Shakira
blues,9706,"June 2-8, 1997",Smokey Wilson,The Man From Mars,Bullseye
blues,9706,"June 2-8, 1997",(Various),Sacred Steel,Arhoolie
blues,9706,"June 2-8, 1997","Artie ""Blues Boy"" White",Home Tonight,Waldoxy / Malaco
blues,9706,"June 2-8, 1997",R L Burnside,Mr. Wizard,Fat Possum
blues,9707,"June 30-July 6, 1997",T-Model Ford,Pee-Wee Get My Gun,Fat Possum
blues,9707,"June 30-July 6, 1997",Twenty Miles,Twenty Miles,Fat Possum
blues,9707,"June 30-July 6, 1997",Super Chikan,Blues Come Home To Roost,Rooster Blues
blues,9707,"June 30-July 6, 1997","Robert ""Bilbo"" Walker",Promised Land,Rooster Blues
blues,9707,"June 30-July 6, 1997",(Various),Northwest Harmonica Showcase,Bluestown
blues,9707,"June 30-July 6, 1997",Tucker & Thomas,Stranded,HMG/ Hightone
blues,9707,"June 30-July 6, 1997",Taj Mahal,Senor Blues,Private Music
blues,9707,"June 30-July 6, 1997",Charlie Musselwhite,Rough News,Pointblank
blues,9707,"June 30-July 6, 1997",Corey Harris,Fish Ain't Bitin',Alligator
blues,9707,"June 30-July 6, 1997",Junior Kimbrough,Most Things Haven't Worked Out,Fat Possum/ Capricorn
blues,9708,"September 1-7, 1997",T-Model Ford,Pee-Wee Get My Gun,Fat Possum
blues,9708,"September 1-7, 1997",Twenty Miles,Twenty Miles,Fat Possum
blues,9708,"September 1-7, 1997",Billy Lee Riley,Hot Damn!,Capricorn
blues,9708,"September 1-7, 1997",Chris Ardoin,Gon' Be Jus' Fine,Rounder
blues,9708,"September 1-7, 1997",Tucker & Thomas,Stranded,HMG/ Hightone
blues,9708,"September 1-7, 1997",(Various),Northwest Harmonica Showcase,Bluestown
blues,9708,"September 1-7, 1997",Eddy Clearwater,Mean Case Of The Blues,Bullseye
blues,9708,"September 1-7, 1997","Robert ""Bilbo"" Walker",Promised Land,Rooster Blues
blues,9708,"September 1-7, 1997",Taj Mahal,Senor Blues,Private Music
blues,9708,"September 1-7, 1997",Super Chikan,Blues Come Home To Roost,Rooster Blues
blues,9709,"September 1-7, 1997",Kelly Joe Phelps,Roll Away The Stone,Rykodisc
blues,9709,"September 1-7, 1997",Chris Ardoin,Gon' Be Jus' Fine,Rounder
blues,9709,"September 1-7, 1997",Billy Lee Riley,Hot Damn!,Capricorn
blues,9709,"September 1-7, 1997",R.L. Burnside,Sound Machine Groove,High Water/ HMG
blues,9709,"September 1-7, 1997",Lowell Fulson,My First Recordings,Arhoolie
blues,9709,"September 1-7, 1997",Junior Kimbrough,Do The Rump!,High Water/ HMG
blues,9709,"September 1-7, 1997",(Various),Louisiana Blues,Arhoolie
blues,9709,"September 1-7, 1997",Eddy Clearwater,Mean Case Of The Blues,Bullseye
blues,9709,"September 1-7, 1997",Arthur Big Boy Crudup,Look On Yonder's Wall,Delmark
blues,9709,"September 1-7, 1997",Big Joe Williams,Piney Woods Blues,Delmark
blues,9710,"September 29-October 5, 1997",Kelly Joe Phelps,Roll Away The Stone,Rykodisc
blues,9710,"September 29-October 5, 1997",Ray Charles,Genius & Soul,Rhino
blues,9710,"September 29-October 5, 1997",Fred McDowell,The First Recordings,Rounder
blues,9710,"September 29-October 5, 1997",R. L. Burnside,Acoustic Stories,M. C
blues,9710,"September 29-October 5, 1997",Robert Ealey,I Like Music When I Party,Black Top
blues,9710,"September 29-October 5, 1997",Lowell Fulson,My First Recordings,Arhoolie
blues,9710,"September 29-October 5, 1997",Junior Kimbrough,Do The Rump!,High Water/ HMG
blues,9710,"September 29-October 5, 1997",Johnny Copeland,Live In Australia,Black Top
blues,9710,"September 29-October 5, 1997",R.L. Burnside,Sound Machine Groove,High Water/ HMG
blues,9710,"September 29-October 5, 1997",(Various),Louisiana Blues,Arhoolie
blues,9711,"October 27-November 2, 1997",Jas. Mathus And His Knock-Down Society,Plays Songs For Rosetta,Mammoth
blues,9711,"October 27-November 2, 1997",Sonny Treadway,Jesus Will Fix It!,Arhoolie
blues,9711,"October 27-November 2, 1997",The Campbell Brothers,Pass Me Not,Arhoolie
blues,9711,"October 27-November 2, 1997",Fred McDowell,The First Recordings,Rounder
blues,9711,"October 27-November 2, 1997",Ray Charles,Genius & Soul,Rhino
blues,9711,"October 27-November 2, 1997",Harmonica Slim,Get Me My Shotgun!,Fedora
blues,9711,"October 27-November 2, 1997",(Various),Blues Across America: The Dallas Scene,Cannonball
blues,9711,"October 27-November 2, 1997",R.L. Burnside,Acoustic Stories,M.C
blues,9711,"October 27-November 2, 1997",(Various),American Folk Blues Festival '62-'65,Evidence
blues,9711,"October 27-November 2, 1997",Robert Ealey,I Like Music When I Party,Black Top
blues,9712,"December 1-7, 1997",(Various),"Beg, Scream & Shout",Rhino
blues,9712,"December 1-7, 1997",Aubrey Ghent,Can't Nobody Do Me Like Jesus,Arhoolie
blues,9712,"December 1-7, 1997",Carey Bell,Good Luck Man,Alligator
blues,9712,"December 1-7, 1997",The Campbell Brothers,Pass Me Not,Arhoolie
blues,9712,"December 1-7, 1997",Sonny Treadway,Jesus Will Fix It!,Arhoolie
blues,9712,"December 1-7, 1997",(Various),Blues Across America: The Dallas Scene,Cannonball
blues,9712,"December 1-7, 1997",Guitar Slim & Jelly Belly,Carolina Blues,Arhoolie
blues,9712,"December 1-7, 1997",Harmonica Slim,Get Me My Shotgun!,Fedora
blues,9712,"December 1-7, 1997",(Various),American Folk Blues Festival '62-'65,Evidence
blues,9712,"December 1-7, 1997",Eric Madis,Traveling Light,Luna
blues,9801,"January 5 - 11, 1998",(Various),"Beg, Scream & Shout",Rhino
blues,9801,"January 5 - 11, 1998",Ted Hawkins,The Final Tour,Evidence
blues,9801,"January 5 - 11, 1998",Aubrey Ghent,Can't Nobody Do Me Like Jesus,Arhoolie
blues,9801,"January 5 - 11, 1998",Carey Bell,Good Luck Man,Alligator
blues,9801,"January 5 - 11, 1998",Guitar Slim & Jelly Belly,Carolina Blues,Arhoolie
blues,9801,"January 5 - 11, 1998",Harmonica Slim,Get Me My Shotgun!,Fedora
blues,9801,"January 5 - 11, 1998",Eric Madis,Traveling Light,Luna
blues,9801,"January 5 - 11, 1998",The Campbell Brothers,Pass Me Not,Arhoolie
blues,9801,"January 5 - 11, 1998",Sonny Treadway,Jesus Will Fix It!,Arhoolie
blues,9801,"January 5 - 11, 1998",(Various),Blues Across America: The Dallas Scene,Cannonball
blues,9802,"February 2 - 8, 1998",(Various),"Beg, Scream & Shout",Rhino
blues,9802,"February 2 - 8, 1998",Ted Hawkins,The Final Tour,Evidence
blues,9802,"February 2 - 8, 1998",Aubrey Ghent,Can't Nobody Do Me Like Jesus,Arhoolie
blues,9802,"February 2 - 8, 1998",Byther Smith,All Night Long,Delmark
blues,9802,"February 2 - 8, 1998",(Various),Blues Across America: The Chicago Scene,Cannonball
blues,9802,"February 2 - 8, 1998","Golden ""Big"" Wheeler",Jump In,Delmark
blues,9802,"February 2 - 8, 1998",Johnnie Bassett,Cadillac Blues,Cannonball
blues,9802,"February 2 - 8, 1998",Ted Hawkins,Suffer No More,Rhino
blues,9802,"February 2 - 8, 1998",Dave Myers,You Can't Do That,Black Top
blues,9802,"February 2 - 8, 1998",Aretha Franklin,The Delta Meets Detroit: Aretha's Blues,Rhino
blues,9803,"March 2-8, 1998",Kim Wilson,My Blues,Blue Collar Music
blues,9803,"March 2-8, 1998",Sax Gordon,Have Horn Will Travel,Bullseye
blues,9803,"March 2-8, 1998",Johnnie Bassett,Cadillac Blues,Cannonball
blues,9803,"March 2-8, 1998",Ted Hawkins,Suffer No More,Rhino
blues,9803,"March 2-8, 1998",Aretha Franklin,The Delta Meets Detroit: Aretha's Blues,Rhino
blues,9803,"March 2-8, 1998",Byther Smith,All Night Long,Delmark
blues,9803,"March 2-8, 1998",Sleepy John Estes,Goin' To Brownsville,Testament
blues,9803,"March 2-8, 1998",(Various),Blues Across America: The Chicago Scene,Cannonball
blues,9803,"March 2-8, 1998","Golden ""Big Wheeler",Jump In,Delmark
blues,9803,"March 2-8, 1998",Fred McDowell,Levee Camp Blues,Testament
blues,9804,"March 30 - April 5, 1998",Satan and Adam,Living On The River,Flying Fish
blues,9804,"March 30 - April 5, 1998",Kim Wilson,My Blues,Blue Collar Music
blues,9804,"March 30 - April 5, 1998",Sax Gordon,Have Horn Will Travel,Bullseye
blues,9804,"March 30 - April 5, 1998",Aretha Franklin,The Delta Meets Detroit: Aretha's Blues,Rhino
blues,9804,"March 30 - April 5, 1998",Sleepy John Estes,Goin' To Brownsville,Testament
blues,9804,"March 30 - April 5, 1998",Johnnie Bassett,Cadillac Blues,Cannonball
blues,9804,"March 30 - April 5, 1998",(Various),Blues Across America: The Chicago Scene,Cannonball
blues,9804,"March 30 - April 5, 1998",Fred McDowell,Levee Camp Blues,Testament
blues,9804,"March 30 - April 5, 1998",Byther Smith,All Night Long,Delmark
blues,9804,"March 30 - April 5, 1998",Ted Hawkins,Suffer No More,Rhino
blues,9805,"May 4 - 10, 1998",Elmo Williams & Hezekiah Early,Takes One To Know One,Fat Possum
blues,9805,"May 4 - 10, 1998",Satan and Adam,Living On The River,Flying Fish
blues,9805,"May 4 - 10, 1998",Guy Davis,You Don't Know My Mind,Red House
blues,9805,"May 4 - 10, 1998",(Various),Chess Blues Guitar,MCA/Chess
blues,9805,"May 4 - 10, 1998",Taj Mahal,Sacred Island,Private
blues,9805,"May 4 - 10, 1998",Sleepy John Estes,Goin' To Brownsville,Testament
blues,9805,"May 4 - 10, 1998",(Various),The Chess 50th Anniversary Sampler,MCA/Chess
blues,9805,"May 4 - 10, 1998",Fred McDowell,Levee Camp Blues,Testament
blues,9805,"May 4 - 10, 1998",(Various),Blues Across America: The Chicago Scene,Cannonball
blues,9805,"May 4 - 10, 1998",Sax Gordon,Have Horn Will Travel,Bullseye
blues,9806,"June 1 - 7, 1998",Elmo Williams & Hezekiah Early,Takes One To Know One,Fat Possum
blues,9806,"June 1 - 7, 1998",Guy Davis,You Don't Know My Mind,Red House
blues,9806,"June 1 - 7, 1998",(Various),Chess Blues Guitar,MCA/Chess
blues,9806,"June 1 - 7, 1998",Taj Mahal,Sacred Island,Private
blues,9806,"June 1 - 7, 1998",Henry Butler,Blues After Sunset,Black Top
blues,9806,"June 1 - 7, 1998",W.C. Clark,Lover's Plea,Black Top
blues,9806,"June 1 - 7, 1998",Mance Lipscomb,"Captain, Captain",Arhoolie
blues,9806,"June 1 - 7, 1998",Fred McDowell,Levee Camp Blues,Testament
blues,9806,"June 1 - 7, 1998",Sleepy John Estes,Goin' To Brownsville,Testament
blues,9806,"June 1 - 7, 1998",(Various),The Chess 50th Anniversary Sampler,MCA/Chess
blues,9807,"June 29 - July 5, 1998",Robert Cage,Can See What You're Doing,Fat Possum
blues,9807,"June 29 - July 5, 1998",Cedell Davis,The Horror Of It All,Fat Possum
blues,9807,"June 29 - July 5, 1998",Alvin Youngblood Hart,Territory,Hannibal
blues,9807,"June 29 - July 5, 1998",Guy Davis,You Don't Know My Mind,Red House
blues,9807,"June 29 - July 5, 1998",Henry Butler,Blues After Sunset,Black Top
blues,9807,"June 29 - July 5, 1998",R.L. Burnside,Rollin' Tumblin,' Bong Load
blues,9807,"June 29 - July 5, 1998",Taj Mahal,Sacred Island,Private
blues,9807,"June 29 - July 5, 1998",W.C. Clark,Lover's Plea,Black Top
blues,9807,"June 29 - July 5, 1998",Fred McDowell,Levee Camp Blues,Testament
blues,9807,"June 29 - July 5, 1998",Mance Lipscomb,"Captain, Captain",Arhoolie
blues,9808,"August 3 - 9, 1998",Robert Cage,Can See What You're Doing,Fat Possum
blues,9808,"August 3 - 9, 1998",Alvin Youngblood Hart,Territory,Hannibal
blues,9808,"August 3 - 9, 1998",Cephas & Wiggins,Goin' Down The Road Feelin' Bad,Evidence
blues,9808,"August 3 - 9, 1998",Junior Wells,Blues Hit Big Town,Delmark
blues,9808,"August 3 - 9, 1998",Cedell Davis,The Horror Of It All,Fat Possum
blues,9808,"August 3 - 9, 1998",R.L. Burnside,Rollin' Tumblin,' Bong Load
blues,9808,"August 3 - 9, 1998",Darrell Nulisch,The Whole Truth,Severn
blues,9808,"August 3 - 9, 1998",Henry Butler,Blues After Sunset,Black Top
blues,9808,"August 3 - 9, 1998",Mance Lipscomb,"Captain, Captain",Arhoolie
blues,9808,"August 3 - 9, 1998",W.C. Clark,Lover's Plea,Black Top
blues,9809,"August 31 - Sept 6, 1998",Cephas & Wiggins,Goin' Down The Road Feelin' Bad,Evidence
blues,9809,"August 31 - Sept 6, 1998",Junior Wells,Blues Hit Big Town,Delmark
blues,9809,"August 31 - Sept 6, 1998",R.L. Burnside,Come On In,Fat Possum
blues,9809,"August 31 - Sept 6, 1998",Robert Nighthawk,Bricks In My Pillow,Delmark
blues,9809,"August 31 - Sept 6, 1998",Wild Child Butler,Lickin' Gravy,M.C
blues,9809,"August 31 - Sept 6, 1998",Earl Hooker,The Moon Is Rising,
blues,9809,"August 31 - Sept 6, 1998",Darrell Nulisch,The Whole Truth,Severn
blues,9809,"August 31 - Sept 6, 1998",Memphis Slim,U.S.A,Delmark
blues,9809,"August 31 - Sept 6, 1998",Alvin Youngblood Hart,Territory,Hannibal
blues,9809,"August 31 - Sept 6, 1998",Robert Cage,Can You See What You're Doing,Fat Possum
blues,9810,"Sept 28 - Oct 4, 1998",Beau Jocque,"Check It Out, Lock It In, Crank It Up!",Rounder
blues,9810,"Sept 28 - Oct 4, 1998",R.L. Burnside,Come On In,Fat Possum
blues,9810,"Sept 28 - Oct 4, 1998",Johnny Adams,Man Of My Word,Rounder
blues,9810,"Sept 28 - Oct 4, 1998",Long John Hunter,Ride With Me,Alligator
blues,9810,"Sept 28 - Oct 4, 1998",Chris Thomas King,Red Mud,Black Top
blues,9810,"Sept 28 - Oct 4, 1998",Orville Johnson,Blueprint For The Blues,self-released
blues,9810,"Sept 28 - Oct 4, 1998",Wild Child Butler,Lickin' Gravy,M.C
blues,9810,"Sept 28 - Oct 4, 1998",Earl Hooker,The Moon Is Rising,
blues,9810,"Sept 28 - Oct 4, 1998",Robert Nighthawk,Bricks In My Pillow,Delmark
blues,9810,"Sept 28 - Oct 4, 1998",Memphis Slim,U.S.A,Delmark
blues,9811,"November 2 - 8, 1998",Chris Ardoin and Double Clutchin',Turn The Page,Rounder
blues,9811,"November 2 - 8, 1998",B.B. King Blues On The Bayou MCA,,
blues,9811,"November 2 - 8, 1998",Willie Kent,Make Room For The Blues,Delmark
blues,9811,"November 2 - 8, 1998",Johnny Adams,Man Of My Word,Rounder
blues,9811,"November 2 - 8, 1998","Luther ""Guitar Junior"" Johnson",Got To Find A Way,Telarc
blues,9811,"November 2 - 8, 1998",James Harman,Takin' Chances,Cannonball
blues,9811,"November 2 - 8, 1998",Ted Hawkins,Love You Most Of All,Evidence
blues,9811,"November 2 - 8, 1998",Roscoe Shelton,Let It Shine,Black Top
blues,9811,"November 2 - 8, 1998",Beau Jocque,"Check It Out, Lock It In, Crank It Up!",Rounder
blues,9811,"November 2 - 8, 1998",Chris Thomas King,Red Mud,Black Top
blues,9812,"Nov 30 - Dec 6, 1998",Chris Ardoin and Double Clutchin',Turn The Page,Rounder
blues,9812,"Nov 30 - Dec 6, 1998",Devil In A Woodpile,Devil In A Woodpile,Bloodshot
blues,9812,"Nov 30 - Dec 6, 1998",B.B. King Blues On The Bayou MCA,,
blues,9812,"Nov 30 - Dec 6, 1998",Willie Kent,Make Room For The Blues,Delmark
blues,9812,"Nov 30 - Dec 6, 1998",James Harman,Takin' Chances,Cannonball
blues,9812,"Nov 30 - Dec 6, 1998","Luther ""Guitar Junior"" Johnson & the Magic Rockers",Got To Find A Way,Telarc
blues,9812,"Nov 30 - Dec 6, 1998",Roscoe Shelton,Let It Shine,Black Top
blues,9812,"Nov 30 - Dec 6, 1998",Lurrie Bell,Kiss Of Sweet Blues,Delmark
blues,9812,"Nov 30 - Dec 6, 1998",Ted Hawkins,Love You Most Of All,Evidence
blues,9812,"Nov 30 - Dec 6, 1998",K.C. Douglas,Mercury Blues,Arhoolie
blues,9901,"January 4 - 11, 1999",Mike Henderson & The Bluebloods,Thicker Than Water,Dead Reckoning
blues,9901,"January 4 - 11, 1999",Devil In A Woodpile,Devil In A Woodpile,Bloodshot
blues,9901,"January 4 - 11, 1999",Lurrie Bell,Kiss Of Sweet Blues,Delmark
blues,9901,"January 4 - 11, 1999",B.B. King Blues On The Bayou MCA,,
blues,9901,"January 4 - 11, 1999",Willie Kent,Make Room For The Blues,Delmark
blues,9901,"January 4 - 11, 1999",K.C. Douglas,Mercury Blues,Arhoolie
blues,9901,"January 4 - 11, 1999","Luther ""Guitar Junior"" Johnson & the Magic Rockers",Got To Find A Way,Telarc
blues,9901,"January 4 - 11, 1999",James Harman,Takin' Chances,Cannonball
blues,9901,"January 4 - 11, 1999",Roscoe Shelton,Let It Shine,Black Top
blues,9901,"January 4 - 11, 1999",Ted Hawkins,Love You Most Of All,Evidence
blues,9902,"February 1 - 7, 1999",Chuck E. Weiss,Extremely Cool,Slow River/ Rykodisc
blues,9902,"February 1 - 7, 1999",Mike Henderson & The Bluebloods,Thicker Than Water,Dead Reckoning
blues,9902,"February 1 - 7, 1999",Rusty Zinn,Confessin',Black Top
blues,9902,"February 1 - 7, 1999",Cephas & Wiggins,Homemade,Alligator
blues,9902,"February 1 - 7, 1999",T-Model Ford,You Better Keep Still,Fat Possum/ Epitaph
blues,9902,"February 1 - 7, 1999",Frank Frost & Sam Carr,The Jellyroll Kings,HMG
blues,9902,"February 1 - 7, 1999",K.C. Douglas,Mercury Blues,Arhoolie
blues,9902,"February 1 - 7, 1999",James Harman,Takin' Chances,Cannonball
blues,9902,"February 1 - 7, 1999",Willie Kent,Make Room For The Blues,Delmark
blues,9902,"February 1 - 7, 1999",B.B. King Blues On The Bayou MCA,,
blues,9903,"March 1 - 7, 1999",Chuck E. Weiss,Extremely Cool,Slow River/ Rykodisc
blues,9903,"March 1 - 7, 1999",Rusty Zinn,Confessin',Black Top
blues,9903,"March 1 - 7, 1999",Snooky Pryor,Shake My Hand,Blind Pig
blues,9903,"March 1 - 7, 1999",Cephas & Wiggins,Homemade,Alligator
blues,9903,"March 1 - 7, 1999","Lawrence ""Black"" Ardoin",Tradition Creole,Arhoolie
blues,9903,"March 1 - 7, 1999",T-Model Ford,You Better Keep Still,Fat Possum/ Epitaph
blues,9903,"March 1 - 7, 1999",Frank Frost & Sam Carr,The Jellyroll Kings,HMG
blues,9903,"March 1 - 7, 1999",Eric Bibb,Spirit and the Blues,Earthbeat!
blues,9903,"March 1 - 7, 1999",Mike Henderson & The Bluebloods,Thicker Than Water,Dead Reckoning
blues,9903,"March 1 - 7, 1999",K.C. Douglas,Mercury Blues,Arhoolie
blues,9905,"May 3 - 9, 1999",Corey Harris,Greens From The Garden,Alligator
blues,9905,"May 3 - 9, 1999",Toni Price,Low Down And Up,Antone's
blues,9905,"May 3 - 9, 1999",Boozoo Chavis,Who Stole My Monkey?,Rounder
blues,9905,"May 3 - 9, 1999",(Various),From Mississippi To Chicago,HMG
blues,9905,"May 3 - 9, 1999",Clarence Gatemouth Brown,Blackjack,Sugar Hill
blues,9905,"May 3 - 9, 1999","Lawrence ""Black"" Ardoin",Tradition Creole,Arhoolie
blues,9905,"May 3 - 9, 1999",Rusty Zinn,Confessin',Black Top
blues,9905,"May 3 - 9, 1999",Cephas & Wiggins,Homemade,Alligator
blues,9905,"May 3 - 9, 1999",Eric Bibb,Spirit and the Blues,Earthbeat!
blues,9905,"May 3 - 9, 1999",Snooky Pryor,Shake My Hand,Blind Pig
blues,9906,"May 31 - June 6, 1999",John Jackson,Front Porch Blues,Alligator
blues,9906,"May 31 - June 6, 1999","Brooks, Hunter & Walker",Lone Star Shootout,Alligator
blues,9906,"May 31 - June 6, 1999",Asie Payton,Worried,Fat Possum/ Epitaph
blues,9906,"May 31 - June 6, 1999",B.B. King,Live In Japan,MCA
blues,9906,"May 31 - June 6, 1999",Lee Fields,Let's Get A Groove On,Desco
blues,9906,"May 31 - June 6, 1999",Toni Price,Low Down And Up,Antone's
blues,9906,"May 31 - June 6, 1999",(Various),From Mississippi To Chicago,HMG
blues,9906,"May 31 - June 6, 1999",Big Joe Williams and Friends,Going Back To Crawford,Arhoolie
blues,9906,"May 31 - June 6, 1999",John Jackson,Country Blues and Ditties,Arhoolie
blues,9906,"May 31 - June 6, 1999",Corey Harris,Greens From The Garden,Alligator
blues,9907,"June 28 - July 4, 1999",John Jackson,Front Porch Blues,Alligator
blues,9907,"June 28 - July 4, 1999",Lee Fields,Let's Get A Groove On,Desco
blues,9907,"June 28 - July 4, 1999","Brooks, Hunter & Walker",Lone Star Shootout,Alligator
blues,9907,"June 28 - July 4, 1999",Asie Payton,Worried,Fat Possum/ Epitaph
blues,9907,"June 28 - July 4, 1999",B.B. King,Live In Japan,MCA
blues,9907,"June 28 - July 4, 1999",(Various),From Mississippi To Chicago,HMG
blues,9907,"June 28 - July 4, 1999",Toni Price,Low Down And Up,Antone's
blues,9907,"June 28 - July 4, 1999",Big Joe Williams and Friends,Going Back To Crawford,Arhoolie
blues,9907,"June 28 - July 4, 1999",John Jackson,Country Blues and Ditties,Arhoolie
blues,9907,"June 28 - July 4, 1999",Corey Harris,Greens From The Garden,Alligator
blues,9908,"August 2 - 8, 1999",Kelly Joe Phelps,Shine Eyed Mister Zen,Rykodisc
blues,9908,"August 2 - 8, 1999",Paul Jones,Pucker Up Buttercup,Fat Possum
blues,9908,"August 2 - 8, 1999",Clarence Gatemouth Brown,"American Music, Texas Style",Blue Thumb
blues,9908,"August 2 - 8, 1999",(Various),Blues Routes,Smithsonian Folkways
blues,9908,"August 2 - 8, 1999","Brooks, Hunter & Walker",Lone Star Shootout,Alligator
blues,9908,"August 2 - 8, 1999",Lee Fields,Let's Get A Groove On,Desco
blues,9908,"August 2 - 8, 1999",Big Joe Williams and Friends,Going Back To Crawford,Arhoolie
blues,9908,"August 2 - 8, 1999",Asie Payton,Worried,Fat Possum/ Epitaph
blues,9908,"August 2 - 8, 1999",(Various),From Mississippi To Chicago,HMG
blues,9908,"August 2 - 8, 1999",John Jackson,Front Porch Blues,Alligator
blues,9909,"August 30 - Sept 5, 1999",Kelly Joe Phelps,Shine Eyed Mister Zen,Rykodisc
blues,9909,"August 30 - Sept 5, 1999",Paul Jones,Pucker Up Buttercup,Fat Possum
blues,9909,"August 30 - Sept 5, 1999",Luther Allison,Live In Chicago,Alligator
blues,9909,"August 30 - Sept 5, 1999",Bob Corritore,All-Star Blues Sessions,HMG
blues,9909,"August 30 - Sept 5, 1999",(Various),Blues Routes,Smithsonian Folkways
blues,9909,"August 30 - Sept 5, 1999",Clarence Gatemouth Brown,"American Music, Texas Style",Blue Thumb
blues,9909,"August 30 - Sept 5, 1999",(Various),From Mississippi To Chicago,HMG
blues,9909,"August 30 - Sept 5, 1999",Big Joe Williams and Friends,Going Back To Crawford,Arhoolie
blues,9909,"August 30 - Sept 5, 1999",Asie Payton,Worried,Fat Possum/ Epitaph
blues,9909,"August 30 - Sept 5, 1999","Brooks, Hunter & Walker",Lone Star Shootout,Alligator
blues,9911,"November 15 - 21, 1999",Joe Louis Walker,Silvertone Blues,Blue Thumb
blues,9911,"November 15 - 21, 1999",(Various),Sacred Steel - Live!,Arhoolie
blues,9911,"November 15 - 21, 1999",B.B. King,Let The Good Times Roll,MCA
blues,9911,"November 15 - 21, 1999",Lurrie Bell,Blues Had A Baby,Delmark
blues,9911,"November 15 - 21, 1999",(Various),Living Country Blues,Evidence
blues,9911,"November 15 - 21, 1999",Sunnyland Slim,Smile On My Face,Delmark
blues,9911,"November 15 - 21, 1999",(Various),Deep South Blues,HMG/High Water
blues,9911,"November 15 - 21, 1999",(Various),Chicago Ain't Nothin' But A Blues Band,Delmark
blues,9911,"November 15 - 21, 1999",Big Al Dupree,Positive Thinking,Fedora
blues,9911,"November 15 - 21, 1999",(Various),Central Avenue Sounds,Rhino
blues,9912,"December 6 - December 12, 1999",Joe Louis Walker,Silvertone Blues,Blue Thumb
blues,9912,"December 6 - December 12, 1999",Lurrie Bell,Blues Had A Baby,Delmark
blues,9912,"December 6 - December 12, 1999",(Various),Earwig Music 20th Anniversary Special,Earwig
blues,9912,"December 6 - December 12, 1999",B.B. King,Let The Good Times Roll,MCA
blues,9912,"December 6 - December 12, 1999",(Various),Living Country Blues,Evidence
blues,9912,"December 6 - December 12, 1999",Sunnyland Slim,Smile On My Face,Delmark
blues,9912,"December 6 - December 12, 1999",(Various),Chicago Ain't Nothin' But A Blues Band,Delmark
blues,9912,"December 6 - December 12, 1999",(Various),Deep South Blues,HMG/High Water
blues,9912,"December 6 - December 12, 1999",(Various),Sacred Steel - Live!,Arhoolie
blues,9912,"December 6 - December 12, 1999",(Various),Central Avenue Sounds,Rhino
electronic-dance,0001,"January 3 - January 9, 2000",Krust,Coded Language,(Talkin Loud/ Island )
electronic-dance,0001,"January 3 - January 9, 2000",Alex Gopher,You My Baby & I,( V2 )
electronic-dance,0001,"January 3 - January 9, 2000",Andrea Parker,Kiss My Arp,( Beggars Banquet / Mo'Wax )
electronic-dance,0001,"January 3 - January 9, 2000",Air Cuba,Leap of Faith,( 4AD )
electronic-dance,0001,"January 3 - January 9, 2000",(Various),Jet Society,(Eighteenth Street Lounge Soundtracks)
electronic-dance,0001,"January 3 - January 9, 2000",Kid Loco,Presents Jesus Life For Children Under 12 Inches,( Atlantic )
electronic-dance,0001,"January 3 - January 9, 2000",Baby Mammoth,Motion Without Pain,( Pork )
electronic-dance,0001,"January 3 - January 9, 2000",Aphrodite,Aphrodite,( Gee Street / V2 )
electronic-dance,0001,"January 3 - January 9, 2000",Kid Loco,DJ-Kicks,( Stud!o K7 )
electronic-dance,0001,"January 3 - January 9, 2000",(Various),The New Latinaires 2,( Ubiquity )
electronic-dance,0002,"January 31 - February 6, 2000",(Various),Tektonics,( Om )
electronic-dance,0002,"January 31 - February 6, 2000",(Various),"Future, Jazz",(Instinct)
electronic-dance,0002,"January 31 - February 6, 2000",The Baby Namboos,Ancoats To Zambia,(Palm Pictures)
electronic-dance,0002,"January 31 - February 6, 2000",Clinton,Disco & the Halfway to Discontent,( Luaka Bop / Astralwerks )
electronic-dance,0002,"January 31 - February 6, 2000",Krust,Coded Language,(Talkin Loud/ Island )
electronic-dance,0002,"January 31 - February 6, 2000",Suba,Sao Paolo Confessions,( Six Degrees )
electronic-dance,0002,"January 31 - February 6, 2000",Baby Mammoth,Motion Without Pain,( Pork )
electronic-dance,0002,"January 31 - February 6, 2000",Futique,Go.Low,(Shadow)
electronic-dance,0002,"January 31 - February 6, 2000",(Various),The Shadow Masters: Drum 'n' Bass,(Shadow)
electronic-dance,0002,"January 31 - February 6, 2000",Smith & Mighty,Big World Small World,( Stud!o K7 )
electronic-dance,9603,"March 4-10, 1996",(Various),Earthrise.Ntone.1,Instinct
electronic-dance,9603,"March 4-10, 1996",Loop Guru,Amrita,North South
electronic-dance,9603,"March 4-10, 1996",(Various),Three A.D,Waveform
electronic-dance,9603,"March 4-10, 1996",Spacetime Continuum,Emit Ecaps,Astralwerks
electronic-dance,9603,"March 4-10, 1996",Harold Budd/Hector Zazou,Glyph,Made To Measure
electronic-dance,9603,"March 4-10, 1996",(Various),Loungin' V.2,New Breed
electronic-dance,9603,"March 4-10, 1996",(Various),Freezone 2,SSR Freezone
electronic-dance,9603,"March 4-10, 1996",(Various),If Ya Can't Stand The Beat,Ninja Tune USA
electronic-dance,9603,"March 4-10, 1996",Strange Cargo,Hinterland,Discovery
electronic-dance,9603,"March 4-10, 1996",(Various),Sourcelab,Source/Virgin France
electronic-dance,9604,"April 1-7, 1996",(Various),Planet Dub,Mammoth/Planet Dog
electronic-dance,9604,"April 1-7, 1996",Spacer,Atlas Earth,Pussyfoot
electronic-dance,9604,"April 1-7, 1996",Pressure Drop,Tearing The Silence,Hard Hands
electronic-dance,9604,"April 1-7, 1996",Nightmares On Wax,Smokers Delight,TVT
electronic-dance,9604,"April 1-7, 1996",Groove Collective,We The People,Giant Step
electronic-dance,9604,"April 1-7, 1996",Test Department,Totality,Invisible
electronic-dance,9604,"April 1-7, 1996",Spacetime Continuum,Emit Ecaps,Astralwerks
electronic-dance,9604,"April 1-7, 1996",(Various),Loungin' V.2,New Breed
electronic-dance,9604,"April 1-7, 1996",(Various),Three A.D,Waveform
electronic-dance,9604,"April 1-7, 1996",Harold Budd/Hector Zazou,Glyph,Made To Measure
electronic-dance,9608,"July 29-August 4, 1996",Land Of The Loops,Bundle Of Joy,Up
electronic-dance,9608,"July 29-August 4, 1996",(Various),Artcore 2,React America
electronic-dance,9608,"July 29-August 4, 1996",(Various),Dope On Plastic 3,React
electronic-dance,9608,"July 29-August 4, 1996",(Various),Plug In & Turn On x.3,Instinct
electronic-dance,9608,"July 29-August 4, 1996",(Various),Altered Beats,Axiom
electronic-dance,9608,"July 29-August 4, 1996",(Various),What's Cookin',Ubiquity
electronic-dance,9608,"July 29-August 4, 1996",Orbital,In Sides,FFRR
electronic-dance,9608,"July 29-August 4, 1996",Meat Beat Manifesto,Subliminal Sandwich,Nothing/Interscope
electronic-dance,9608,"July 29-August 4, 1996",Time Shard,Hunab Ku,Mammoth/Planet Dog
electronic-dance,9608,"July 29-August 4, 1996",Photek,Hidden Camera,Astralwerks
electronic-dance,9609,"September 2-8, 1996",L.T.J. Bukem Presents,Logical Progression,FFRR
electronic-dance,9609,"September 2-8, 1996",Nearly God,Nearly God,Durban Poison
electronic-dance,9609,"September 2-8, 1996",London Funk Allstars,Flesh Eating Disco Zombies,Shadow/Ninja Tune
electronic-dance,9609,"September 2-8, 1996",Future Loop Foundation,Time And Bass,Mammoth/Planet Dog
electronic-dance,9609,"September 2-8, 1996",(Various),Altered Beats,Axiom
electronic-dance,9609,"September 2-8, 1996",(Various),Frosty,Waveform
electronic-dance,9609,"September 2-8, 1996",Time Shard,Hunab Ku,Mammoth/Planet Dog
electronic-dance,9609,"September 2-8, 1996",Photek,Hidden Camera,Astralwerks
electronic-dance,9609,"September 2-8, 1996",Electric Skychurch,Together,Moonshine
electronic-dance,9609,"September 2-8, 1996",The Orb Remix Project,Auntie Aubrey's Excursions,Deviant
electronic-dance,9611,"October 28-November 3, 1996",Taran,Mod & Mini & Space Age,Compost
electronic-dance,9611,"October 28-November 3, 1996",The Grassy Knoll,Positive,Antilles
electronic-dance,9611,"October 28-November 3, 1996",London Funk Allstars,Flesh Eating Disco Zombies,Shadow/Ninja Tune
electronic-dance,9611,"October 28-November 3, 1996",Future Sounds Of London,Dead Cities,Astralwerks / Caroline
electronic-dance,9611,"October 28-November 3, 1996",Neotropic,15 Levels Of Magnification,Ntone
electronic-dance,9611,"October 28-November 3, 1996",Sharpshooters,Choked Up,Conception
electronic-dance,9611,"October 28-November 3, 1996",(Various),Lyric Cocktail,Compost
electronic-dance,9611,"October 28-November 3, 1996",Ben Neill,Triptycal,Antilles
electronic-dance,9611,"October 28-November 3, 1996",Funki Porcini,"Love, Pussycats And Carwrecks",Ninja Tune USA
electronic-dance,9611,"October 28-November 3, 1996",T.J. Kirk,If Four Was One,Warner Bros
electronic-dance,9612,"December 2-8, 1996",Tricky,Pre-Millennium Tension,Island
electronic-dance,9612,"December 2-8, 1996",DJ Shadow,Endtroducing,Mo Wax/FFRR
electronic-dance,9612,"December 2-8, 1996",(Various),Incursions In Illbient,Ashpodel
electronic-dance,9612,"December 2-8, 1996",(Various),Axiom Dub: Mysteries Of Creation,Axiom
electronic-dance,9612,"December 2-8, 1996",(Various),Shapeshifter: A Jazz Step,Sour
electronic-dance,9612,"December 2-8, 1996",Future Sounds Of London,Dead Cities,Astralwerks / Caroline
electronic-dance,9612,"December 2-8, 1996",Makyo,Rasa Bhava,Silent
electronic-dance,9612,"December 2-8, 1996",Sharpshooters,Choked Up,Conception
electronic-dance,9612,"December 2-8, 1996",Neotropic,15 Levels Of Magnification,Ntone
electronic-dance,9612,"December 2-8, 1996",(Various),Lytic Cocktail,Compost
electronic-dance,9701,"December 30-January 5, 1997",(Various),Headz 2,MoWax
electronic-dance,9701,"December 30-January 5, 1997",Tricky,Pre-Millennium Tension,Island
electronic-dance,9701,"December 30-January 5, 1997",DJ Shadow,Endtroducing,Mo Wax/FFRR
electronic-dance,9701,"December 30-January 5, 1997",(Various),Incursions In Illbient,Ashpodel
electronic-dance,9701,"December 30-January 5, 1997",(Various),Axiom Dub: Mysteries Of Creation,Axiom
electronic-dance,9701,"December 30-January 5, 1997",(Various),Shapeshifter: A Jazz Step,Sour
electronic-dance,9701,"December 30-January 5, 1997",Makyo,Rasa Bhava,Silent
electronic-dance,9701,"December 30-January 5, 1997",DJ Vadim,U.S.S.R. Repertoire,Ninja Tune
electronic-dance,9701,"December 30-January 5, 1997",Future Sounds Of London,Dead Cities,Astralwerks / Caroline
electronic-dance,9701,"December 30-January 5, 1997",Sharpshooters,Choked Up,Conception
electronic-dance,9702,"February 3-9, 1997",(Various),"Macro Dub Infection, Vol 2",Gyroscope
electronic-dance,9702,"February 3-9, 1997",(Various),Metalheadz Presents Platinum Breaks,FFRR
electronic-dance,9702,"February 3-9, 1997",Spring Heel Jack,68 Million Shades,Island Independent
electronic-dance,9702,"February 3-9, 1997",(Various),Land Of Baboon,Silent
electronic-dance,9702,"February 3-9, 1997",(Various),Headz 2,MoWax
electronic-dance,9702,"February 3-9, 1997",(Various),Freezone 3,SSR / Crammed
electronic-dance,9702,"February 3-9, 1997",Tricky,Pre-Millennium Tension,Island
electronic-dance,9702,"February 3-9, 1997",DJ Shadow,Endtroducing,Mo Wax/FFRR
electronic-dance,9702,"February 3-9, 1997",(Various),Incursions In Illbient,Ashpodel
electronic-dance,9702,"February 3-9, 1997",Transglobal Underground,Psychic Karaoke,MCA
electronic-dance,9706,"June 2-8, 1997",(Various),Sweet Mother: Free Activation Series No. 1,Sub Pop
electronic-dance,9706,"June 2-8, 1997",The Chemical Brothers,Dig Your Own Hole,Astralwerks
electronic-dance,9706,"June 2-8, 1997",Amon Tobin,Bricolage,Ninja Tune
electronic-dance,9706,"June 2-8, 1997",(Various),A New Breed Of Dub,Shiver / Southern
electronic-dance,9706,"June 2-8, 1997",(Various),Blame Presents Logical Progression: Level 2,FFRR
electronic-dance,9706,"June 2-8, 1997",Hooverphonic,A New Stereophonic Sound Spectacular,Epic
electronic-dance,9706,"June 2-8, 1997",Snooze,The Man In The Shadow,SSR Freezone/ Crammed Discs
electronic-dance,9706,"June 2-8, 1997",Thievery Corporation,Sounds From The Thievery Hi-Fi,18th Street Lounge
electronic-dance,9706,"June 2-8, 1997",(Various),Sourcelab 3,Caroline
electronic-dance,9706,"June 2-8, 1997",(Various),Lysergic Factory,SSR Freezone/ Crammed Discs
electronic-dance,9707,"June 30-July 6, 1997",(Various),Sweet Mother: Free Activation Series No. 1,Sub Pop
electronic-dance,9707,"June 30-July 6, 1997",Amon Tobin,Bricolage,Ninja Tune
electronic-dance,9707,"June 30-July 6, 1997",(Various),A New Breed Of Dub,Shiver / Southern
electronic-dance,9707,"June 30-July 6, 1997",United Future Organization,3rd Perspective,Antilles
electronic-dance,9707,"June 30-July 6, 1997",Prodigy,The Fat Of The Land,Maverick/ Warner Bros
electronic-dance,9707,"June 30-July 6, 1997",(Various),Dubbed Out In DC,18th Street Lounge
electronic-dance,9707,"June 30-July 6, 1997",(Various),Sourcelab 3,Caroline
electronic-dance,9707,"June 30-July 6, 1997",(Various),Anokha: Sounds Of The Asian Underground,Quango
electronic-dance,9707,"June 30-July 6, 1997",Sub Dub,Dancehall Malfunction,Asphodel
electronic-dance,9707,"June 30-July 6, 1997",(Various),Lysergic Factory,SSR Freezone/ Crammed Discs
electronic-dance,9708,"July 28-August 3, 1997",(Various),Freezone 4: Dangerous Lullibies,SSR Freezone/ Crammed Discs
electronic-dance,9708,"July 28-August 3, 1997",Amon Tobin,Bricolage,Ninja Tune
electronic-dance,9708,"July 28-August 3, 1997",Beanfield,Beanfield,Compost
electronic-dance,9708,"July 28-August 3, 1997",Luke Vibert,Big Soup,Mo Wax /FFRR
electronic-dance,9708,"July 28-August 3, 1997",United Future Organization,3rd Perspective,Antilles
electronic-dance,9708,"July 28-August 3, 1997",(Various),Sourcelab 3,Caroline
electronic-dance,9708,"July 28-August 3, 1997",(Various),Anokha: Sounds Of The Asian Underground,Quango
electronic-dance,9708,"July 28-August 3, 1997",Prodigy,The Fat Of The Land,Maverick/ Warner Bros
electronic-dance,9708,"July 28-August 3, 1997",(Various),Water Communication,Swim
electronic-dance,9708,"July 28-August 3, 1997",Snooze,The Man In The Shadow,SSR Freezone/ Crammed Discs
electronic-dance,9709,"September 1-7, 1997",Greg Garing,Alone,Paladin / Revolution
electronic-dance,9709,"September 1-7, 1997",Mu-Ziq,Lunatic Harness,Astralwerks
electronic-dance,9709,"September 1-7, 1997",(Various),East-Westercism,Blue Angel
electronic-dance,9709,"September 1-7, 1997",(Various),Freezone 4: Dangerous Lullibies,SSR Freezone/ Crammed Discs
electronic-dance,9709,"September 1-7, 1997",Mouse On Mars,Autoditacker,Thrill Jockey
electronic-dance,9709,"September 1-7, 1997",Pierre Henry/Michel Colombier,Metamorphose,FFRR
electronic-dance,9709,"September 1-7, 1997",Photek,Modus Operandi,Astralwerks
electronic-dance,9709,"September 1-7, 1997",DJ's Wally & Swingsett,Dog Leg Left,Ubiquity
electronic-dance,9709,"September 1-7, 1997",(Various),Offering,!K7
electronic-dance,9709,"September 1-7, 1997",Beanfield,Beanfield,Compost
electronic-dance,9710,"September 29-October 5, 1997",Portishead,Portishead,Go! Beat / London
electronic-dance,9710,"September 29-October 5, 1997",Loop Guru,Loop Bites Dog,World Domination
electronic-dance,9710,"September 29-October 5, 1997",(Various),"The Future Sound Of Jazz, Volume 4",Compost
electronic-dance,9710,"September 29-October 5, 1997",Coldcut,Let Us Play!,Ninja Tune
electronic-dance,9710,"September 29-October 5, 1997",(Various),Audio Alchemy 2,Ubiquity
electronic-dance,9710,"September 29-October 5, 1997",A Forest Mighty Black,Mellowdramatic,Compost
electronic-dance,9710,"September 29-October 5, 1997",Spring Jack Heel,Busy Curious Thirsty,Island
electronic-dance,9710,"September 29-October 5, 1997",Bill Laswell Meets Style Scott,Inna Dub Meltdown,WordSound
electronic-dance,9710,"September 29-October 5, 1997",Kruder & Dorfmeister,DJ Kicks,!K7
electronic-dance,9710,"September 29-October 5, 1997",Photek,Modus Operandi,Astralwerks
electronic-dance,9711,"October 27-November 2, 1997",Portishead,Portishead,Go! Beat / London
electronic-dance,9711,"October 27-November 2, 1997",David Holmes,Let's Get Killed,Go! Beat /1500
electronic-dance,9711,"October 27-November 2, 1997",(Various),Cup Of Tea Records: Another Compilation,Iron America
electronic-dance,9711,"October 27-November 2, 1997",(Various),"The Future Sound Of Jazz, Volume 4",Compost
electronic-dance,9711,"October 27-November 2, 1997",Loop Guru,Loop Bites Dog,World Domination
electronic-dance,9711,"October 27-November 2, 1997",(Various),The Corners Of The Mouth,Bubble Core
electronic-dance,9711,"October 27-November 2, 1997",Coldcut,Let Us Play!,Ninja Tune
electronic-dance,9711,"October 27-November 2, 1997",Rockers Hi-Fi,DJ Kicks: The Black Album,Stud!o K7
electronic-dance,9711,"October 27-November 2, 1997",Bentley Rhythm Ace,Bentley Rhythm Ace,Astralwerks
electronic-dance,9711,"October 27-November 2, 1997",Bill Laswell Meets Style Scott,Inna Dub Meltdown,WordSound
electronic-dance,9712,"December 1-7, 1997",DJ Krush,Milight,Mowax/FFRR
electronic-dance,9712,"December 1-7, 1997",A3,Exile On Coldharbour Lane,Geffen
electronic-dance,9712,"December 1-7, 1997",David Holmes,Let's Get Killed,Go! Beat /1500
electronic-dance,9712,"December 1-7, 1997",(Various),Cup Of Tea Records: Another Compilation,Iron America
electronic-dance,9712,"December 1-7, 1997",Juryman vs Spacer,Mail Order Justice,SSR/ Crammed Discs
electronic-dance,9712,"December 1-7, 1997",(Various),Shake The Nations,WordSound
electronic-dance,9712,"December 1-7, 1997",The Sons Of Silence,Silence FM,Leaf
electronic-dance,9712,"December 1-7, 1997",Animals On Wheels,Designs And Mistakes,Ninja Tune
electronic-dance,9712,"December 1-7, 1997",(Various),The Corners Of The Mouth,Bubble Core
electronic-dance,9712,"December 1-7, 1997",Bentley Rhythm Ace,Bentley Rhythm Ace,Astralwerks
electronic-dance,9804,"March 30 - April 5, 1998",Propellerheads,Decksandrumsandrockandroll,Dreamworks
electronic-dance,9804,"March 30 - April 5, 1998",(Various),Songs Of The Siren,Shadow
electronic-dance,9804,"March 30 - April 5, 1998",(Various),"DJ Morpheus Presents: If You Can Beat 'Em, Break 'Em!",SSR/Crammed Discs
electronic-dance,9804,"March 30 - April 5, 1998",Air,Moon Safari,Source/Caroline
electronic-dance,9804,"March 30 - April 5, 1998",Pee.Gonzales,Whuz The P.?,Sub Rosa
electronic-dance,9804,"March 30 - April 5, 1998",Dragonfly,Timestream,Sweet Mother
electronic-dance,9804,"March 30 - April 5, 1998",Fretless AZM,Oceans Of Light,Holistic
electronic-dance,9804,"March 30 - April 5, 1998",Adam F,Colours,Astralwerks
electronic-dance,9804,"March 30 - April 5, 1998",(Various),No Categories,Ubiquity
electronic-dance,9804,"March 30 - April 5, 1998",(Various),Monster Breaks: A Collection Of Big Beat Finery,FFRR
electronic-dance,9805,"May 4 - 10, 1998",(Various),Funkungfusion,Ninja Tune
electronic-dance,9805,"May 4 - 10, 1998",(Various),Songs Of The Siren,Shadow
electronic-dance,9805,"May 4 - 10, 1998",(Various),Metalheadz: Platinum Breakz II,FFRR
electronic-dance,9805,"May 4 - 10, 1998",Dragonfly,Timestream,Sweet Mother
electronic-dance,9805,"May 4 - 10, 1998",Propellerheads,Decksandrumsandrockandroll,Dreamworks
electronic-dance,9805,"May 4 - 10, 1998",(Various),Sty Wars,Pork
electronic-dance,9805,"May 4 - 10, 1998",(Various),Monster Breaks: A Collection Of Big Beat Finery,FFRR
electronic-dance,9805,"May 4 - 10, 1998",(Various),Endlessnessism,Dot
electronic-dance,9805,"May 4 - 10, 1998",Adam F,Colours,Astralwerks
electronic-dance,9805,"May 4 - 10, 1998",Fretless AZM,Oceans Of Light,Holistic
electronic-dance,9806,"June 1 - 7, 1998",Tricky,Angels With Dirty Faces,Island
electronic-dance,9806,"June 1 - 7, 1998",Massive Attack,Mezzanine,Virgin
electronic-dance,9806,"June 1 - 7, 1998",Add N To X,On The Wires Of Our Nerves,Mute
electronic-dance,9806,"June 1 - 7, 1998",(Various),Funkungfusion,Ninja Tune
electronic-dance,9806,"June 1 - 7, 1998",Ben Neill,Goldbug,Antilles
electronic-dance,9806,"June 1 - 7, 1998",DJ Cam,The Beat Assasinated,Inflamable
electronic-dance,9806,"June 1 - 7, 1998",(Various),Endlessnessism,Dot
electronic-dance,9806,"June 1 - 7, 1998",Q-Burns,Abstract Message Oeuvre,Astralwerks
electronic-dance,9806,"June 1 - 7, 1998",(Various),Metalheadz: Platinum Breakz II,FFRR
electronic-dance,9806,"June 1 - 7, 1998",(Various),The Space Between The Gaps,Incoming!
electronic-dance,9807,"June 29 - July 5, 1998",Tricky,Angels With Dirty Faces,Island
electronic-dance,9807,"June 29 - July 5, 1998",Massive Attack,Mezzanine,Virgin
electronic-dance,9807,"June 29 - July 5, 1998",Add N To X,On The Wires Of Our Nerves,Mute
electronic-dance,9807,"June 29 - July 5, 1998",Amon Tobin,Permutation,Ninja Tune
electronic-dance,9807,"June 29 - July 5, 1998",(Various),Funkungfusion,Ninja Tune
electronic-dance,9807,"June 29 - July 5, 1998",(Various),"State Of The Nu-Art, Volume 2",Shadow
electronic-dance,9807,"June 29 - July 5, 1998",Hi Fi Killers,Possession,LooseGroove
electronic-dance,9807,"June 29 - July 5, 1998",Ben Neill,Goldbug,Antilles
electronic-dance,9807,"June 29 - July 5, 1998",(Various),Amp 2,Astralwerks
electronic-dance,9807,"June 29 - July 5, 1998",(Various),The Freestyle Files: Crackers Delight,Stud!o K7
electronic-dance,9808,"August 3 - 9, 1998",Tricky,Angels With Dirty Faces,Island
electronic-dance,9808,"August 3 - 9, 1998",Amon Tobin,Permutation,Ninja Tune
electronic-dance,9808,"August 3 - 9, 1998",Mixmaster Mike,Anti-Theft Device,Asphodel
electronic-dance,9808,"August 3 - 9, 1998",Ollano,Ollano,Shadow
electronic-dance,9808,"August 3 - 9, 1998",Hi Fi Killers,Possession,LooseGroove
electronic-dance,9808,"August 3 - 9, 1998",Fila Brazillia,Power Clown,Pork
electronic-dance,9808,"August 3 - 9, 1998",(Various),Freezone 5,SSR / Crammed
electronic-dance,9808,"August 3 - 9, 1998",(Various),"State Of The Nu-Art, Volume 2",Shadow
electronic-dance,9808,"August 3 - 9, 1998",(Various),The Freestyle Files: Crackers Delight,Stud!o K7
electronic-dance,9808,"August 3 - 9, 1998",Strange Voices,Strange Voices,Sweet Mother
electronic-dance,9809,"August 31 - Sept 6, 1998",UNKLE,Psyence Fiction,Mowax /London
electronic-dance,9809,"August 31 - Sept 6, 1998",Mixmaster Mike,Anti-Theft Device,Asphodel
electronic-dance,9809,"August 31 - Sept 6, 1998",(Various),Cinematique,Shadow
electronic-dance,9809,"August 31 - Sept 6, 1998",(Various),Next Step,Shadow
electronic-dance,9809,"August 31 - Sept 6, 1998",Gearwhore,Drive,Astralwerks
electronic-dance,9809,"August 31 - Sept 6, 1998",Icarus,Kamikaze,Shadow
electronic-dance,9809,"August 31 - Sept 6, 1998",James Hardway,Easy Is A Four Letter Word,Shadow
electronic-dance,9809,"August 31 - Sept 6, 1998",(Various),Freezone 5,SSR / Crammed
electronic-dance,9809,"August 31 - Sept 6, 1998",Ollano,Ollano,Shadow
electronic-dance,9809,"August 31 - Sept 6, 1998",Fila Brazillia,Power Clown,Pork
electronic-dance,9810,"Sept 28 - Oct 4, 1998",(Various),"Future Sounds Of Jazz, Vol. 5",Compost
electronic-dance,9810,"Sept 28 - Oct 4, 1998",(Various),Silver Top Collection,Milk
electronic-dance,9810,"Sept 28 - Oct 4, 1998",DJ Spooky,Riddim Warfare,Outpost
electronic-dance,9810,"Sept 28 - Oct 4, 1998",UNKLE,Psyence Fiction,Mowax /London
electronic-dance,9810,"Sept 28 - Oct 4, 1998",(Various),Compost 50,Compost
electronic-dance,9810,"Sept 28 - Oct 4, 1998",(Various),Next Step,Shadow
electronic-dance,9810,"Sept 28 - Oct 4, 1998",Finger,Swollen,Milk
electronic-dance,9810,"Sept 28 - Oct 4, 1998",James Hardway,Easy Is A Four Letter Word,Shadow
electronic-dance,9810,"Sept 28 - Oct 4, 1998",(Various),Cinematique,Shadow
electronic-dance,9810,"Sept 28 - Oct 4, 1998",Icarus,Kamikaze,Shadow
electronic-dance,9902,"February 1 - 7, 1999",Hi Fi Killers,Jamaica,LooseGroove
electronic-dance,9902,"February 1 - 7, 1999",(Various),The Shadow Masters,Shadow
electronic-dance,9902,"February 1 - 7, 1999",African Head Charge vs. Professor Stretch,Drums Of Defiance,On U Sound
electronic-dance,9902,"February 1 - 7, 1999",(Various),"Tribes Of Da Underground, Vol. 4",INFRACom!
electronic-dance,9902,"February 1 - 7, 1999",(Various),Out Of Perspective,Soup-Disk
electronic-dance,9902,"February 1 - 7, 1999",Sly and Robbie,Drum & Bass Strip To The Bone By Howie B,Palm Pictures
electronic-dance,9902,"February 1 - 7, 1999",Coldcut,Let Us Replay!,Ninja Tune
electronic-dance,9902,"February 1 - 7, 1999",Ian Simmonds,Last States Of Nature,Stud!o K7
electronic-dance,9902,"February 1 - 7, 1999",(Various),French Fried Funk Vol. II,Kickin
electronic-dance,9902,"February 1 - 7, 1999",(Various),Paris Is Sleeping: Respect Is Burning Vol. 2,Astralwerks
electronic-dance,9903,"March 1 - 7, 1999",Hi Fi Killers,Jamaica,LooseGroove
electronic-dance,9903,"March 1 - 7, 1999",Jeep Beat Collective,Technics Chainsaw Massacre,Bomb
electronic-dance,9903,"March 1 - 7, 1999",Fruitloop,To Be Or Not To Be Bop A Lula,Cup Of Tea
electronic-dance,9903,"March 1 - 7, 1999",(Various),The Shadow Masters,Shadow
electronic-dance,9903,"March 1 - 7, 1999",(Various),"Tribes Of Da Underground, Vol. 4",INFRACom!
electronic-dance,9903,"March 1 - 7, 1999",Mocean Worker,Mixed Emotional Features,Palm Pictures
electronic-dance,9903,"March 1 - 7, 1999",Coldcut,Let Us Replay!,Ninja Tune
electronic-dance,9903,"March 1 - 7, 1999",DJ Krush & Toshinori Kondo,Ki-Oku,Instinct
electronic-dance,9903,"March 1 - 7, 1999",(Various),Paris Is Sleeping: Respect Is Burning Vol. 2,Astralwerks
electronic-dance,9903,"March 1 - 7, 1999",Ian Simmonds,Last States Of Nature,Stud!o K7
electronic-dance,9904,"March 29 - April 4, 1999",(Various),Source Material,Astralwerks
electronic-dance,9904,"March 29 - April 4, 1999",Badmarsh+Shri,Dancing Drums,Tommy Boy
electronic-dance,9904,"March 29 - April 4, 1999",Arling & Cameron,All-In,Emperor Norton
electronic-dance,9904,"March 29 - April 4, 1999",DJ Krush & Toshinori Kondo,Ki-Oku,Instinct
electronic-dance,9904,"March 29 - April 4, 1999",(Various),Mephisto: San Francisco Plasmafunk,Mephisto/ Om
electronic-dance,9904,"March 29 - April 4, 1999",Howie B,Snatch,Palm Pictures
electronic-dance,9904,"March 29 - April 4, 1999",Jeep Beat Collective,Technics Chainsaw Massacre,Bomb
electronic-dance,9904,"March 29 - April 4, 1999",Fruitloop,To Be Or Not To Be Bop A Lula,Cup Of Tea
electronic-dance,9904,"March 29 - April 4, 1999",Mocean Worker,Mixed Emotional Features,Palm Pictures
electronic-dance,9904,"March 29 - April 4, 1999",Jega,Spectrum,Matador
electronic-dance,9905,"May 3 - 9, 1999",Badmarsh+Shri,Dancing Drums,Tommy Boy
electronic-dance,9905,"May 3 - 9, 1999",(Various),Traveler '99: A Planetful of Grooves,Six Degrees
electronic-dance,9905,"May 3 - 9, 1999",(Various),No Categories 2,Ubiquity
electronic-dance,9905,"May 3 - 9, 1999",(Various),Source Material,Astralwerks
electronic-dance,9905,"May 3 - 9, 1999",Add N To (X),Avant Hard,Mute
electronic-dance,9905,"May 3 - 9, 1999",Da Damn Phreak Noize Phunk,Electric Crate Digger,Stud!o K7
electronic-dance,9905,"May 3 - 9, 1999",Nightmares On Wax,Carboot Soul,Matador
electronic-dance,9905,"May 3 - 9, 1999",Danmass,Form Freaks,Dust 2 Dust
electronic-dance,9905,"May 3 - 9, 1999",Halou,We Only Love You,Bedazzled
electronic-dance,9905,"May 3 - 9, 1999",Thievery Corporation,Abductions and Reconstructions,18th Street Lounge
electronic-dance,9906,"May 31 - June 6, 1999",(Various),Suck It and See,Palm Pictures
electronic-dance,9906,"May 31 - June 6, 1999",Freestylers,We Rock Hard,Mammoth
electronic-dance,9906,"May 31 - June 6, 1999",Red Snapper,Making Bones,Matador
electronic-dance,9906,"May 31 - June 6, 1999",(Various),Traveler '99: A Planetful of Grooves,Six Degrees
electronic-dance,9906,"May 31 - June 6, 1999",(Various),No Categories 2,Ubiquity
electronic-dance,9906,"May 31 - June 6, 1999",Thievery Corporation,DJ Kicks,Stud!o K7
electronic-dance,9906,"May 31 - June 6, 1999",Spacetime Continuum,Double Fine Zone,Astralwerks
electronic-dance,9906,"May 31 - June 6, 1999",(Various),Sub Rosa vs. Shi-Ra-Nui,Sub Rosa
electronic-dance,9906,"May 31 - June 6, 1999",Add N To (X),Avant Hard,Mute
electronic-dance,9906,"May 31 - June 6, 1999",Da Damn Phreak Noize Phunk,Electric Crate Digger,Stud!o K7
electronic-dance,9907,"June 28 - July 4, 1999",(Various),Suck It and See,Palm Pictures
electronic-dance,9907,"June 28 - July 4, 1999",Red Snapper,Making Bones,Matador
electronic-dance,9907,"June 28 - July 4, 1999",Da Damn Phreak Noize Phunk,Electric Crate Digger,Stud!o K7
electronic-dance,9907,"June 28 - July 4, 1999",Freestylers,We Rock Hard,Mammoth
electronic-dance,9907,"June 28 - July 4, 1999",Chemical Brothers,Surrender,Astralwerks
electronic-dance,9907,"June 28 - July 4, 1999",Thievery Corporation,DJ Kicks,Stud!o K7
electronic-dance,9907,"June 28 - July 4, 1999",(Various),Wallpaper mach 1.5,Sweet Mother
electronic-dance,9907,"June 28 - July 4, 1999",Moby,Play,V2
electronic-dance,9907,"June 28 - July 4, 1999",Boom Boom Satellites,Out Loud,Epic
electronic-dance,9907,"June 28 - July 4, 1999",Spacetime Continuum,Double Fine Zone,Astralwerks
electronic-dance,9908,"August 2 - 8, 1999",Basement Jaxx,Remedy,Astralwerks
electronic-dance,9908,"August 2 - 8, 1999",(Various),The New Latinaires,Ubiquity
electronic-dance,9908,"August 2 - 8, 1999",Lamb,Fear of Fours,Fontana/Mercury
electronic-dance,9908,"August 2 - 8, 1999",(Various),Unknownwerks: Volume 01,Astralwerks
electronic-dance,9908,"August 2 - 8, 1999",Chemical Brothers,Surrender,Astralwerks
electronic-dance,9908,"August 2 - 8, 1999",(Various),"Crooklyn Dub Outernational Presents Certified Dope, Vol. 3",WordSound
electronic-dance,9908,"August 2 - 8, 1999",(Various),Wallpaper mach 1.5,Sweet Mother
electronic-dance,9908,"August 2 - 8, 1999",(Various),Electro-Lounge,The Right Stuff
electronic-dance,9908,"August 2 - 8, 1999",Moby,Play,V2
electronic-dance,9908,"August 2 - 8, 1999",Boom Boom Satellites,Out Loud,Epic
electronic-dance,9912,"December 6 - December 12, 1999",Krust,Coded Language,Talkin Loud/Island
electronic-dance,9912,"December 6 - December 12, 1999",Alex Gopher,You My Baby & I,V2
electronic-dance,9912,"December 6 - December 12, 1999",(Various),Jet Society,Eighteenth Street Lounge Soundtracks
electronic-dance,9912,"December 6 - December 12, 1999",Air Cuba,Leap of Faith,4AD
electronic-dance,9912,"December 6 - December 12, 1999",Andrea Parker,Kiss My Arp - Beggars Banquet/Mo Wax,
electronic-dance,9912,"December 6 - December 12, 1999",Kid Loco,Presents Jesus Life For Children Under 12 Inches,Atlantic
electronic-dance,9912,"December 6 - December 12, 1999",T-Cisco,The Destructive Edit,Ubiquity
electronic-dance,9912,"December 6 - December 12, 1999",(Various),The New Latinaires 2 - Ubiquity,
electronic-dance,9912,"December 6 - December 12, 1999",(Various),Soulfood,(Cookin'/Good Looking)
electronic-dance,9912,"December 6 - December 12, 1999",Kid Loco,DJ-Kicks,Stud!o K7
hip-hop,0001,"January 3 - January 9, 2000",Mos Def,Black on Both Sides,( Rawkus )
hip-hop,0001,"January 3 - January 9, 2000",Rakim,The Master,( Universal )
hip-hop,0001,"January 3 - January 9, 2000",Da Grassroots,Passage Through Time,(Conception)
hip-hop,0001,"January 3 - January 9, 2000",Q-Tip,Amplified,( Arista )
hip-hop,0001,"January 3 - January 9, 2000",The Roots,The Roots Come Alive,( MCA )
hip-hop,0001,"January 3 - January 9, 2000",Nas,Nastradamus,( Columbia )
hip-hop,0001,"January 3 - January 9, 2000",(Various),Quannum Spectrum,(Quannum Projects)
hip-hop,0001,"January 3 - January 9, 2000",Jay Z,So Ghetto,( Roc-a-Fella )
hip-hop,0001,"January 3 - January 9, 2000",Common,Doin' It,( MCA )
hip-hop,0001,"January 3 - January 9, 2000",Basement Khemist,Vibrate,(B-R)
hip-hop,0002,"January 31 - February 6, 2000",(Various),Return Of The D.J. Vol. III,(Bomb Hip Hop)
hip-hop,0002,"January 31 - February 6, 2000",DJ Faust,Inward Journeys,(Bomb Hip Hop)
hip-hop,0002,"January 31 - February 6, 2000",Rakim,The Master,( Universal )
hip-hop,0002,"January 31 - February 6, 2000",Q-Tip,Amplified,( Arista )
hip-hop,0002,"January 31 - February 6, 2000",DJ T-Rock,Who's Your Daddy,(Bomb Hip Hop)
hip-hop,0002,"January 31 - February 6, 2000",Shortee,The Dreamer,(Bomb Hip Hop)
hip-hop,0002,"January 31 - February 6, 2000",(Various),Contents Under Pressure,(Bomb Hip Hop)
hip-hop,0002,"January 31 - February 6, 2000",Nas,Nastradamus,( Columbia )
hip-hop,0002,"January 31 - February 6, 2000",The Roots,The Roots Come Alive,( MCA )
hip-hop,0002,"January 31 - February 6, 2000",Mos Def,Black on Both Sides,( Rawkus )
hip-hop,9602,"February 5-11, 1996",Bahamadia,UKnowHowWeDu,EMI
hip-hop,9602,"February 5-11, 1996",2 Pac,California Love,Deathrow
hip-hop,9602,"February 5-11, 1996",GZA,Cold World (remix),Geffen
hip-hop,9602,"February 5-11, 1996",Broadway,Must Stay Paid,Wreck
hip-hop,9602,"February 5-11, 1996",Dangerous Crew,Buy You Some,Jive
hip-hop,9602,"February 5-11, 1996",Pudgee,On The Regular,Perspective
hip-hop,9602,"February 5-11, 1996",The Fugees,Fugee-La,Columbia
hip-hop,9602,"February 5-11, 1996",Goodie Mob,Cell Therapy,LaFace
hip-hop,9602,"February 5-11, 1996",Redman,Funkorama,Interscope
hip-hop,9603,"March 4-10, 1996",Busta Rhymes,Woo-Hah,Elektra
hip-hop,9603,"March 4-10, 1996",Bahamadia,UKnowHowWeDu,EMI
hip-hop,9603,"March 4-10, 1996",Nonchalant,5 O'Clock,MCA
hip-hop,9603,"March 4-10, 1996",Broadway,Must Stay Paid,Wreck
hip-hop,9603,"March 4-10, 1996",Mannish,"Jive, U The Man",Correct
hip-hop,9603,"March 4-10, 1996",2 Pac,California Love,Deathrow
hip-hop,9603,"March 4-10, 1996",GZA,Cold World (remix),Geffen
hip-hop,9603,"March 4-10, 1996",Dangerous Crew,Buy You Some,Jive
hip-hop,9603,"March 4-10, 1996",The Fugees,Fugee-La,Columbia
hip-hop,9603,"March 4-10, 1996",Conscious Daughters,Gamerz,Priority
hip-hop,9604,"April 1-7, 1996",Frost,La Familia,Relativity
hip-hop,9604,"April 1-7, 1996",AZ,Doe Or Die,EMI
hip-hop,9604,"April 1-7, 1996",Nonchalant,5 O'Clock,MCA
hip-hop,9604,"April 1-7, 1996",The Click,Scandalous,Jive
hip-hop,9604,"April 1-7, 1996",Chino XL,No Complex,American
hip-hop,9604,"April 1-7, 1996",Rappin 4 Tay,Ain't No Playa,EMI
hip-hop,9604,"April 1-7, 1996",Conscious Daughters,Gamerz,Priority
hip-hop,9604,"April 1-7, 1996",Busta Rhymes,Woo-Hah,Elektra
hip-hop,9604,"April 1-7, 1996",Kool Keith,Wanna Be A Star,Funky Ass
hip-hop,9604,"April 1-7, 1996",Heather B,If Heads Only Knew,EMI
hip-hop,9608,"July 29-August 4, 1996",Nas,IF I Ruled The World,Columbia
hip-hop,9608,"July 29-August 4, 1996",A Tribe Called Quest,1once Again,Jive
hip-hop,9608,"July 29-August 4, 1996",High School High,LP Cuts,Big Beats
hip-hop,9608,"July 29-August 4, 1996",Luciano,Who Could It Be,Island
hip-hop,9608,"July 29-August 4, 1996",Crucial Conflict,Hay,Pallas
hip-hop,9608,"July 29-August 4, 1996",Sadat X,Hang Em High,Loud
hip-hop,9608,"July 29-August 4, 1996",Outkast,Elevators,LaFace
hip-hop,9608,"July 29-August 4, 1996",Key Kool & Rhettmatic,Head Trip,Up Above
hip-hop,9608,"July 29-August 4, 1996",Heather B,My Type Of Nigga,Pendulum
hip-hop,9608,"July 29-August 4, 1996",Big Shug,Crush,Payday
hip-hop,9609,"September 2-8, 1996",Outkast,Elevators,LaFace
hip-hop,9609,"September 2-8, 1996",A Tribe Called Quest,1once Again,Jive
hip-hop,9609,"September 2-8, 1996",Nas,If I Ruled The World,Columbia
hip-hop,9609,"September 2-8, 1996",Big Shug,Crush,Payday
hip-hop,9609,"September 2-8, 1996",Sir Mix-A-Lot,Jump On It,American
hip-hop,9609,"September 2-8, 1996",Lost Boys,Music Makes Me High,Universal
hip-hop,9609,"September 2-8, 1996",Key Kool & Rhettmatic,Head Trip,Up Above
hip-hop,9609,"September 2-8, 1996",Young Zee,Problems,Rockafella
hip-hop,9609,"September 2-8, 1996",Chino XL,Kreep,American
hip-hop,9609,"September 2-8, 1996",Mexakinz,Burnin Hot,Wild West
hip-hop,9610,"September 30-October 6, 1996",Lost Boys,Music Makes Me High,Universal
hip-hop,9610,"September 30-October 6, 1996",Makaveli,Toss It Up,Deathrow
hip-hop,9610,"September 30-October 6, 1996",Yo Yo,Same Ol Thang,Elektra
hip-hop,9610,"September 30-October 6, 1996",Westsyde Connection,Bow Down,Priority
hip-hop,9610,"September 30-October 6, 1996",Group Therapy,Eastcoast/Westcoast Killer,Interscope
hip-hop,9610,"September 30-October 6, 1996",Dru Down,Can You Feel Me,Relativity
hip-hop,9610,"September 30-October 6, 1996",Capone-N-Noriega,Illegal Life,Penalty
hip-hop,9610,"September 30-October 6, 1996",Da Bush Babees,Love Song,Warner Bros
hip-hop,9610,"September 30-October 6, 1996",Ghostface Killa,Daytona 500,Wu-Tung
hip-hop,9610,"September 30-October 6, 1996",E-40,Rapper's Ball,Jive
hip-hop,9611,"October 28-November 3, 1996",Makaveli,Toss It Up,Deathrow
hip-hop,9611,"October 28-November 3, 1996",Westsyde Connection,Bow Down,Priority
hip-hop,9611,"October 28-November 3, 1996",Lost Boys,Music Makes Me High,Universal
hip-hop,9611,"October 28-November 3, 1996",E-40,Rapper's Ball,Jive
hip-hop,9611,"October 28-November 3, 1996",Group Therapy,Eastcoast/Westcoast Killer,Interscope
hip-hop,9611,"October 28-November 3, 1996",Yo Yo,Same Ol Thang,Elektra
hip-hop,9611,"October 28-November 3, 1996",Dru Down,Can You Feel Me,Relativity
hip-hop,9611,"October 28-November 3, 1996",Capone-N-Noriega,Illegal Life,Penalty
hip-hop,9611,"October 28-November 3, 1996",Ghostface Killa,Daytona 500,Wu-Tung
hip-hop,9611,"October 28-November 3, 1996",Jeru The Damaja,You Playin Ya'self,Payday
hip-hop,9612,"December 2-8, 1996",Dr Dre,Been There Done That,Aftermath
hip-hop,9612,"December 2-8, 1996",Jeru The Damaja,You Playin Ya'self,Payday
hip-hop,9612,"December 2-8, 1996",Westsyde Connection,Bow Down,Priority
hip-hop,9612,"December 2-8, 1996",E-40,Rapper's Ball,Jive
hip-hop,9612,"December 2-8, 1996",Keith Murray,The Rhyme,Jive
hip-hop,9612,"December 2-8, 1996",Outkast,ATLiens,LaFace
hip-hop,9612,"December 2-8, 1996",Xzibit,Foundation,Loud
hip-hop,9612,"December 2-8, 1996",A Tribe Called Quest,Stressed Out,Jive
hip-hop,9612,"December 2-8, 1996",Real Live,The Turnaround,Big Beat
hip-hop,9612,"December 2-8, 1996",J-Live,Can I Get It,Raw Shack
hip-hop,9701,"December 30-January 5, 1997",Dr Dre,Been There Done That,Aftermath
hip-hop,9701,"December 30-January 5, 1997",Jeru The Damaja,You Playin Ya'self,Payday
hip-hop,9701,"December 30-January 5, 1997",Westsyde Connection,Bow Down,Priority
hip-hop,9701,"December 30-January 5, 1997",E-40,Rapper's Ball,Jive
hip-hop,9701,"December 30-January 5, 1997",Keith Murray,The Rhyme,Jive
hip-hop,9701,"December 30-January 5, 1997",Outkast,ATLiens,LaFace
hip-hop,9701,"December 30-January 5, 1997",Xzibit,Foundation,Loud
hip-hop,9701,"December 30-January 5, 1997",A Tribe Called Quest,Stressed Out,Jive
hip-hop,9701,"December 30-January 5, 1997",Real Live,The Turnaround,Big Beat
hip-hop,9701,"December 30-January 5, 1997",J-Live,Can I Get It,Raw Shack
hip-hop,9702,"February 3-9, 1997",Camp Lo,Luchini,Profile
hip-hop,9702,"February 3-9, 1997",Frankie Cutlass,The Cypher Pt 3,Relativity
hip-hop,9702,"February 3-9, 1997",Fugees,Rumble In The Jungle,Mercury
hip-hop,9702,"February 3-9, 1997",Rampage,Wild For Da Night,Elektra
hip-hop,9702,"February 3-9, 1997",Monstar's Anthem,Hit Em Up,Atlantic
hip-hop,9702,"February 3-9, 1997",Cypress Hill,Ice Cube Killa,Atlantic
hip-hop,9702,"February 3-9, 1997",E-40,Things'll Never Change,Jive
hip-hop,9702,"February 3-9, 1997",KRS-1,Can't Stop Won't Stop,Jive
hip-hop,9702,"February 3-9, 1997",Trigga The Gambla,Bust,Def Jam
hip-hop,9702,"February 3-9, 1997",J-Flex,Who Been There Who Done,Deathrow
hip-hop,9706,"June 2-8, 1997",Rampage,Take It To The Streets,Elektra
hip-hop,9706,"June 2-8, 1997",Masta P,If I Could Change,Priority
hip-hop,9706,"June 2-8, 1997",Jay Z,Who U Wit,Quest
hip-hop,9706,"June 2-8, 1997",Sugafree,If U Stay Ready,Island
hip-hop,9706,"June 2-8, 1997",KRS-1,Step Into My World,Jive
hip-hop,9706,"June 2-8, 1997",Scarface,Smile,Rap-A-Lot
hip-hop,9706,"June 2-8, 1997",Boogiemonsters,Beginning Of The End,EMI
hip-hop,9706,"June 2-8, 1997",Lady Of Rage,Sho Shot,Deathrow
hip-hop,9706,"June 2-8, 1997",O.C,My World,Payday
hip-hop,9706,"June 2-8, 1997",Buddah Tye,Money Matters,Double Down
hip-hop,9707,"June 30-July 6, 1997",Lady Of Rage,Get Wit Da Wickedness,Deathrow
hip-hop,9707,"June 30-July 6, 1997",Wu-Tang,Triumph,Loud
hip-hop,9707,"June 30-July 6, 1997",Lost Boys,Love Peace & Happiness,Universal
hip-hop,9707,"June 30-July 6, 1997",Masta P,If I Could Change,Priority
hip-hop,9707,"June 30-July 6, 1997",Mean Green,Fat Sacks,Patchwork
hip-hop,9707,"June 30-July 6, 1997",Camp Lo,Black Nostaljack Remix,Profile
hip-hop,9707,"June 30-July 6, 1997",Rampage,Take It To The Streets,Elektra
hip-hop,9707,"June 30-July 6, 1997",Scarface,Smile,Rap-A-Lot
hip-hop,9707,"June 30-July 6, 1997",Whoridas,Talkin Bout Bank,Delicious Vinyl
hip-hop,9707,"June 30-July 6, 1997",DJ Alladin,West Coast Rydaz,NRC
hip-hop,9708,"July 28-August 3, 1997",KRS-1,A Friend,Jive
hip-hop,9708,"July 28-August 3, 1997",Rampage,Take It To The Streets,Elektra
hip-hop,9708,"July 28-August 3, 1997",Company Flow,Blind,Rawkus
hip-hop,9708,"July 28-August 3, 1997",Finsta Bundy,Don't Stress Tomorrow,Tape Kings
hip-hop,9708,"July 28-August 3, 1997",DJ Pooh,Whoop! Whoop!,E/W
hip-hop,9708,"July 28-August 3, 1997",AZ,Hey AZ,NooTrybe
hip-hop,9708,"July 28-August 3, 1997",GP WU,Hit Me With That,MCA
hip-hop,9708,"July 28-August 3, 1997",D-Shot,True Worldwide Players,Jive
hip-hop,9708,"July 28-August 3, 1997",Big Mike,Burbans & Impalas,RapALot
hip-hop,9708,"July 28-August 3, 1997",The Lox,All About The Benjamins,Bad Boy
hip-hop,9709,"September 1-7, 1997",GP WU,Hit Me With That,MCA
hip-hop,9709,"September 1-7, 1997",AZ,Hey AZ,NooTrybe
hip-hop,9709,"September 1-7, 1997",Beatnuts,Off The Books,Relativity
hip-hop,9709,"September 1-7, 1997",Capone-N-Noriega,Capone Bone,Penalty
hip-hop,9709,"September 1-7, 1997",Lost Boyz,Me & My Crazy World,Universal
hip-hop,9709,"September 1-7, 1997",RBL Posse,How We Comin,E/W
hip-hop,9709,"September 1-7, 1997",Lox,All About The Benjamins,BadBoy
hip-hop,9709,"September 1-7, 1997",Diamond,Hiatus,Mercury
hip-hop,9709,"September 1-7, 1997",Tracey Lee,Give It Up Baby,Universal
hip-hop,9709,"September 1-7, 1997",Busta Rhymes,Put Your Hands,Elektra
hip-hop,9710,"September 29-October 5, 1997",Mack 10,Backyard Boogie,Priority
hip-hop,9710,"September 29-October 5, 1997",The Firm,Firm Biz,Interscope
hip-hop,9710,"September 29-October 5, 1997",Luniz,Funkin Over Nothin,NooTrybe
hip-hop,9710,"September 29-October 5, 1997",Naughty By Nature,Mourn You Till I Join You,Tommy Boy
hip-hop,9710,"September 29-October 5, 1997",Gang Starr,You Know My Steez,NooTrybe
hip-hop,9710,"September 29-October 5, 1997",Rakim,It's Been A Long Time,Universal
hip-hop,9710,"September 29-October 5, 1997",Busta Rhymes,Put Your Hands,Elektra
hip-hop,9710,"September 29-October 5, 1997",The Comrads,Die Hard/Get At Me,Street Life
hip-hop,9710,"September 29-October 5, 1997",Wu-Tang Clan,It's Yourz,Loud
hip-hop,9710,"September 29-October 5, 1997",Mase,Feel So Good,BadBoy
hip-hop,9712,"December 1-7, 1997",Busta Rhymes,Dangerous,Elektra
hip-hop,9712,"December 1-7, 1997",Militia,Burn,Red Ant
hip-hop,9712,"December 1-7, 1997",The Firm,Phone Tap,Interscope
hip-hop,9712,"December 1-7, 1997",Rappin 4Tay,Money Makes The Man,Noo Trybe
hip-hop,9712,"December 1-7, 1997",EPMD,Richter Scale,Def Jam
hip-hop,9712,"December 1-7, 1997",Master P,Ghetto D,Priority
hip-hop,9712,"December 1-7, 1997",Def Squad,Rapper's Delight,Priority
hip-hop,9712,"December 1-7, 1997",Queen Pen,All My Love,Interscope
hip-hop,9712,"December 1-7, 1997",Rakim,Guess Who's Back,Universal
hip-hop,9712,"December 1-7, 1997",2Pac,Lost Souls,Death Row
hip-hop,9806,"June 1 - 7, 1998",Sunz Of Man,Shining Star,Red Ant
hip-hop,9806,"June 1 - 7, 1998",All City,The Actual,Geffen
hip-hop,9806,"June 1 - 7, 1998",(Soundtrack),Player's Club,A & M
hip-hop,9806,"June 1 - 7, 1998",Noreaga,N.O.R.E,Penalty
hip-hop,9806,"June 1 - 7, 1998",Daz Dillinger,It Might Sound Crazy,Death Row
hip-hop,9806,"June 1 - 7, 1998",(Soundtrack),Bulworth,Interscope
hip-hop,9806,"June 1 - 7, 1998",Big Punisher,Still Not A Player,Loud
hip-hop,9806,"June 1 - 7, 1998",Xzibit,3 Card Molly,Loud
hip-hop,9806,"June 1 - 7, 1998",Rasheed & Ill Advised,1.9.8.6,Quake City
hip-hop,9806,"June 1 - 7, 1998",Craig Mack,Today's Forecast,Street Life
hip-hop,9807,"June 29 - July 5, 1998",Gang Starr,Militia,Noo Trybe
hip-hop,9807,"June 29 - July 5, 1998",Pumpkinhead,Dynamic,Makin'
hip-hop,9807,"June 29 - July 5, 1998",King T,Got It Locked,Interscope
hip-hop,9807,"June 29 - July 5, 1998",Fat Kat Kareem,Fugazi,Casino
hip-hop,9807,"June 29 - July 5, 1998",Xzibit,3 Card Molly,Loud
hip-hop,9807,"June 29 - July 5, 1998",Canibus w/ Youssou N'Dour,How Come,Interscope
hip-hop,9807,"June 29 - July 5, 1998",Lauren Hill,Lost Ones,Ruff House
hip-hop,9807,"June 29 - July 5, 1998",Clipse,Got Caught Dealing,Elektra
hip-hop,9807,"June 29 - July 5, 1998",Mic Vandalz,Love + Hate,Jive
hip-hop,9807,"June 29 - July 5, 1998",Wyclef Jean,What's Clef,Ruff House
hip-hop,9808,"August 3 - 9, 1998",Dres,Pardon Me,White
hip-hop,9808,"August 3 - 9, 1998",Slum Village,I Don't Know Why,Peace
hip-hop,9808,"August 3 - 9, 1998",2 Rude,Innovations,Rude
hip-hop,9808,"August 3 - 9, 1998",Def Squad,Full Cooperation,Def Jam
hip-hop,9808,"August 3 - 9, 1998",Kool G. Rap,Foul Cat,DLM
hip-hop,9808,"August 3 - 9, 1998",Black Moon,War Zone,Duck Down
hip-hop,9808,"August 3 - 9, 1998",Dynasty,Wild Think,Eclipse
hip-hop,9808,"August 3 - 9, 1998",Helta Skelta,World Wide,Duck Down
hip-hop,9808,"August 3 - 9, 1998",Gang Starr,Militia,Noo Trybe
hip-hop,9808,"August 3 - 9, 1998",Cali Kings,Same,V-Max
hip-hop,9809,"August 31 - Sept 6, 1998",A.T.C.Q,Find A Way,Jive
hip-hop,9809,"August 31 - Sept 6, 1998",Missin' Linx,M.I.A,Fat Beats
hip-hop,9809,"August 31 - Sept 6, 1998",Gang Starr,1/2 and 1/2,Blunt
hip-hop,9809,"August 31 - Sept 6, 1998",Nomad,I Will Rebel,White
hip-hop,9809,"August 31 - Sept 6, 1998",Ghost Face,Cobra Clutch,Wu Tang
hip-hop,9809,"August 31 - Sept 6, 1998",Black Starr,Definition,Rawkus
hip-hop,9809,"August 31 - Sept 6, 1998",Brand Nubian,The Return,Arista
hip-hop,9809,"August 31 - Sept 6, 1998",Helta Skelta,World Wide,Duck Down
hip-hop,9809,"August 31 - Sept 6, 1998",Ice Age,Dirty,Ceritfied
hip-hop,9809,"August 31 - Sept 6, 1998",Gang Starr,Militia Remix,Noo Trybe
hip-hop,9810,"Sept 28 - Oct 4, 1998",Joey Chavez,Develop Tools,ABB
hip-hop,9810,"Sept 28 - Oct 4, 1998",Lewis Parker,1000 Fragments,Virgin
hip-hop,9810,"Sept 28 - Oct 4, 1998",N.O.R.E,Super Thug,Penalty
hip-hop,9810,"Sept 28 - Oct 4, 1998",A.T.C.Q,Find A Way,Jive
hip-hop,9810,"Sept 28 - Oct 4, 1998",Memphis Bleek,Hand It Down,Rockafella
hip-hop,9810,"Sept 28 - Oct 4, 1998",Icy Lee,Calafia,Byze One
hip-hop,9810,"Sept 28 - Oct 4, 1998",Cocoa Brovaz,Bucktown,Duck Down
hip-hop,9810,"Sept 28 - Oct 4, 1998",Funk Flex,That Sh*!,Loud
hip-hop,9810,"Sept 28 - Oct 4, 1998",Rhythm & Green,Two's & Fews,Swerve
hip-hop,9810,"Sept 28 - Oct 4, 1998",Wayne O,1999,White
hip-hop,9811,"November 2 - 8, 1998",Joey Chavez,Develop Tools,ABB
hip-hop,9811,"November 2 - 8, 1998",Lewis Parker,1000 Fragments,Virgin
hip-hop,9811,"November 2 - 8, 1998",N.O.R.E,Super Thug,Penalty
hip-hop,9811,"November 2 - 8, 1998",A.T.C.Q,Find A Way,Jive
hip-hop,9811,"November 2 - 8, 1998",Memphis Bleek,Hand It Down,Rockafella
hip-hop,9811,"November 2 - 8, 1998",Icy Lee,Calafia,Byze One
hip-hop,9811,"November 2 - 8, 1998",Cocoa Brovaz,Bucktown,Duck Down
hip-hop,9811,"November 2 - 8, 1998",Funk Flex,That Sh*!,Loud
hip-hop,9811,"November 2 - 8, 1998",Rhythm & Green,Two's & Fews,Swerve
hip-hop,9811,"November 2 - 8, 1998",Wayne O,1999,White
hip-hop,9812,"Nov 30 - Dec 6, 1998",AFU RA,Whirlwind Through Cities,Gee Street
hip-hop,9812,"Nov 30 - Dec 6, 1998",DJ Quik,Hand In Hand,Profile
hip-hop,9812,"Nov 30 - Dec 6, 1998",Shahid,Feel That Hit,White
hip-hop,9812,"Nov 30 - Dec 6, 1998",Pacewon,Step Up,Roc-A-Blok
hip-hop,9812,"Nov 30 - Dec 6, 1998",Medina Green,Crosstown Beef,Rawkus
hip-hop,9812,"Nov 30 - Dec 6, 1998",Laster,Looking For Meaning,White
hip-hop,9812,"Nov 30 - Dec 6, 1998",E Rule,Nik Luv,White
hip-hop,9812,"Nov 30 - Dec 6, 1998",Bad Seed,Dem Grits,Makin
hip-hop,9812,"Nov 30 - Dec 6, 1998",Coup 20K,Gun Salute,Dog Day
hip-hop,9812,"Nov 30 - Dec 6, 1998",Diamond Mercenaries,Living To Die,Conception
hip-hop,9903,"March 1 - 7, 1999",Square One,Mind Body & Soul,Showdown
hip-hop,9903,"March 1 - 7, 1999",2 Rude,Innovations,Rude
hip-hop,9903,"March 1 - 7, 1999",Slum Village,Get This Money,Interscope
hip-hop,9903,"March 1 - 7, 1999",Qball & Curt Cazal,The Whole Rep,D&D
hip-hop,9903,"March 1 - 7, 1999",Nas,Nas Is Like,Columbia
hip-hop,9903,"March 1 - 7, 1999",Grass Roots,Thematics,Conception
hip-hop,9903,"March 1 - 7, 1999",Busta Rhymes,Party's Over Here,Elektra
hip-hop,9903,"March 1 - 7, 1999",Rahzel,All I Know,MCA
hip-hop,9903,"March 1 - 7, 1999",Pete Rock,Stay Away,White
hip-hop,9903,"March 1 - 7, 1999",Dead Prez,Hip Hop,Loud
hip-hop,9904,"March 29 - April 4, 1999",Snoop Dogg & Kutfather,Trump Tight Game,T.T
hip-hop,9904,"March 29 - April 4, 1999",Common,1999,Rawkus
hip-hop,9904,"March 29 - April 4, 1999",Black Starr,Respiration,Rawkus
hip-hop,9904,"March 29 - April 4, 1999",Mountain Bros,Dig It,M.B
hip-hop,9904,"March 29 - April 4, 1999",Big L,Ebonics,Fat Beats
hip-hop,9904,"March 29 - April 4, 1999",Mobb Deep,Illustrious,Jive
hip-hop,9904,"March 29 - April 4, 1999",DJ Quik,Youz A Gangsta,Profile
hip-hop,9904,"March 29 - April 4, 1999",Road Dawgs,Bouncin',Rap-A-Lot
hip-hop,9904,"March 29 - April 4, 1999",Da Grass Roots,Price Of Living,Conception
hip-hop,9904,"March 29 - April 4, 1999",Jake One,You Stold The Beat,White
hip-hop,9905,"May 3 - 9, 1999",Gang Starr,Full Clip,Nootrybe
hip-hop,9905,"May 3 - 9, 1999",Mr. Supreme,Run The Show,Blackberry
hip-hop,9905,"May 3 - 9, 1999",Da Grass Roots,Price Of Living,Conception
hip-hop,9905,"May 3 - 9, 1999",Rahzal,All I Know,MCA
hip-hop,9905,"May 3 - 9, 1999",Beatnuts,Watch Out Now,MCA
hip-hop,9905,"May 3 - 9, 1999",Slum Village,Get Dis Money,Interscope
hip-hop,9905,"May 3 - 9, 1999",Sauce Money,What's My Name,White
hip-hop,9905,"May 3 - 9, 1999",Mountain Bros,Dig It,M.B
hip-hop,9905,"May 3 - 9, 1999",Road Dawgs,Bouncin',Noo Trybe
hip-hop,9905,"May 3 - 9, 1999",Mobb Deep,Quiet Storm,Loud
hip-hop,9906,"May 31 - June 6, 1999",Slum Village,Players,Interscope
hip-hop,9906,"May 31 - June 6, 1999",Large Professor,Never Had It Like This,Buds
hip-hop,9906,"May 31 - June 6, 1999",Screwball,F.A.Y.B.A.N,Hydra
hip-hop,9906,"May 31 - June 6, 1999",Da Grass Roots,Thematics,Conception
hip-hop,9906,"May 31 - June 6, 1999",Beatnuts,Watch Out Now,MCA
hip-hop,9906,"May 31 - June 6, 1999",Gang Starr,Full Clip,Nootrybe
hip-hop,9906,"May 31 - June 6, 1999",Bumpy Knuckles,A Part Of Me,Fat Beats
hip-hop,9906,"May 31 - June 6, 1999",Kutfather,Trump Tight Game,White
hip-hop,9906,"May 31 - June 6, 1999",Buckwild,Burn Me Slow,Fat Beats
hip-hop,9906,"May 31 - June 6, 1999",Group Home,Stupid M.F.'s,Replay
hip-hop,9907,"June 28 - July 4, 1999",Da Grass Roots,Thematics,Conception
hip-hop,9907,"June 28 - July 4, 1999",Bumpy Knuckles,A Part Of Me,Fat Beats
hip-hop,9907,"June 28 - July 4, 1999",Beatnuts,Watch Out Now,MCA
hip-hop,9907,"June 28 - July 4, 1999",Large Professor,Never Had It Like This,Buds
hip-hop,9907,"June 28 - July 4, 1999",Poets of Darkness,Court,Promo
hip-hop,9907,"June 28 - July 4, 1999",50 Cents,Rowdy Rowdy,Columbia
hip-hop,9907,"June 28 - July 4, 1999",Saukrates,Various,Capitol
hip-hop,9907,"June 28 - July 4, 1999",Truck,Who Am I,Jive
hip-hop,9907,"June 28 - July 4, 1999",Kutfather,Trump Tight Game,White
hip-hop,9907,"June 28 - July 4, 1999",Pace Won I Declare War Rok-a-Blok,,
hip-hop,9908,"August 2 - 8, 1999",Da Grass Roots,Thematics,Conception
hip-hop,9908,"August 2 - 8, 1999",Slum Village,Players,White
hip-hop,9908,"August 2 - 8, 1999",Bumpy Knuckles,A Part Of Me,Fat Beats
hip-hop,9908,"August 2 - 8, 1999",Truck Turner,Who Am I,Jive
hip-hop,9908,"August 2 - 8, 1999",B.G,Cash Money Is An Army,Universal
hip-hop,9908,"August 2 - 8, 1999",Gang Starr,Discipline,Virgin
hip-hop,9908,"August 2 - 8, 1999",Planet Asia,Bring It Back,Blackberry
hip-hop,9908,"August 2 - 8, 1999",Mos Def,Next Universe,Rawkus
hip-hop,9908,"August 2 - 8, 1999",Ak-Ta-Pus,Three XXX,White
hip-hop,9908,"August 2 - 8, 1999",Beatnuts,Watch Out Now,Relativity/ MCA
hip-hop,9909,"August 30 - Sept 5, 1999",Kool Keith,Black Elvis/Lost In Space,Ruffhouse / Columbia
hip-hop,9909,"August 30 - Sept 5, 1999",MC Solaar,Le Tour De La Question,(Sentinel Quest/East West France)
hip-hop,9909,"August 30 - Sept 5, 1999",Arsonists,As The World Burns,Matador
hip-hop,9909,"August 30 - Sept 5, 1999",Gang Starr,Full Clip: A Decade Of Gang Starr,Noo Trybe/ Virgin
hip-hop,9909,"August 30 - Sept 5, 1999",Public Enemy,There's A Poison Goin' On,Atomic Pop
hip-hop,9909,"August 30 - Sept 5, 1999",GZA/Genius,Beneath The Surface,MCA
hip-hop,9909,"August 30 - Sept 5, 1999",Phife Dog,Bend Ova,Groove Attack
hip-hop,9909,"August 30 - Sept 5, 1999",50 Cent,How To Rob,Columbia
hip-hop,9909,"August 30 - Sept 5, 1999",Honorebel,Who Dis Me,Crew White
hip-hop,9909,"August 30 - Sept 5, 1999",Pharoahe Monche,Mayor,Rawkus
hip-hop,9910,"October 25 - 31, 1999",Handsome Boy Modeling School,So How's Your Girl?,Tommy Boy
hip-hop,9910,"October 25 - 31, 1999",(Various),The Funky Precedent,LooseGroove
hip-hop,9910,"October 25 - 31, 1999",Styles of Beyond,2000 Fold,Ideal
hip-hop,9910,"October 25 - 31, 1999",(Various),Quannum Spectrum,Quannum Projects
hip-hop,9910,"October 25 - 31, 1999",Jurassic-5,Improvise,Interscope
hip-hop,9910,"October 25 - 31, 1999",Arsonists,As The World Burns,Matador
hip-hop,9910,"October 25 - 31, 1999",Da Grass Roots,Where I'm From,Conception
hip-hop,9910,"October 25 - 31, 1999",Zion I,Critica,l Nu-Gruv
hip-hop,9910,"October 25 - 31, 1999",Gang Starr,All 4 The Cash,Virgin
hip-hop,9910,"October 25 - 31, 1999",Sticky Fingaz,Jackin' 4 Beats,White
hip-hop,9911,"November 8 - November 14, 1999",Mos Def,Black on Both Sides - Rawkus,
hip-hop,9911,"November 8 - November 14, 1999",Handsome Boy Modeling School,So How's Your Girl?,Tommy Boy
hip-hop,9911,"November 8 - November 14, 1999",(Various),The Funky Precedent,LooseGroove
hip-hop,9911,"November 8 - November 14, 1999",(Various),Quannum Spectrum,Quannum Projects
hip-hop,9911,"November 8 - November 14, 1999",Da Grassroots,Passage Through Time,Conception
hip-hop,9911,"November 8 - November 14, 1999",Jurassic-5,Improvise,Interscope
hip-hop,9911,"November 8 - November 14, 1999",The Roots,The Roots Come Alive,MCA
hip-hop,9911,"November 8 - November 14, 1999",Zion I,Critical,Nu-Gruv
hip-hop,9911,"November 8 - November 14, 1999",Gang Starr,All 4 The Cash,Virgin
hip-hop,9911,"November 8 - November 14, 1999",Sticky Fingaz,Jackin' 4 Beats,White
hip-hop,9912,"December 6 - December 12, 1999",Mos Def,Black on Both Sides - Rawkus,
hip-hop,9912,"December 6 - December 12, 1999",Handsome Boy Modeling School,So How's Your Girl?,Tommy Boy
hip-hop,9912,"December 6 - December 12, 1999",Q-Tip,Amplified,Arista
hip-hop,9912,"December 6 - December 12, 1999",Da Grassroots,Passage Through Time,Conception
hip-hop,9912,"December 6 - December 12, 1999",(Various),Quannum Spectrum,Quannum Projects
hip-hop,9912,"December 6 - December 12, 1999",Nas,Nastradamus,Columbia
hip-hop,9912,"December 6 - December 12, 1999",The Roots,The Roots Come Alive,MCA
hip-hop,9912,"December 6 - December 12, 1999",Jay-Z,So Ghetto,Roc-a-fella
hip-hop,9912,"December 6 - December 12, 1999",Common,Doin' It,MCA
hip-hop,9912,"December 6 - December 12, 1999",Basement Khemist,Vibrate - B/R,
northwest,0001,"January 3 - January 9, 2000",Graig Markel,Verses On Venus,(Mag Wheel/Recovery)
northwest,0001,"January 3 - January 9, 2000",No. 2,No Memory,( Chainsaw )
northwest,0001,"January 3 - January 9, 2000",Five Gears In Reverse,You're Not Asking The Right Questions,(self-released)
northwest,0001,"January 3 - January 9, 2000",The Melody Unit,Odds Against Tomorrow,(Self Release)
northwest,0001,"January 3 - January 9, 2000",Veal,Tilt O' Whirl,(Veal/Square Dog)
northwest,0001,"January 3 - January 9, 2000",Ponga,The Remixes,( LooseGroove )
northwest,0001,"January 3 - January 9, 2000",Lower 48,Lower 48,( Wrecking Ball )
northwest,0001,"January 3 - January 9, 2000",Goodness,Thesedays,(Goodink)
northwest,0001,"January 3 - January 9, 2000",Critters Buggin,Amoeba,( LooseGroove )
northwest,0001,"January 3 - January 9, 2000",Heather Duby,Post To Wire,( Sub Pop )
northwest,0002,"January 31 - February 6, 2000",Modest Mouse,Building Nothing Out of Something,( Up )
northwest,0002,"January 31 - February 6, 2000",Mudhoney,March To Fuzz,( Sub Pop )
northwest,0002,"January 31 - February 6, 2000",78 RPM,78 RPM,(self-released)
northwest,0002,"January 31 - February 6, 2000",Graig Markel,Verses On Venus,(Mag Wheel/Recovery)
northwest,0002,"January 31 - February 6, 2000",Pinehurst Kids,Viewmaster,(4 Alarm)
northwest,0002,"January 31 - February 6, 2000",Dirty Birds,Plum Crazy,(Tuck-N-Roll)
northwest,0002,"January 31 - February 6, 2000",(Various),Servicing the Night,(Night Service)
northwest,0002,"January 31 - February 6, 2000",Trick Deck,Trick Deck,(Infrasonic)
northwest,0002,"January 31 - February 6, 2000",Sycophant,Live at the Sit & Spin,(self-released)
northwest,0002,"January 31 - February 6, 2000",The Heroic Trio,The Heroic Trio,(La Push)
northwest,9501,"January 2-8, 1995",Jessamine,Jessamine,Kranky
northwest,9501,"January 2-8, 1995",Treepeople,Actual Re-Enactment,C/Z
northwest,9501,"January 2-8, 1995",Critters Buggin,Guest,Loosegroove
northwest,9501,"January 2-8, 1995",Danger Gens,Life Between Cigarettes,Crunch Melody
northwest,9501,"January 2-8, 1995",Faith & Disease,Fortune His Sleep,Ivy
northwest,9501,"January 2-8, 1995",Gherkin,Ten Esperanto Love Songs,Schwa
northwest,9501,"January 2-8, 1995",Billy Tipton Mem Sax Qu,Make It Funky Good,Horn Hut
northwest,9501,"January 2-8, 1995",Juned,Juned,Up
northwest,9501,"January 2-8, 1995",Diamond Fist Werny,Diamond Fist Werny,Rudy
northwest,9501,"January 2-8, 1995",Jackie On Acid,Singularity,MDR
northwest,9502,"January 30 - February 5, 1995",Lois,Bet The Sky,K
northwest,9502,"January 30 - February 5, 1995",Mike Johnson,Where Am I?,Up
northwest,9502,"January 30 - February 5, 1995",Mary Lou Lord,Mary Lou Lord,Kill Rock Stars
northwest,9502,"January 30 - February 5, 1995",Team Dresch,Personal Best,Chainsaw/Candyass
northwest,9502,"January 30 - February 5, 1995",(Various),Periscope,Yoyo
northwest,9502,"January 30 - February 5, 1995",4 Hour Ramona,Control,4 Hour Ramona
northwest,9502,"January 30 - February 5, 1995",Critters Buggin,Guest,Loosegroove
northwest,9502,"January 30 - February 5, 1995",Kitchen Radio,Virgin Smil,Glitterhouse
northwest,9502,"January 30 - February 5, 1995",Jessamine,Jessamine,Kranky
northwest,9502,"January 30 - February 5, 1995",Treepeople,Actual Re-Enactment,C/Z
northwest,9503,"February 27-March 5, 1995",Lois,Bet The Sky,K
northwest,9503,"February 27-March 5, 1995",Mary Lou Lord,Mary Lou Lord,Kill Rock Stars
northwest,9503,"February 27-March 5, 1995",Team Dresch,Personal Best,Chainsaw/Candyass
northwest,9503,"February 27-March 5, 1995",(Various),Periscope,Yoyo
northwest,9503,"February 27-March 5, 1995",Love Battery,Straight Freak Ticket,A & M
northwest,9503,"February 27-March 5, 1995",Terry Lee Hale,Tornado Alley,Glitterhouse
northwest,9503,"February 27-March 5, 1995",Rob Angus,Ethnoloopography,Multimood
northwest,9503,"February 27-March 5, 1995",(Various),Northwest Post-Grunge,Elemental
northwest,9503,"February 27-March 5, 1995",Presidents Of USA,Presidents Of USA,Popllama
northwest,9503,"February 27-March 5, 1995",Flop,Act 1 Scene 1,Super Electro
northwest,9504,"April 3-9, 1995",Everclear,Sparkle And Fade,Capitol
northwest,9504,"April 3-9, 1995",Bill Frisell,Music 4 Films Of Buster Keaton,Nonesuch
northwest,9504,"April 3-9, 1995",Violent Green,Eros,Up
northwest,9504,"April 3-9, 1995",Mudhoney,My Brother The Cow,Reprise
northwest,9504,"April 3-9, 1995",Engine Kid,Angel Wings,Revelation
northwest,9504,"April 3-9, 1995",Gamelan Pacifica,Trance Gong,What Next?
northwest,9504,"April 3-9, 1995",Clinton Fearon/Boogie,Disturb The Devil,B.M.I
northwest,9504,"April 3-9, 1995",Rob Angus,Ethnoloopography,Multimood
northwest,9504,"April 3-9, 1995",Love Battery,Straight Freak Ticket,A & M
northwest,9504,"April 3-9, 1995",Team Dresch,Personal Best,Chainsaw/Candyass
northwest,9505,"May 1-7, 1995",Pell Mell,Interstate,DGC
northwest,9505,"May 1-7, 1995",Engine Kid,Angel Wings,Revelation
northwest,9505,"May 1-7, 1995",Bill Frisell,Music 4 Films Of Buster Keaton,Nonesuch
northwest,9505,"May 1-7, 1995",Everclear,Sparkle And Fade,Capitol
northwest,9505,"May 1-7, 1995",Mudhoney,My Brother The Cow,Reprise
northwest,9505,"May 1-7, 1995",Violent Green,Eros,Up
northwest,9505,"May 1-7, 1995",Flop,World Of Today,Frontier
northwest,9505,"May 1-7, 1995",Hell Upside Down,The Bovine Years,Jeager Monkey/Y
northwest,9505,"May 1-7, 1995",Clinton Fearon/Boogie,Disturb The Devil,B.M.I
northwest,9505,"May 1-7, 1995",Dead Presidents,Spread Butter,K
northwest,9506,"June 5-11, 1995",The Crabs,Jackpot,K/knw-yr-own
northwest,9506,"June 5-11, 1995",Pell Mell,Interstate,DGC
northwest,9506,"June 5-11, 1995",Unwound,Future Of What,Kill Rock Stars
northwest,9506,"June 5-11, 1995",Dancing French Liberals,Powerline,Revenge
northwest,9506,"June 5-11, 1995",Flop,World Of Today,Frontier
northwest,9506,"June 5-11, 1995",Hell Upside Down,The Bovine Years,Jeager Monkey/Y
northwest,9506,"June 5-11, 1995",Excuse 17,Such Friends Are Dangerous,Kill Rock Stars
northwest,9506,"June 5-11, 1995",Voodoo Gearshift,It's About Time,(your name here)
northwest,9506,"June 5-11, 1995",Dead Presidents,Spread Butter,K
northwest,9506,"June 5-11, 1995",Mudhoney,My Brother The Cow,Reprise
northwest,9507,"July 3-9, 1995",Land,Land,Extreme
northwest,9507,"July 3-9, 1995",The Crabs,Jackpot,K/knw-yr-own
northwest,9507,"July 3-9, 1995",Dub Narcotic Sound System,Rhythm Record,K
northwest,9507,"July 3-9, 1995",Unwound,Future Of What,Kill Rock Stars
northwest,9507,"July 3-9, 1995",Tattletale,Sew True,St Francis
northwest,9507,"July 3-9, 1995",Sage,7th Standard Road,Will
northwest,9507,"July 3-9, 1995",Dancing French Liberals,Powerline,Revenge
northwest,9507,"July 3-9, 1995",Tullycraft,True Blue,Harriet
northwest,9507,"July 3-9, 1995",Land Of The Loops,Multi-Family Garage Sale,Up
northwest,9507,"July 3-9, 1995",Voodoo Gearshift,It's About Time,(your name here)
northwest,9508,"July 31-August 6, 1995",Land,Land,Extreme
northwest,9508,"July 31-August 6, 1995",Dub Narcotic Sound System,Rhythm Record,K
northwest,9508,"July 31-August 6, 1995",The Crabs,Jackpot,K/knw-yr-own
northwest,9508,"July 31-August 6, 1995",Tattletale,Sew True,St Francis
northwest,9508,"July 31-August 6, 1995",The Minus 5,Old Liquidator,ESD
northwest,9508,"July 31-August 6, 1995",Dancing French Liberals,Powerline,Revenge
northwest,9508,"July 31-August 6, 1995",Sage,7th Standard Road,Will
northwest,9508,"July 31-August 6, 1995",Tullycraft,True Blue,Harriet
northwest,9508,"July 31-August 6, 1995",Teen Angels,Teen Dream,Sub Pop
northwest,9508,"July 31-August 6, 1995",Supersuckers,Born With A Tail,Sub Pop
northwest,9509,"September 4-10, 1995",El Dopamine,Two And One,Screamin' Fez
northwest,9509,"September 4-10, 1995",The Picketts,The Wicked Picketts,Rounder
northwest,9509,"September 4-10, 1995",Hush Harbor,Hush Harbor,Up
northwest,9509,"September 4-10, 1995",Gary Heffern,Painful Days,Glitterhouse
northwest,9509,"September 4-10, 1995",Jeff Kelly,Ash Wednesday Rain,Green Monkey
northwest,9509,"September 4-10, 1995",Dub Narcotic Sound Syst,Rhythm Record,K
northwest,9509,"September 4-10, 1995",Goodness,Goodness,Y
northwest,9509,"September 4-10, 1995",The Minus 5,Old Liquidator,ESD
northwest,9509,"September 4-10, 1995",Crop Circles,Born With A Bad Heart,Crop Circles
northwest,9509,"September 4-10, 1995",Tattletale,Sew True,St Francis
northwest,9510,"October 2-8, 1995",The Picketts,The Wicked Picketts,Rounder
northwest,9510,"October 2-8, 1995",Hush Harbor,Hush Harbor,Up
northwest,9510,"October 2-8, 1995",Gary Heffern,Painful Days,Glitterhouse
northwest,9510,"October 2-8, 1995",El Dopamine,Two And One,Screamin' Fez
northwest,9510,"October 2-8, 1995",Jeff Kelly,Ash Wednesday Rain,Green Monkey
northwest,9510,"October 2-8, 1995",Eric Matthews,It's Heavy In Here,Sub Pop
northwest,9510,"October 2-8, 1995",Goodness,Goodness,Y
northwest,9510,"October 2-8, 1995",5ive Style,5ive Style,Sub Pop
northwest,9510,"October 2-8, 1995",Pete Krebs,Brigadier,Cavity Search
northwest,9510,"October 2-8, 1995",Crop Circles,Born With A Bad Heart,Crop Circles
northwest,9511,"November 6-12, 1995",Thirty Ought Six,Hag Seed,Mute
northwest,9511,"November 6-12, 1995",Eric Matthews,It's Heavy In Here,Sub Pop
northwest,9511,"November 6-12, 1995",Frisell/Driscoll/Baron,Live,Gramavision
northwest,9511,"November 6-12, 1995",Dub Narcotic Sound Syst,Ridin Shotgun,K
northwest,9511,"November 6-12, 1995",The Softies,It's Love,K
northwest,9511,"November 6-12, 1995",(Various),Precipitation,Partial
northwest,9511,"November 6-12, 1995",Dead Moon,Nervous Sooner Changes,Music Maniac
northwest,9511,"November 6-12, 1995",Pete Krebs,Brigadier,Cavity Search
northwest,9511,"November 6-12, 1995",Silkworm,Marco Collins Sessions,Matador
northwest,9511,"November 6-12, 1995",Bone Cellar,Lost In The Sight Of..D,(Your Name Here)
northwest,9512,"December 4-10, 1995",Thirty Ought Six,Hag Seed,Mute
northwest,9512,"December 4-10, 1995",Frisell/Driscoll/Baron,Live,Gramavision
northwest,9512,"December 4-10, 1995",Ray Condo,Swing Brother Swing,East Side
northwest,9512,"December 4-10, 1995",Dub Narcotic Sound Syst,Ridin Shotgun,K
northwest,9512,"December 4-10, 1995",Sicko,Chef Boy RU Dumb,Empty
northwest,9512,"December 4-10, 1995",Dead Moon,Nervous Sooner Changes,Music Maniac
northwest,9512,"December 4-10, 1995",The Softies,It's Love,K
northwest,9512,"December 4-10, 1995",Built To Spill/Caustic,Resin,Up
northwest,9512,"December 4-10, 1995",Silkworm,Marco Collins Sessions,Matador
northwest,9512,"December 4-10, 1995",(Various),Precipitation,Partial
northwest,9601,"January 1-7, 1996",Joel JR Phelps,Warm Springs Night,El Recordo
northwest,9601,"January 1-7, 1996",Thirty Ought Six,Hag Seed,Mute
northwest,9601,"January 1-7, 1996",Frisell/Driscoll/Baron,Live,Gramavision
northwest,9601,"January 1-7, 1996",Sicko,Chef Boy RU Dumb,Empty
northwest,9601,"January 1-7, 1996",Dub Narcotic Sound Syst,Ridin Shotgun,K
northwest,9601,"January 1-7, 1996",Ray Condo,Swing Brother Swing,East Side
northwest,9601,"January 1-7, 1996",Too Slim & Taildraggers,Swamp Opera,Burnside
northwest,9601,"January 1-7, 1996",Dead Moon,Nervous Sooner Changes,Music Maniac
northwest,9601,"January 1-7, 1996",The Softies,It's Love,K
northwest,9601,"January 1-7, 1996",Silkworm,Marco Collins Sessions,Matador
northwest,9602,"February 5-11, 1996",Joel JR Phelps,Warm Springs Night,El Recordo
northwest,9602,"February 5-11, 1996",(Various),Twisted Willie,Justice
northwest,9602,"February 5-11, 1996",Wayne Horvitz/Pigpen,Live In Poland,Cavity Search
northwest,9602,"February 5-11, 1996",Stuntman,Stuntman,Link
northwest,9602,"February 5-11, 1996",(Various),Bite Back/Live At The Crocodile,Popllama
northwest,9602,"February 5-11, 1996",Pretty Mary Sunshine,Bird Medicine,Ricochet
northwest,9602,"February 5-11, 1996",Jimmy Silva's Goat 5,Near The End Of The Harbor,Popllama
northwest,9602,"February 5-11, 1996",Pale Nudes,Wise To The Heat,RecRec Music
northwest,9602,"February 5-11, 1996",Butterfly Train,Distorted..Retarded,Up
northwest,9602,"February 5-11, 1996",Love As Laughter,Love As Laughter,K
northwest,9603,"March 4-10, 1996",Silkworm,Firewater,Matador
northwest,9603,"March 4-10, 1996",Wayne Horvitz/Pigpen,Live In Poland,Cavity Search
northwest,9603,"March 4-10, 1996",(Various),Twisted Willie,Justice
northwest,9603,"March 4-10, 1996",Joel JR Phelps,Warm Springs Night,El Recordo
northwest,9603,"March 4-10, 1996",The Spinanes,Strand,Sub Pop
northwest,9603,"March 4-10, 1996",Mike Johnson,Year Of Mondays,TAG
northwest,9603,"March 4-10, 1996",(Various),Bite Back/Live At The Crocodile,Popllama
northwest,9603,"March 4-10, 1996",Stuntman,Stuntman,Link
northwest,9603,"March 4-10, 1996",Gas Huffer,The Inhuman Ordeal Of,Epitaph
northwest,9603,"March 4-10, 1996",Pretty Mary Sunshine,Bird Medicine,Ricochet
northwest,9604,"April 1-7, 1996",Silkworm,Firewater,Matador
northwest,9604,"April 1-7, 1996",(Various),Endless Records Complication,Endless
northwest,9604,"April 1-7, 1996",Magnog,Magnog,Kranky
northwest,9604,"April 1-7, 1996",The Spinanes,Strand,Sub Pop
northwest,9604,"April 1-7, 1996",Pagan Babies,Pagan Babies,Nine Winds
northwest,9604,"April 1-7, 1996",Juned,Every Night For You,Up Records
northwest,9604,"April 1-7, 1996",Mike Johnson,Year Of Mondays,TAG
northwest,9604,"April 1-7, 1996",Sleater-Kinney,Call The Doctor,Chainsaw
northwest,9604,"April 1-7, 1996",Project W,Project W,Apraxia
northwest,9604,"April 1-7, 1996",Michael Shrieve,Two Doors,CMP
northwest,9605,"April 29-May 5, 1996",Bill Frisell,Quartet,Nonesuch
northwest,9605,"April 29-May 5, 1996",(Various),Endless Records Complication,Endless
northwest,9605,"April 29-May 5, 1996",Magnog,Magnog,Kranky
northwest,9605,"April 29-May 5, 1996",Bikini Kill,Reject All American,Kill Rock Stars
northwest,9605,"April 29-May 5, 1996",FoMoFlo,Slug & Firearms,God Mountain
northwest,9605,"April 29-May 5, 1996",Citizens' Utilities,Lost And Foundered,Mute America
northwest,9605,"April 29-May 5, 1996",Project W,Project W,Apraxia
northwest,9605,"April 29-May 5, 1996",Modest Mouse,This Is A Long Drive,Up Records
northwest,9605,"April 29-May 5, 1996",Juned,Every Night For You,Up Records
northwest,9605,"April 29-May 5, 1996",Sleater-Kinney,Call The Doctor,Chainsaw
northwest,9606,"June 3-9, 1996",Bill Frisell,Quartet,Nonesuch
northwest,9606,"June 3-9, 1996",FoMoFlo,Slug & Firearms,God Mountain
northwest,9606,"June 3-9, 1996",(Various),Endless Records Complication,Endless
northwest,9606,"June 3-9, 1996",Land Of The Loops,Bundle Of Joy,Up
northwest,9606,"June 3-9, 1996",Bikini Kill,Reject All American,Kill Rock Stars
northwest,9606,"June 3-9, 1996",Citizens' Utilities,Lost And Foundered,Mute America
northwest,9606,"June 3-9, 1996",Modest Mouse,This Is A Long Drive,Up Records
northwest,9606,"June 3-9, 1996",Dub Narcotic Sound Synd,Boot Party,K Records
northwest,9606,"June 3-9, 1996",Ray Condo,Swing Brother Swing,Joaquin
northwest,9606,"June 3-9, 1996",Unwound,Repetition,Kill Rock Stars
northwest,9607,"June 24-30, 1996",Land Of The Loops,Bundle Of Joy,Up
northwest,9607,"June 24-30, 1996",Bill Frisell,Quartet,Nonesuch
northwest,9607,"June 24-30, 1996",FoMoFlo,Slug & Firearms,God Mountain
northwest,9607,"June 24-30, 1996",Bikini Kill,Reject All American,Kill Rock Stars
northwest,9607,"June 24-30, 1996",Tullycraft,"Old Traditions,New Standards",Harriet
northwest,9607,"June 24-30, 1996",Fastbacks,New Mansions In Sound,Sub Pop
northwest,9607,"June 24-30, 1996",Mocket,Bionic Parts,Punk In My Vitamins
northwest,9607,"June 24-30, 1996",Ray Condo,Swing Brother Swing,Joaquin
northwest,9607,"June 24-30, 1996",Team Dresch,Captain My Captain,Chainsaw/Candyass
northwest,9607,"June 24-30, 1996",Tiger,3 Songs,Demo
northwest,9608,"July 29-August 4, 1996",Land Of The Loops,Bundle Of Joy,Up
northwest,9608,"July 29-August 4, 1996",Bill Frisell,Quartet,Nonesuch
northwest,9608,"July 29-August 4, 1996",Fastbacks,New Mansions In Sound,Sub Pop
northwest,9608,"July 29-August 4, 1996",Jeremy Enigk,Return Of The Frog Queen,Sub Pop
northwest,9608,"July 29-August 4, 1996",Tullycraft,"Old Traditions,New Standards",Harriet
northwest,9608,"July 29-August 4, 1996",Mocket,Bionic Parts,Punk In My Vitamins
northwest,9608,"July 29-August 4, 1996",Incredible Force Of Jr,Let The World Fall Apart,Up
northwest,9608,"July 29-August 4, 1996",Cub,Box Of Hair,Lookout/Mint
northwest,9608,"July 29-August 4, 1996",Team Dresch,Captain My Captain,Chainsaw/Candyass
northwest,9608,"July 29-August 4, 1996",Ray Condo,Swing Brother Swing,Joaquin
northwest,9609,"September 2-8, 1996",The Picketts,Euphonium,Rounder
northwest,9609,"September 2-8, 1996",Jessamine,Long Arm Of Coincidence,Kranky
northwest,9609,"September 2-8, 1996",Jeremy Enigk,Return Of The Frog Queen,Sub Pop
northwest,9609,"September 2-8, 1996",Kilgore Trout,Kilgore Trout,KGT
northwest,9609,"September 2-8, 1996",Mars Accelerator,I Am The South Pole,Rx Remedy
northwest,9609,"September 2-8, 1996",Satisfact,The Wanted Sounds Of,Up
northwest,9609,"September 2-8, 1996",Modest Mouse,Interstate 8,Up
northwest,9609,"September 2-8, 1996",Bare Minimum,Night We Streak,Rx Remedy
northwest,9609,"September 2-8, 1996",Cub,Box Of Hair,Lookout/Mint
northwest,9609,"September 2-8, 1996",Incredible Force Of Jr,Let The World Fall Apart,Up
northwest,9610,"September 30-October 6, 1996",Jessamine,Long Arm Of Coincidence,Kranky
northwest,9610,"September 30-October 6, 1996",The Picketts,Euphonium,Rounder
northwest,9610,"September 30-October 6, 1996",Jeremy Enigk,Return Of The Frog Queen,Sub Pop
northwest,9610,"September 30-October 6, 1996",Zumpano,Goin' Through Changes,Sub Pop
northwest,9610,"September 30-October 6, 1996",Black Cat Orchestra,Black Cat Orchestra,Irene
northwest,9610,"September 30-October 6, 1996",Kilgore Trout,Kilgore Trout,KGT
northwest,9610,"September 30-October 6, 1996",Mars Accelerator,I Am The South Pole,Rx Remedy
northwest,9610,"September 30-October 6, 1996",The West Section Line,The Man Downstairs,Rx Remedy
northwest,9610,"September 30-October 6, 1996",Satisfact,The Wanted Sounds Of,Up
northwest,9610,"September 30-October 6, 1996",Richmond Fontaine,Safety,Cravedog
northwest,9611,"October 28-November 3, 1996",The Walkabouts,Devil's Road,Virgin Schallplatten
northwest,9611,"October 28-November 3, 1996",The Picketts,Euphonium,Rounder
northwest,9611,"October 28-November 3, 1996",Heatmiser,Mic City Sons,Caroline
northwest,9611,"October 28-November 3, 1996",Sharpshooters,Choked Up,Conception
northwest,9611,"October 28-November 3, 1996",Zumpano,Goin' Through Changes,Sub Pop
northwest,9611,"October 28-November 3, 1996",Black Cat Orchestra,Black Cat Orchestra,Irene
northwest,9611,"October 28-November 3, 1996",(Soundtrack),Hype!,Sub Pop
northwest,9611,"October 28-November 3, 1996",Richmond Fontaine,Safety,Cravedog
northwest,9611,"October 28-November 3, 1996",The West Section Line,The Man Downstairs,Rx Remedy
northwest,9611,"October 28-November 3, 1996",(Various),Yo Yo A Go Go,Yoyo
northwest,9612,"December 2-8, 1996",The Walkabouts,Devil's Road,Virgin Schallplatten
northwest,9612,"December 2-8, 1996",Heatmiser,Mic City Sons,Caroline
northwest,9612,"December 2-8, 1996",764-HERO,Salt Sinks & Sugar Floats,Up
northwest,9612,"December 2-8, 1996",Sharpshooters,Choked Up,Conception
northwest,9612,"December 2-8, 1996",Black Cat Orchestra,Black Cat Orchestra,Irene
northwest,9612,"December 2-8, 1996",Gerald Collier,I Had To Laugh Like Hell,C/Z
northwest,9612,"December 2-8, 1996",The Model Rockets,Snatch It Back & Hold It,C/Z
northwest,9612,"December 2-8, 1996",Elliott Smith,Speed Trials,Kill Rock Stars
northwest,9612,"December 2-8, 1996",(Various),Yo Yo A Go Go,Yoyo
northwest,9612,"December 2-8, 1996",Birddog,Killer,Undercover
northwest,9701,"December 30-January 5, 1997",The Walkabouts,Devil's Road,Virgin Schallplatten
northwest,9701,"December 30-January 5, 1997",Gerald Collier,I Had To Laugh Like Hell,C/Z
northwest,9701,"December 30-January 5, 1997",764-HERO,Salt Sinks & Sugar Floats,Up
northwest,9701,"December 30-January 5, 1997",Heatmiser,Mic City Sons,Caroline
northwest,9701,"December 30-January 5, 1997",Sharpshooters,Choked Up,Conception
northwest,9701,"December 30-January 5, 1997",Kaz Murphy,One Happy Camper,Liquid City
northwest,9701,"December 30-January 5, 1997",The Model Rockets,Snatch It Back & Hold It,C/Z
northwest,9701,"December 30-January 5, 1997",Elliott Smith,Speed Trials,Kill Rock Stars
northwest,9701,"December 30-January 5, 1997",Built To Spill,Untrustable,Warner Bros
northwest,9701,"December 30-January 5, 1997",Birddog,Killer,Undercover
northwest,9702,"February 3-9, 1997",Built To Spill,Perfect From Now On,Warner Bros
northwest,9702,"February 3-9, 1997",Damien Jurado,Waters Ave S,Sub Pop
northwest,9702,"February 3-9, 1997",Critters Buggin,Host,Loose Groove
northwest,9702,"February 3-9, 1997",Pigeonhed,The Full Sentence,Sub Pop
northwest,9702,"February 3-9, 1997",Gerald Collier,I Had To Laugh Like Hell,C/Z
northwest,9702,"February 3-9, 1997",764-HERO,Salt Sinks & Sugar Floats,Up
northwest,9702,"February 3-9, 1997",Heatmiser,Mic City Sons,Caroline
northwest,9702,"February 3-9, 1997",The Colorifics,Living City,Trademark
northwest,9702,"February 3-9, 1997",Lucid,Idylls And The Secret Realm,ae
northwest,9702,"February 3-9, 1997",Subminute: Radio,Subminute: Radio,Y
northwest,9703,"March 3-9, 1997",Built To Spill,Perfect From Now On,Warner Bros
northwest,9703,"March 3-9, 1997",Damien Jurado,Waters Ave S,Sub Pop
northwest,9703,"March 3-9, 1997",Sky Cries Mary,Moonbathing On Sleeping Leaves,Warner Bros
northwest,9703,"March 3-9, 1997",Pigeonhed,The Full Sentence,Sub Pop
northwest,9703,"March 3-9, 1997",Critters Buggin,Host,Loose Groove
northwest,9703,"March 3-9, 1997",Satisfact,Satisfact,K
northwest,9703,"March 3-9, 1997",Hovercraft,Akathisia,Mute /Blast First
northwest,9703,"March 3-9, 1997",The Flapjacks,Solid Gone,Doghouse
northwest,9703,"March 3-9, 1997",Lucid,Idylls And The Secret Realm,ae
northwest,9703,"March 3-9, 1997",The Colorifics,Living City,Trademark
northwest,9704,"March 31-April 6, 1997",Elliott Smith,Either/Or,Kill Rock Stars
northwest,9704,"March 31-April 6, 1997",Damien Jurado,Waters Ave S,Sub Pop
northwest,9704,"March 31-April 6, 1997",Supersuckers,Must've Been High,Sub Pop
northwest,9704,"March 31-April 6, 1997",Sky Cries Mary,Moonbathing On Sleeping Leaves,Warner Bros
northwest,9704,"March 31-April 6, 1997",(Various),Used To Be: Blues From The Pacific Delta,Undercover
northwest,9704,"March 31-April 6, 1997",Hovercraft,Akathisia,Mute /Blast First
northwest,9704,"March 31-April 6, 1997",The Flapjacks,Solid Gone,Doghouse
northwest,9704,"March 31-April 6, 1997",The Great Unraveling,The Great Unraveling,Kill Rock Stars
northwest,9704,"March 31-April 6, 1997",Satisfact,Satisfact,K
northwest,9704,"March 31-April 6, 1997",Pond,Rock Collection,Work
northwest,9706,"June 2-8, 1997",Pete Krebs,Western Electric,Cavity Search
northwest,9706,"June 2-8, 1997",Sleater-Kinney,Dig Me Out,Kill Rock Stars
northwest,9706,"June 2-8, 1997",(Various),Sweet Mother: Free Activation Series No. 1,Sub Pop
northwest,9706,"June 2-8, 1997",Silkworm,Developer,Matador
northwest,9706,"June 2-8, 1997",Marc Olsen,Tunnel Songs,My Own Planet
northwest,9706,"June 2-8, 1997",Golden Delicious,Old School,Cavity Search
northwest,9706,"June 2-8, 1997",Bill Frisell,Nashville,Nonesuch
northwest,9706,"June 2-8, 1997",Volume All*Star,Close Encounters Of The Bump And Grind,Slabco
northwest,9706,"June 2-8, 1997",Quasi,R & B Transmogrification,Up
northwest,9706,"June 2-8, 1997",Fernando,Widows,Cravedog
northwest,9707,"June 30-July 6, 1997",(Various),Sweet Mother: Free Activation Series No. 1,Sub Pop
northwest,9707,"June 30-July 6, 1997",Pete Krebs,Western Electric,Cavity Search
northwest,9707,"June 30-July 6, 1997",Silkworm,Developer,Matador
northwest,9707,"June 30-July 6, 1997",Golden Delicious,Old School,Cavity Search
northwest,9707,"June 30-July 6, 1997",Wayne Horvitz,Monologue,Cavity Search
northwest,9707,"June 30-July 6, 1997",Red Stars Theory,But Sleep Came SLowly,Rx Remedy
northwest,9707,"June 30-July 6, 1997",Black Anger,Maxed Out Singles,K
northwest,9707,"June 30-July 6, 1997",The Feelings,Dearling Darling,Pop Secret / Darla
northwest,9707,"June 30-July 6, 1997",(Various),The Big Choice,Bands We Like
northwest,9707,"June 30-July 6, 1997",New Bad Things,Ennui Go,Pop Secret
northwest,9708,"July 28-August 3, 1997",Octal,Octal,Space Age
northwest,9708,"July 28-August 3, 1997",Wayne Horvitz,Monologue,Cavity Search
northwest,9708,"July 28-August 3, 1997",Birddog,"The Trackhouse, The Valley, The Liquor Store Drive-Thru",Sugar Free
northwest,9708,"July 28-August 3, 1997",Harvey Danger,Where Have All The Merry Men Gone,Arena Rock
northwest,9708,"July 28-August 3, 1997",Black Anger,Maxed Out Singles,K
northwest,9708,"July 28-August 3, 1997",Violent Green,From Cycles Of Heat,Up
northwest,9708,"July 28-August 3, 1997",Red Stars Theory,But Sleep Came SLowly,Rx Remedy
northwest,9708,"July 28-August 3, 1997",Severna Park,Severna Park,Self-Released
northwest,9708,"July 28-August 3, 1997",(Various),The Big Choice,Bands We Like
northwest,9708,"July 28-August 3, 1997",Marriott Jazz Quintet,Open Season,Red Rad Pus
northwest,9709,"September 1-7, 1997",Citizens' Utilities,No More Medicine,Mute
northwest,9709,"September 1-7, 1997",Kelly Joe Phelps,Roll Away The Stone,Rykodisc
northwest,9709,"September 1-7, 1997",Harvey Danger,Where Have All The Merry Men Gone,Arena Rock
northwest,9709,"September 1-7, 1997",Land,Archipeligo,Periplum
northwest,9709,"September 1-7, 1997",Delta Haymax,Delta Haymax,Tooth & Nail
northwest,9709,"September 1-7, 1997",Utterance Tongue,Surface Tension,Endless
northwest,9709,"September 1-7, 1997",The Crabs,What Were Flames Now Smolder,K
northwest,9709,"September 1-7, 1997",Red Stars Theory,But Sleep Came SLowly,Rx Remedy
northwest,9709,"September 1-7, 1997",Young Fresh Fellows,A Tribute To Music,Rock & Rock
northwest,9709,"September 1-7, 1997",Roadside Monument,Eigth Hours Away From Being A Man,Tooth & Nail
northwest,9710,"September 29-October 5, 1997",Citizens' Utilities,No More Medicine,Mute
northwest,9710,"September 29-October 5, 1997",Kelly Joe Phelps,Roll Away The Stone,Rykodisc
northwest,9710,"September 29-October 5, 1997",Jessamine,Jessamine,Histrionic
northwest,9710,"September 29-October 5, 1997",Stinkhorn,Stinkhorn,Self-Released
northwest,9710,"September 29-October 5, 1997",Richmond Fontaine,Miles From,Cavity Search
northwest,9710,"September 29-October 5, 1997",The Deep End,The Deep End,Atomic DIY
northwest,9710,"September 29-October 5, 1997",Neko Case,The Virginian,Mint
northwest,9710,"September 29-October 5, 1997",Land,Archipeligo,Periplum
northwest,9710,"September 29-October 5, 1997",Hi Fi Killers,Loaded,LooseGroove
northwest,9710,"September 29-October 5, 1997",Trash Train,Come Along For The Ride,Snakepit
northwest,9711,"October 27-November 2, 1997",Ray Condo And His Ricochets,Door To Door Maniac,Joaquin
northwest,9711,"October 27-November 2, 1997",Jessamine,Jessamine,Histrionic
northwest,9711,"October 27-November 2, 1997",Stinkhorn,Stinkhorn,Self-Released
northwest,9711,"October 27-November 2, 1997",Neko Case,The Virginian,Mint
northwest,9711,"October 27-November 2, 1997",764-HERO,We're Solids,Up
northwest,9711,"October 27-November 2, 1997",Hi Fi Killers,Loaded,LooseGroove
northwest,9711,"October 27-November 2, 1997",Richmond Fontaine,Miles From,Cavity Search
northwest,9711,"October 27-November 2, 1997",The Green Pajamas,Strung Behind The Sun,Obscura
northwest,9711,"October 27-November 2, 1997",Trash Train,Come Along For The Ride,Snakepit
northwest,9711,"October 27-November 2, 1997",Pure Joy,"Getz, The Worm",Flydaddy
northwest,9712,"December 1-7, 1997",Modest Mouse,The Lonesome Crowded West,Up
northwest,9712,"December 1-7, 1997",Ein Heit,The Lightning and The Sun,Temporary Freedom
northwest,9712,"December 1-7, 1997",Ray Condo And His Ricochets,Door To Door Maniac,Joaquin
northwest,9712,"December 1-7, 1997",The Walkabouts,Nighttown,Virgin Schallplatten
northwest,9712,"December 1-7, 1997",Pell Mell,Star City,Matador
northwest,9712,"December 1-7, 1997",Magnog,More Weather,Kranky
northwest,9712,"December 1-7, 1997",Sadhappy,Good Day Bad Dream,Periscope
northwest,9712,"December 1-7, 1997",Stuntman,The American Fadeout,Mag Wheel
northwest,9712,"December 1-7, 1997",The Deflowers,Fin,Square Target
northwest,9712,"December 1-7, 1997",Mount Analog,Mount Analog,Pehr
northwest,9801,"January 5 - 11, 1998",Modest Mouse,The Lonesome Crowded West,Up
northwest,9801,"January 5 - 11, 1998",Ray Condo And His Ricochets,Door To Door Maniac,Joaquin
northwest,9801,"January 5 - 11, 1998",Ein Heit,The Lightning and The Sun,Temporary Freedom
northwest,9801,"January 5 - 11, 1998",Pell Mell,Star City,Matador
northwest,9801,"January 5 - 11, 1998",The Walkabouts,Nighttown,Virgin Schallplatten
northwest,9801,"January 5 - 11, 1998",Bill Frisell,"Gone, Just Like A Train",Nonesuch
northwest,9801,"January 5 - 11, 1998",Pigpen,Daylight,Tim/Kerr
northwest,9801,"January 5 - 11, 1998",Sadhappy,Good Day Bad Dream,Periscope
northwest,9801,"January 5 - 11, 1998",Stuntman,The American Fadeout,Mag Wheel
northwest,9801,"January 5 - 11, 1998",Magnog,More Weather,Kranky
northwest,9803,"March 2-8, 1998",The Halo Benders,The Rebels Not In,K
northwest,9803,"March 2-8, 1998",Gerald Collier,Gerald Collier,Revolution
northwest,9803,"March 2-8, 1998",Notables,Quite Notable,Conception
northwest,9803,"March 2-8, 1998",Tullycraft,City Of Subarus,Cher Doll/Darla
northwest,9803,"March 2-8, 1998",Craig Flory/Doug Haire,Wigwam Bendix,Franchise
northwest,9803,"March 2-8, 1998",Sycophant,Everything,self-released
northwest,9803,"March 2-8, 1998",Hominy,Hominy,Sounds Of The American West
northwest,9803,"March 2-8, 1998",Pigpen,Daylight,Tim/Kerr
northwest,9803,"March 2-8, 1998",(Various),A Bridge Home,Wing Luke Asian Museum
northwest,9803,"March 2-8, 1998",Unwound,Challenge For A Civilized Society,Kill Rock Stars
northwest,9804,"March 30- April 5, 1998",Mars Accelerator,Frankfurt: Telephonics,Rx Remedy
northwest,9804,"March 30- April 5, 1998",Gerald Collier,Gerald Collier,Revolution
northwest,9804,"March 30- April 5, 1998",The Halo Benders,The Rebels Not In,K
northwest,9804,"March 30- April 5, 1998",Dragonfly,Timestream,Sweet Mother
northwest,9804,"March 30- April 5, 1998",King Of Hawaii,"Henry, Call Home",Koh
northwest,9804,"March 30- April 5, 1998",Ed Pias,Ancestor's Halo,Extreme
northwest,9804,"March 30- April 5, 1998",Sycophant,Everything,self-released
northwest,9804,"March 30- April 5, 1998",(Various),Classic Elements,K
northwest,9804,"March 30- April 5, 1998",Rockin' Teenage Combo,Songs From The Smoking Section,Endless
northwest,9804,"March 30- April 5, 1998",Fragile Jack,National Boy,Corn Pone
northwest,9805,"May 4 - 10 , 1998",Mars Accelerator,Frankfurt: Telephonics,Rx Remedy
northwest,9805,"May 4 - 10 , 1998",Jeff Greinke,Swimming,Prudence
northwest,9805,"May 4 - 10 , 1998",Chris & Carla,Swinger 500,Glitterhouse
northwest,9805,"May 4 - 10 , 1998",(Various),Classic Elements,K
northwest,9805,"May 4 - 10 , 1998",Quasi,"Featuring ""Birds""",Up
northwest,9805,"May 4 - 10 , 1998",Dragonfly,Timestream,Sweet Mother
northwest,9805,"May 4 - 10 , 1998",Sunset Valley,The New Speed,Sugar Free
northwest,9805,"May 4 - 10 , 1998",Justin Curtis,Let Them Ride,Galaxy
northwest,9805,"May 4 - 10 , 1998",King Of Hawaii,"Henry, Call Home",Koh
northwest,9805,"May 4 - 10 , 1998",Ed Pias,Ancestor's Halo,Extreme
northwest,9806,"June 1 - 7 , 1998",Jeff Greinke,Swimming,Prudence
northwest,9806,"June 1 - 7 , 1998",Bare Minimum,Can't Cure The Nailbiters,Rx Remedy
northwest,9806,"June 1 - 7 , 1998",Joel R.L. Phelps & The Downer Trio,3,Pacifico
northwest,9806,"June 1 - 7 , 1998",(Various),Classic Elements,K
northwest,9806,"June 1 - 7 , 1998",Quasi,"Featuring ""Birds""",Up
northwest,9806,"June 1 - 7 , 1998",Chris & Carla,Swinger 500,Glitterhouse
northwest,9806,"June 1 - 7 , 1998",Sunset Valley,The New Speed,Sugar Free
northwest,9806,"June 1 - 7 , 1998",Eyvind Kang,Theater Of Mineral NADEs,Tzadik
northwest,9806,"June 1 - 7 , 1998",Justin Curtis,Let Them Ride,Galaxy
northwest,9806,"June 1 - 7 , 1998",Butterknife,Feel Good Movie,S.O.P
northwest,9807,"June 29 - July 5 , 1998",The Spinanes,Arches and Aisles,Sub Pop
northwest,9807,"June 29 - July 5 , 1998",Jeff Greinke,Swimming,Prudence
northwest,9807,"June 29 - July 5 , 1998",Joel R.L. Phelps & The Downer Trio,3,Pacifico
northwest,9807,"June 29 - July 5 , 1998",Bare Minimum,Can't Cure The Nailbiters,Rx Remedy
northwest,9807,"June 29 - July 5 , 1998",Hi Fi Killers,Possession,LooseGroove
northwest,9807,"June 29 - July 5 , 1998",Chris & Carla,Swinger 500,Glitterhouse
northwest,9807,"June 29 - July 5 , 1998",Sir Richard Bishop,Salvador Kali,Revenant
northwest,9807,"June 29 - July 5 , 1998",Justin Curtis,Let Them Ride,Galaxy
northwest,9807,"June 29 - July 5 , 1998",Eyvind Kang,Theater Of Mineral NADEs,Tzadik
northwest,9807,"June 29 - July 5 , 1998",The Makers,Psychopathia Sexualis,Estrus
northwest,9808,"August 3 - 9 , 1998",Mark Lanegan,Scraps At Midnight,Sub Pop
northwest,9808,"August 3 - 9 , 1998",Silkworm,Blueblood,Touch and Go
northwest,9808,"August 3 - 9 , 1998",The Spinanes,Arches and Aisles,Sub Pop
northwest,9808,"August 3 - 9 , 1998",Faster Tiger,Little Things,FT
northwest,9808,"August 3 - 9 , 1998",Hi Fi Killers,Possession,LooseGroove
northwest,9808,"August 3 - 9 , 1998",The Makers,Psychopathia Sexualis,Estrus
northwest,9808,"August 3 - 9 , 1998",Strange Voices,Strange Voices,Sweet Mother
northwest,9808,"August 3 - 9 , 1998",The Dusty 45's,The Dusty '45s,self-released
northwest,9808,"August 3 - 9 , 1998",Nevada Bachelors,Carrots & So On,Yeti
northwest,9808,"August 3 - 9 , 1998",The Souvenirs,Sentimental,self-released
northwest,9809,"August 31 - Sept 6 , 1998",Pedro The Lion,It's Hard To Find A Friend,Made In Mexico
northwest,9809,"August 31 - Sept 6 , 1998",Mike Johnson,I Feel Alright,Up
northwest,9809,"August 31 - Sept 6 , 1998",Mark Lanegan,Scraps At Midnight,Sub Pop
northwest,9809,"August 31 - Sept 6 , 1998",Silkworm,Blueblood,Touch and Go
northwest,9809,"August 31 - Sept 6 , 1998",Faster Tiger,Little Things,FT
northwest,9809,"August 31 - Sept 6 , 1998",Death Cab For Cutie,Something About Airplanes,Elsinor /Barsuk
northwest,9809,"August 31 - Sept 6 , 1998",Jessamine,Don't Stay Too Long,Kranky
northwest,9809,"August 31 - Sept 6 , 1998",Bingo,H om,Undercover
northwest,9809,"August 31 - Sept 6 , 1998",Critters Buggin,Bumpa,LooseGroove
northwest,9809,"August 31 - Sept 6 , 1998",Violent Green,Hangovers In The Ancient World,Up
northwest,9810,"Sept 28 - Oct 4, 1998",Sunny Day Real Estate,How It Feels To Be Something On,Sub Pop
northwest,9810,"Sept 28 - Oct 4, 1998",Mudhoney,Tomorrow Hit Today,Reprise
northwest,9810,"Sept 28 - Oct 4, 1998",Pedro The Lion,It's Hard To Find A Friend,Made In Mexico
northwest,9810,"Sept 28 - Oct 4, 1998",Wayne Horvitz and Zony Mash,Brand Spankin' New,Knitting Factory
northwest,9810,"Sept 28 - Oct 4, 1998",Death Cab For Cutie,Something About Airplanes,Elsinor /Barsuk]
northwest,9810,"Sept 28 - Oct 4, 1998",Living Daylights,500 Pound Cat,Liquid City
northwest,9810,"Sept 28 - Oct 4, 1998",Mike Johnson,I Feel Alright,Up
northwest,9810,"Sept 28 - Oct 4, 1998",Critters Buggin,Bumpa,LooseGroove
northwest,9810,"Sept 28 - Oct 4, 1998",Jessamine,Don't Stay Too Long,Kranky
northwest,9810,"Sept 28 - Oct 4, 1998",Bingo,H om,Undercover
northwest,9811,"November 2 - 8, 1998",764-HERO,Get Here and Stay,Up
northwest,9811,"November 2 - 8, 1998",Sunny Day Real Estate,How It Feels To Be Something On,Sub Pop
northwest,9811,"November 2 - 8, 1998",Mudhoney,Tomorrow Hit Today,Reprise
northwest,9811,"November 2 - 8, 1998",ICU,Chotto Matte A Moment!,K
northwest,9811,"November 2 - 8, 1998",Citizens' Utilities,Sunbreak,My Own Planet
northwest,9811,"November 2 - 8, 1998",Wayne Horvitz and Zony Mash,Brand Spankin' New,Knitting Factory
northwest,9811,"November 2 - 8, 1998",Living Daylights,500 Pound Cat,Liquid City
northwest,9811,"November 2 - 8, 1998",Cadallaca,Introducing,K
northwest,9811,"November 2 - 8, 1998",The Delusions,I Hope It Dies On A Sunny Day,My Own Planet
northwest,9811,"November 2 - 8, 1998",Murder City Devils,Broken Bottles Empty Heart,Sub Pop
northwest,9812,"Nov 30 - Dec 6, 1998",764-HERO,Get Here and Stay,Up
northwest,9812,"Nov 30 - Dec 6, 1998",Icu,Chotto Matte A Moment!,K
northwest,9812,"Nov 30 - Dec 6, 1998",Mudhoney,Tomorrow Hit Today,Reprise
northwest,9812,"Nov 30 - Dec 6, 1998",Citizens' Utilities,Sunbreak,My Own Planet
northwest,9812,"Nov 30 - Dec 6, 1998",The Delusions,I Hope It Dies On A Sunny Day,My Own Planet
northwest,9812,"Nov 30 - Dec 6, 1998",Cadallaca,Introducing,K
northwest,9812,"Nov 30 - Dec 6, 1998",Voyager One,Voyager One,self-released
northwest,9812,"Nov 30 - Dec 6, 1998",Frownland,Frownland,self-released
northwest,9812,"Nov 30 - Dec 6, 1998",Mike Nicolai,Balloon Race EP,Tramp Art
northwest,9812,"Nov 30 - Dec 6, 1998",Wayne Horvitz and Zony Mash,Brand Spankin' New,Knitting Factory
northwest,9901,"January 4 - 11, 1999",764-HERO,Get Here and Stay,Up
northwest,9901,"January 4 - 11, 1999",The Delusions,I Hope It Dies On A Sunny Day,My Own Planet
northwest,9901,"January 4 - 11, 1999",Damien Jurado,Gathered In Song,Made In Mexico
northwest,9901,"January 4 - 11, 1999",The Countrypolitans,Tired Of Drowning,Ultrapolitan
northwest,9901,"January 4 - 11, 1999",Miracle Baby,There's 1 In Every Crowd,self-released
northwest,9901,"January 4 - 11, 1999",Voyager One,Voyager One,self-released
northwest,9901,"January 4 - 11, 1999",Stella Maris,Stella Maris,self-released
northwest,9901,"January 4 - 11, 1999",Mike Nicolai,Balloon Race EP,Tramp Art
northwest,9901,"January 4 - 11, 1999",Frownland,Frownland,self-released
northwest,9901,"January 4 - 11, 1999",Quartermile,Lake Jackass,self-released
northwest,9902,"February 1 - 7, 1999",Built to Spill,Keep It Like A Secret,Warner Bros
northwest,9902,"February 1 - 7, 1999",Hi Fi Killers,Jamaica,LooseGroove
northwest,9902,"February 1 - 7, 1999",Pale Nudes,Soul Come Home,Make Lip
northwest,9902,"February 1 - 7, 1999",The Flatirons,Prayer Bones,Checkered Past
northwest,9902,"February 1 - 7, 1999",Roadside Monument,I Am The Day Of Current Taste,Tooth & Nail
northwest,9902,"February 1 - 7, 1999",Seaweed,Actions and Indications,Merge
northwest,9902,"February 1 - 7, 1999",Satisfact,The Third Meeting At The Third Counter,K
northwest,9902,"February 1 - 7, 1999",The Countrypolitans,Tired Of Drowning,Ultrapolitan
northwest,9902,"February 1 - 7, 1999",The Green Pajamas,All Clues Lead To Meagan's Bed,Camera Obscura
northwest,9902,"February 1 - 7, 1999",Calm Down Juanita,Calm Down Juanita,Echo
northwest,9903,"March 1 - 7, 1999",Sleater-Kinney,The Hot Rock,Kill Rock Stars
northwest,9903,"March 1 - 7, 1999",Built to Spill,Keep It Like A Secret,Warner Bros
northwest,9903,"March 1 - 7, 1999",Pete Krebs and the Gossamer Wings,Sweet Ona Rose,Cavity Search
northwest,9903,"March 1 - 7, 1999",Hi Fi Killers,Jamaica,LooseGroove
northwest,9903,"March 1 - 7, 1999",Pale Nudes,Soul Come Home,Make Lip
northwest,9903,"March 1 - 7, 1999",Little Sue,Crow,Cravedog
northwest,9903,"March 1 - 7, 1999",(Various),Jack Straw's Live Room '98,Jack Straw
northwest,9903,"March 1 - 7, 1999",The Flatirons,Prayer Bones,Checkered Past
northwest,9903,"March 1 - 7, 1999",Seaweed,Actions and Indications,Merge
northwest,9903,"March 1 - 7, 1999",Satisfact,The Third Meeting At The Third Counter,K
northwest,9904,"March 29 - April 4, 1999",Pete Krebs and the Gossamer Wings,Sweet Ona Rose,Cavity Search
northwest,9904,"March 29 - April 4, 1999",Sleater-Kinney,The Hot Rock,Kill Rock Stars
northwest,9904,"March 29 - April 4, 1999",Built to Spill,Keep It Like A Secret,Warner Bros
northwest,9904,"March 29 - April 4, 1999",Damien Jurado,Rehearsals For Departure,Sub Pop
northwest,9904,"March 29 - April 4, 1999",Gardener,New Dawning Time,Naughty Panther/ Sub Pop
northwest,9904,"March 29 - April 4, 1999",Little Sue,Crow,Cravedog
northwest,9904,"March 29 - April 4, 1999",(Various),Jack Straw's Live Room '98,Jack Straw
northwest,9904,"March 29 - April 4, 1999",The Flatirons,Prayer Bones,Checkered Past
northwest,9904,"March 29 - April 4, 1999",Gerald Collier,Low Tar Taste,Aces and Eights
northwest,9904,"March 29 - April 4, 1999",Ponga,Ponga,LooseGroove
northwest,9905,"May 3 - 9, 1999",Juno,This Is The Way It Goes and Goes and Goes,De Soto/Pacifico
northwest,9905,"May 3 - 9, 1999",Marc Olsen,Didn't Ever Hasn't Since,My Own Planet
northwest,9905,"May 3 - 9, 1999",Damien Jurado,Rehearsals For Departure,Sub Pop
northwest,9905,"May 3 - 9, 1999",Gardener,New Dawning Time,Naughty Panther/ Sub Pop
northwest,9905,"May 3 - 9, 1999",(Various),Jack Straw's Live Room '98,Jack Straw
northwest,9905,"May 3 - 9, 1999",Gerald Collier,Low Tar Taste,Aces and Eights
northwest,9905,"May 3 - 9, 1999",The Black Halos,The Black Halos,Die Young Stay Pretty
northwest,9905,"May 3 - 9, 1999",Jeff Greinke/Anisa Romero,Hana,First World
northwest,9905,"May 3 - 9, 1999",The Crabs,Sand and Sea,K
northwest,9905,"May 3 - 9, 1999",Ponga,Ponga,LooseGroove
northwest,9906,"May 30 - June 1, 1999",Juno,This Is The Way It Goes and Goes and Goes,De Soto/Pacifico
northwest,9906,"May 30 - June 1, 1999",Marc Olsen,Didn't Ever Hasn't Since,My Own Planet
northwest,9906,"May 30 - June 1, 1999",Kilmer,The Highlands and Lowlands,self-released
northwest,9906,"May 30 - June 1, 1999",Bill Frisell,"Good Dog, Happy Man",Nonesuch
northwest,9906,"May 30 - June 1, 1999",The Dark Fantastic,The Dark Fantastic,Up
northwest,9906,"May 30 - June 1, 1999",Love Battery,Confusion Au Go Go,C/Z
northwest,9906,"May 30 - June 1, 1999",Jeff Greinke/Anisa Romero,Hana,First World
northwest,9906,"May 30 - June 1, 1999",The Crabs,Sand and Sea,K
northwest,9906,"May 30 - June 1, 1999",The Black Halos,The Black Halos,Die Young Stay Pretty
northwest,9906,"May 30 - June 1, 1999",Radio Chongching,Radio Chongching,First World
northwest,9907,"June 28 - July 4, 1999",Maktub,Subtle Ways,JMG
northwest,9907,"June 28 - July 4, 1999",Rusty Willoughby,Rusty Willoughby,Book/ Hothouse
northwest,9907,"June 28 - July 4, 1999",Juno,This Is The Way It Goes and Goes and Goes,De Soto/Pacifico
northwest,9907,"June 28 - July 4, 1999",Kilmer,The Highlands and Lowlands,self-released
northwest,9907,"June 28 - July 4, 1999",The Dark Fantastic,The Dark Fantastic,Up
northwest,9907,"June 28 - July 4, 1999",Bill Frisell,"Good Dog, Happy Man",Nonesuch
northwest,9907,"June 28 - July 4, 1999",Hillpeople,Hillpeople,self-released
northwest,9907,"June 28 - July 4, 1999",Love Battery,Confusion Au Go Go,C/Z
northwest,9907,"June 28 - July 4, 1999",Hughscore,Delta Flora,Cuneiform
northwest,9907,"June 28 - July 4, 1999",Jeff Greinke,Ride,First World
northwest,9908,"August 2 - 8, 1999",The Dusty 45s,Shackin' Up,self-released
northwest,9908,"August 2 - 8, 1999",Kelly Joe Phelps,Shine Eyed Mister Zen,Rykodisc
northwest,9908,"August 2 - 8, 1999",Maktub,Subtle Ways,JMG
northwest,9908,"August 2 - 8, 1999",Rusty Willoughby,Rusty Willoughby,Book/ Hothouse
northwest,9908,"August 2 - 8, 1999",The Walkabouts,Trail Of Stars,Glitterhouse
northwest,9908,"August 2 - 8, 1999",Hillpeople,Hillpeople,self-released
northwest,9908,"August 2 - 8, 1999",The Evil Tambourines,Library Nation,Sub Pop
northwest,9908,"August 2 - 8, 1999",Tuffy,Songs We Know,Psychobix
northwest,9908,"August 2 - 8, 1999",Jeff Greinke,Ride,First World
northwest,9908,"August 2 - 8, 1999",Hughscore,Delta Flora,Cuneiform
northwest,9909,"October 4 - 10, 1999",Souvenirs,King of Heartache,Will
northwest,9909,"October 4 - 10, 1999",Mark Lanegan,I'll Take Care Of You,Sub Pop
northwest,9909,"October 4 - 10, 1999",Quasi,Field Studies,Up
northwest,9909,"October 4 - 10, 1999",Sunset Valley,Boyscout Superhero,Sugar Free
northwest,9909,"October 4 - 10, 1999",Joel R.L. Phelps and the Downer Trio,Blackbird,Pacifico
northwest,9909,"October 4 - 10, 1999",Peter Parker,Migliore!,Magic Palace
northwest,9909,"October 4 - 10, 1999",Fastbacks,The Day That Didn't Exist,Spinart
northwest,9909,"October 4 - 10, 1999",The Green Pajamas,Seven Fathoms Down and Falling,Woronzow
northwest,9909,"October 4 - 10, 1999",Larry Barrett,The Big Slowdown,Barking Music
northwest,9909,"October 4 - 10, 1999",Steve Griggs Quintet,Jones For Elvin,HipCity
northwest,9910,"October 25 - 31, 1999",Souvenirs,King of Heartache,Will
northwest,9910,"October 25 - 31, 1999",Mark Lanegan,I'll Take Care Of You,Sub Pop
northwest,9910,"October 25 - 31, 1999",Quasi,Field Studies,Up
northwest,9910,"October 25 - 31, 1999",Sunset Valley,Boyscout Superhero,Sugar Free
northwest,9910,"October 25 - 31, 1999",Heather Duby,Post To Wire,Sub Pop
northwest,9910,"October 25 - 31, 1999",Peter Parker,Migliore!,Magic Palace
northwest,9910,"October 25 - 31, 1999",Joel R.L. Phelps and the Downer Trio,Blackbird,Pacifico
northwest,9910,"October 25 - 31, 1999",Fastbacks,The Day That Didn't Exist,Spinart
northwest,9910,"October 25 - 31, 1999",No. 2,No Memory,Chainsaw
northwest,9910,"October 25 - 31, 1999",Larry Barrett,The Big Slowdown,Barking Music
northwest,9911,"November 15 - 21, 1999",Souvenirs,King of Heartache,Will
northwest,9911,"November 15 - 21, 1999",Mark Lanegan,I'll Take Care Of You,Sub Pop
northwest,9911,"November 15 - 21, 1999",No. 2,No Memory,Chainsaw
northwest,9911,"November 15 - 21, 1999",Heather Duby,Post To Wire,Sub Pop
northwest,9911,"November 15 - 21, 1999",Sunset Valley,Boyscout Superhero,Sugar Free
northwest,9911,"November 15 - 21, 1999",Peter Parker,Migliore!,Magic Palace
northwest,9911,"November 15 - 21, 1999",Fastbacks,The Day That Didn't Exist,Spinart
northwest,9911,"November 15 - 21, 1999",Ponga,The Remixes,LooseGroove
northwest,9911,"November 15 - 21, 1999",Larry Barrett,The Big Slowdown,Barking Music
northwest,9911,"November 15 - 21, 1999",Critters Buggin,Amoeba,LooseGroove
northwest,9912,"December 6 - December 12, 1999",No. 2,No Memory,Chainsaw
northwest,9912,"December 6 - December 12, 1999",Heather Duby,Post To Wire,Sub Pop
northwest,9912,"December 6 - December 12, 1999",Sunset Valley,Boyscout Superhero,Sugar Free
northwest,9912,"December 6 - December 12, 1999",Fastbacks,The Day That Didn't Exist,Spinart
northwest,9912,"December 6 - December 12, 1999",Larry Barrett,The Big Slowdown,Barking Music
northwest,9912,"December 6 - December 12, 1999",Ponga,The Remixes,LooseGroove
northwest,9912,"December 6 - December 12, 1999",Critters Buggin,Amoeba,LooseGroove
northwest,9912,"December 6 - December 12, 1999",Veal,Tilt O' Whirl,Veal/Square Dog
northwest,9912,"December 6 - December 12, 1999",Goodness,Thesedays,Goodlink
northwest,9912,"December 6 - December 12, 1999",The Melody Unit,Odds Against Tomorrow,Self Release
retrospective,lvrma,,"May : Trick Deck, The Tremens, Ruston Mire",,
retrospective,lvrma,,"April : The Jimmy Stuarts, Source of Labor, Hicky, Aiko Shimada, Mountain Con",,
retrospective,lvrma,,"March : Polecat, Wolf Colonel, Radio Nationals, Loser",,
retrospective,lvrma,,"February : Alien Crime Syndicate, Elemental, Swan Vestas, Halogen Orange",,
retrospective,lvrma,,"January : Tiger, Saltine, Supernot, Bugs in Amber",,
retrospective,lvrma,,"December : The Whole Bolivian Army, Gas Huffer",,
retrospective,lvrma,,"November : Alan Charing, X-Ray, Tuffy, The Sub Dwellers",,
retrospective,lvrma,,"October : Cornucopia, Kilmer, Spyglass, The Drop, Veal",,
retrospective,lvrma,,"September : Red Stars Theory, Miracle Baby, Mia Boyle , Juke",,
retrospective,lvrma,,"August : The Delusions, Dance Party Internationale, Brundlefly, Living Daylights",,
retrospective,lvrma,,"June : Weary, Hillpeople, Michael Compton",,
retrospective,lvrma,,"May : The Scene, 4 Hour Ramona , Fairgrove",,
retrospective,lvrma,,"April : Mayfly , CXQ5, Phat Sidy Smokehouse",,
retrospective,lvrma,,"March : frequency db, Left Hand Smoke, Sinforosa, Bullet Train to the Sun",,
retrospective,lvrma,,"February : The Band That Made Milwaukee Famous, Voyager One, Fedora, Black Anger",,
retrospective,lvrma,,"January : Quartermile, The Stone Throwers, The Meltdowns, The Tycoons, Ruston Mire",,
retrospective,lvrma,,"December : King of Hawaii, Clodhopper, Black Anger, Infant Kings",,
retrospective,lvrma,,"November : Pesky Natives, Veer, Black Atmosphere",,
retrospective,lvrma,,"October : Pedro the Lion, Manah, Us of All, Little Champions",,
retrospective,lvrma,,"September : The Manics, Diamond Fist Werny, Mavis Piggott",,
retrospective,lvrma,,"August : Sidney, Turntable Bay, Wonderlux, Peter Parker",,
retrospective,lvrma,,"July : Death Cab for Cutie, Bugs in Amber, Hi Fi Killers",,
retrospective,lvrma,,"June : Ten Times Fast, Chronically Strange , The Methodists , Slapdash",,
retrospective,lvrma,,"May : The Parcboys, Sanford Arms, Citizens' Utilties, Bell, Gas Huffer",,
retrospective,lvrma,,"April : Tribute, Absinthe, Stinkhorn, Green Apple Quick Step",,
retrospective,lvrma,,"March : Huge Spacebird, Slugger, Kim Virant, Sycophant",,
retrospective,lvrma,,"February : Comb-Over, Dodi, The Melody Unit, The Grassy Knoll",,
retrospective,lvrma,,"January : Numantra, Green Pajamas, Delta Haymax, Toothpaste 2000, Matchless",,
retrospective,lvrma,,"December : Modest Mouse, Golden Delicious, The Infant Kings",,
retrospective,lvrma,,"October : Red Stars Theory, 764-HERO, Shuggie, Veal",,
retrospective,lvrma,,"September : Rockin' Teenage Combo, Severna Park, Violent Green, The Wranglers",,formerly Pedro The Lion
retrospective,lvrma,,"August : The Terriers, Woodard, Haywire, Lisa Dewey",,
retrospective,lvrma,,"July : The Colorifics, j.r. w/Brad Hauser, The Cinematics, Steel Wool",,
retrospective,lvrma,,"June : Amateur Lovers, Nerdy Girl, Veer, Tube Top",,
retrospective,lvrma,,"May : Marc Olsen, The Delusions, Lucky Me, Harvey Danger, Phinneas Gage",,
retrospective,lvrma,,"April : Flake, Omar Torres & Endangered Species , Super Sonic Soulpimps, Micro Mini",,
retrospective,lvrma,,"March : Easy Big Fella , Subminute: Radio, The Moogs, New Sweet Breath, Butterknife",,
retrospective,lvrma,,"February : The Skinwalkers , Kaz Murphy , A.C. Autolux , Outhouse",,
retrospective,lvrma,,"January : Little Buddy, Mars Accellerator, Damien Jurado, Gerald Collier",,
retrospective,lvrma,,"December : West Section Line, Mary Lou Lord, Stink, Sycophant",,
retrospective,lvrma,,"November : The Chauffeur , Praying Mantis, T.W.d.s.l., Frogchild, King Of Hawaii",,
retrospective,lvrma,,"October : Hot Rock Trio, The Grassy Knoll , Fragile Jack, Mabel Dodge",,
retrospective,lvrma,,"September : Raoul, Pilot, Kilgore Trout , Henry Miller",,
retrospective,lvrma,,"August : Trillian Green , Silence , Tchkung!, Man Ray , Headland",,
retrospective,lvrma,,"July : Ondine, Smokelahoma, Birddog, Eric J Friedman , American Junk",,
retrospective,lvrma,,"June : Gherkin , Tube Top , Tiger, Pinwheel, Phat Sidy Smokehouse",,
retrospective,lvrma,,"May : Uncle Dirt Nap, Bell , Slippery Jill, Gasolean",,
retrospective,lvrma,,"April : The Purdins, The Crop Circles , Citizens' Utilities, Carmine",,
retrospective,lvrma,,"March : Noxious Emotion, Peach, Muzzle, Girl With 100 Heads , Joel RL Phelps",,
retrospective,lvrma,,"February : Hell Upside Down, Huge Space Bird, Phat Sidy Smokehouse",,
retrospective,lvrma,,"January : Hyperlung, Gasolean , Anodyne , Harvey Danger",,
retrospective,lvrma,,"December : Model Rockets, Thread, Sycophant , The Busy Monster, The Picketts",,
retrospective,lvrma,,"November : The Quitters, Sister Psychic , Goody Blick & The Country Kind , Thistle",,
retrospective,lvrma,,(Break of,The Live Room,for September-October)
retrospective,lvrma,,"August : Queer The Ditch, Michelene Impossible, Johnny Webelo",,
retrospective,lvrma,,"July : Sage, The President's of the USA , Hypnogognia, Blue Nectar, Anazazi",,
retrospective,lvrma,,"June : Lloyd's Rocket, Liar's Club, The Pinsetters, Nero's Rome",,
retrospective,lvrma,,"May : New Art Orchestra, Journal of Trauma",,
retrospective,lvrma,,"March : Bone Cellar, The Distractions, Kombo Kraig, Critters Buggin'",,
retrospective,lvrma,,"February : Reptile Orchestra, Apollo Creed, Laundry, Blah",,
retrospective,lvrma,,"January : Super Deluxe , Buckwheat Elvis, Diamond Fist Werny, Harvest Day",,
retrospective,lvrma,,"December : Goodness , Silly Rabbit, Milk & Honey",,
retrospective,lvrma,,"November : Amish Cowboys, Medicine Hat, Spawn",,
retrospective,lvrma,,"October : Grunion, My Erotic Narcotic, Hoover Cain, Jackie On Acid, Travis Shredd",,
retrospective,lvrma,,"September : Hungary Crocks, Quigzy Stick, Eric Apoe",,
retrospective,lvrma,,"August : Cerebral Dissonance, Somebody's Daughter, Sleep Capsule, Incredible Force of Jr",,
retrospective,lvrma,,"July : Four, Feed, DY-VE, Give, Punchinello",,
retrospective,lvrma,,"June : Bam Bam, Kilgore Trout, Citizens Utilities, Sybil Vane",,
retrospective,lvrma,,"May : Celibut Twist, Kill Switch..Klick , Albert Figures",,
retrospective,lvrma,,"March : Lead Pipe Cinch, El Steiner, Craig Butler Band",,
retrospective,lvrma,,"February : Boss Martians, Glory Stompers, Fat James Band, Sun City Girls",,
retrospective,lvrma,,"January : Peach, Crazy 8s, Erin Corday",,
retrospective,lvrma,,"December : Acoustic Program, Tiny Hat Orchestra, Global Village",,
retrospective,lvrma,,"November : Reggy Garrett & The Snake Oil Peddlers, Suffering Gails, Duffy Bishop",,
retrospective,lvrma,,"September : Boogie Brown Band, The Crawdaddies, Seattle Blues Revue",,
retrospective,lvrma,,"August : Sam Weis, 6 In The Clip, The Picketts",,
retrospective,sona,,"November : dick dastardly, burning man 1999, michael vlatkovich trio, steve peters",,
retrospective,sona,,"August : talking box, francisco lopez, plutopolis, jackhammer trio",,
retrospective,sona,,"July : prince charming, root jooce, live cobra, push, radio chongching",,
retrospective,sona,,"June : nikol kollars, margo as maria, dan heck trio, bran flakes, mutant data orchestra",,
retrospective,sona,,"December : thingsome q, coviello, the collective, the last doghouse",,
retrospective,sona,,"November : dan blunk and co-conspirators, stasis, high rize",,
retrospective,sona,,"October : mount analog, lori carson, rick bishop, vincent balestri w/kerouac trio, mowgli",,
retrospective,sona,,"September : shrecklich, hans teuber, billy mintz, jeff johnson, sospeso, 3rd world county",,
retrospective,sona,,"July : charles gayle trio, live evil, unfolkus, exploding love spinich",,
retrospective,sona,,"June : office products, talking box, mike bisio and james emery, land",,
retrospective,sona,,"December : ian stokes, ron weinstein, stacey levine, lori goldston, susie kozawa",,
retrospective,sona,,"November : 1000 pieces, bolt, jovino santos-neto, zeke kebel, davey williams",,
retrospective,sona,,"September : hiku, fin, motherland ensemble, tucker martine",,
retrospective,sona,,"July : state, adam mcCollum quartet, jeff greinke's land, dan heck, john wicks, joe dorie",,
retrospective,sona,,"April : kagel, greg lucas, steve moore, eric eagle, gerrald solter, free radical quartet",,
retrospective,sona,,"January : free consultation, rene strange, ink, mowgli",,
retrospective,sona,,"December : bobby previte, skerik, wayne horvitz, combo craig , unfokus",,
retrospective,sona,,"October : brainstun , sharkskin, manah, stinkhorn",,
retrospective,sona,,"February : utterance tongue , cecil young quintet, project w , sharkskins",,
retrospective,sona,,"January : full circle (true believers crew) , bebop and destruction , brainstun",,
retrospective,top9094,,G Love & Special Sauce Baby's Got Sauce,G Love & Special Sauce,OKeh
retrospective,top9094,,MC Solaar Nouveau Western,Prose Combat,Cohiba/Island
retrospective,top9094,,Sky Cries Mary Shipwrecked,This Timeless Turning,World Domination
retrospective,top9094,,Nirvana Where Did You Sleep Last Night,Unplugged In NY,DGC
retrospective,top9094,,Lisa Germano A Psychopath,Geek the Girl,4AD
retrospective,top9094,,Hector Zazou I'll Strangle You,Sahara Blue,Tristar
retrospective,top9094,,Johnny Cash Man Who Wouldn't Cry,American Recordings,American
retrospective,top9094,,Iris Dement Sweet Is The Melody,My Life,Warner
retrospective,top9094,,Beastie Boys Sabotage,Ill Communication,Grand Royal/Capitol
retrospective,top9094,,Jeff Buckley So Real,Grace,Columbia
retrospective,top9094,,Ted Hawkins The Good & The Bad,The Next Hundred Years,DGC
retrospective,top9094,,Mark Lanegan Borracho,Whiskey For The Holy Ghost,Sub Pop
retrospective,top9094,,Built To Spill Big Dipper,There's Nothing Wrong With Love,Up Records
retrospective,top9094,,Latin Playboys Ten Believers,Latin Playboys,Slash/Warner
retrospective,top9094,,Public Enemy Ain't Nuttin Butter Song,Muse Sick-N-Hour Mess Age,Def Jam
retrospective,top9094,,Tindersticks The Not Knowing,Tindersticks,Bar/None
retrospective,top9094,,Dag Your Mama's Eyes,Righteous,Sony
retrospective,top9094,,Sam Phillips Strawberry Road,Martinis & Bikinis,Virgin
retrospective,top9094,,Dick Dale Scalped,Unknown Territory,Hightone
retrospective,top9094,,Portishead Numb,Dummy,Go! Discs/London
retrospective,top9094,,Beck Beercan,Mellow Gold,DGC
retrospective,top9094,,Pizzicato Five Twiggy Twiggy,Made In USA,Matador
retrospective,top9094,,Spearhead Positive,Home,Capitol
retrospective,top9094,,Liz Phair Whip Smart,Whip Smart,Matador/Atlantic
retrospective,top9094,,Ben Harper Whipping Boy,Welcome To The Cruel World,Virgin
retrospective,top9094,,Digable Planets Borough Check,Blowout Comb,Pendulum/EMI
retrospective,top9094,,Ass Ponys It's Summer Here,"Ain't This Bliss 7""",Spin the Bottle
retrospective,top9094,,Stereolab Ping Pong,Mars Audiac Quintet,Elektra
retrospective,top9094,,The Schramms Never Half Heaven,Little Apocolypse,ESD
retrospective,top9094,,Maggie Estep Sex Goddess Of The Western Hemisphere,No More Mr Nice Girl,Imago
retrospective,top9094,,Zap Mama Mr Brown,Sabsylma,Luaka Bop/Warner
retrospective,top9094,,Juned So White,Juned,Up Records
retrospective,top9094,,Rancid St Mary's,Let's Go,Epitaph
retrospective,top9094,,Shoukichi Kina Haisai Ojisan,Asia Classics 2,Luaka Bop/Warner
retrospective,top9094,,Blood Oranges Hell's Half Acre,The Crying Tree,ESD
retrospective,top9094,,Bone Cellar The Luv In My Heart,Now That It's All Over,(Your Name Here)
retrospective,top9094,,7 Year Bitch Hip Like Junk,Hungry For Stink,Slash
retrospective,top9094,,American Music Club Fearless,San Francisco,Reprise
retrospective,top9094,,MM Ghania/Pharoah Sanders Peace In Essavvira,Trance Of Seven Colors,Axiom/Island
retrospective,top9094,,Soul Coughing Screenwriter's Blues,Ruby Vroom,Slash/Warner
retrospective,top9094,,Groove Collective Rent Strike,Groove Collective,Reprise
retrospective,top9094,,Sugar Your Favorite Thing,File Under Easy Listening,Rykodisc
retrospective,top9094,,Geraldine Fibbers Outside Of Town,Get Thee Gone,Sympathy for the RI
retrospective,top9094,,Tori Amos God,Under the Pink,Atlantic
retrospective,top9094,,Dave Alvin Blue Wing,King Of California,Hightone
retrospective,top9094,,Come Let's Get Lost,Don't Ask Don't Tell,Matador
retrospective,top9094,,Jon Spencer Blues Explosion Blues X-Man,Orange,Matador
retrospective,top9094,,Dog Faced Hermans Keep Yer Laws Off My Body,Those Deep Buds,Alternative Tentacles
retrospective,top9094,,Pavement I Remember Lying,Crooked Rain Crooked Rain,Matador
retrospective,top9094,,Frank Black Space Is Gonna Do Me Good,Teenager Of The Year,Elektra
retrospective,top9094,,b-tribe Fiesta Fatal!,Fiesta Fatal!,Atlantic
retrospective,top9094,,That Dog Paid Programming,That Dog,DGC
retrospective,top9094,,Luscious Jackson Energy Sucker,Natural Ingredients,Grand Royal/Capitol
retrospective,top9094,,Soundgarden My Wave,Superunknown,A&M
retrospective,top9094,,Sunny Day Real Estate 47,Diary,Sub Pop
retrospective,top9094,,Laika Marimba Song,Antenna,Too Pure
retrospective,top9094,,Justice System Dedication To Bambatta,Rooftop Soundcheck,MCA
retrospective,top9094,,Buckshot LeFonque Breakfast At Denny's,Buckshot LeFonque,Columbia
retrospective,top9094,,Palace Brothers All Is Grace,Hope,Drag City
retrospective,top9094,,Dead Can Dance Rakim,Towards The Within,4AD
retrospective,top9094,,Sheila Chandra Speaking Sn Tongues,The Zen Kiss,Real World
retrospective,top9094,,Ice Cube/Dr Dre Natural Born Killaz,Murder Was The Case,Death Row/Interscope
retrospective,top9094,,Underworld Cowgirl,dubnobasswithmyheadman,TVT/Wax Trax!
retrospective,top9094,,Therapy? Screamager,Troublegum,A&M
retrospective,top9094,,Golden Palominos Little Suicides,Pure,Restless
retrospective,top9094,,Grenadine Girl's In Love With You,Nopalitos,Simple Machines
retrospective,top9094,,Lush Love Life,Split,4AD
retrospective,top9094,,Iguanas Boom Boom Boom,Nuevo Boogaloo,MCA
retrospective,top9094,,Starkweathers Burn the Flag,5 Song EP,Faye
retrospective,top9094,,Dama & D'Gary To Go Up Or To Go Down,The Long Way Home,Shanachie
retrospective,top9094,,Blonde Redhead Mama Cita,Blonde Redhead,Smells Like
retrospective,top9094,,Lucinda Williams You Don't Have Very Far To Go,Tulare Dust: Tribute To Merle Haggard,Hightone
retrospective,top9094,,S E Rogie DiemanNobaSmokeTaffee,Dead Men Don't Smoke Marijuana,Real World
retrospective,top9094,,Guided by Voices I Am A Scientist,I Am A Scientist EP,Scat
retrospective,top9094,,Sonic Youth Bull In The Heather,Experimental Jet Set,DGC
retrospective,top9094,,Grant Lee Buffalo Mockingbird,Mighty Joe Moon,Slash/Reprise
retrospective,top9094,,Treacherous 3 Lower The Boom,Old School Flava,Wrap/Easylee
retrospective,top9094,,Victoria Williams Get Away,Loose,Mammoth/Atlantic
retrospective,top9094,,Mint Julips Ain't He Got Nerve,Round Our Way,Hightone
retrospective,top9094,,Nick Cave Red Right Hand,Let Love In,Mute/Elektra
retrospective,top9094,,Rev Horton Heat One Time For Me,Liquor In Front,Sub Pop/Interscope
retrospective,top9094,,Silkworm Couldn't You Wait,Libertine,El Recordo
retrospective,top9094,,Paco DeLucia Gitanos Andaluces,Duende,Ellipsis Arts
retrospective,top9094,,Elliot Sharpe That Collins Thing,Terraplane,Dutch East India
retrospective,top9094,,Eugenius Pebble/Shoe,Mary Queen Of Scots,Atlantic
retrospective,top9094,,Cop Shoot Cop Last Legs,Release,Interscope
retrospective,top9094,,The Fall City Dweller,Middle Class Revolt,Matador
retrospective,top9094,,Meat Puppets Things,Too High To Die,London
retrospective,top9094,,Coral Figure 8,Pillow Talk,Cargo/Fist Puppet
retrospective,top9094,,Mighty Mighty Bosstones Kinder Words,Question The Answers,Mercury
retrospective,top9095,,Ben Harper Ground On Down,Fight For Your Mind,Virgin
retrospective,top9095,,Son Volt Windfall,Trace,Warner Bros
retrospective,top9095,,Tricky Black Steel,Maxinquaye,Black Steel
retrospective,top9095,,Geraldine Fibbers Dragon Lady,Lost Somewhere Between Earth And Home,Virgin
retrospective,top9095,,Yo La Tengo Tom Courtenay,Tom Courtenay EP,Matador
retrospective,top9095,,Blonde Redhead I Still Get Rocks Off,La Mia Vita Violenta,Smells Like Records
retrospective,top9095,,Massive Attack Protection,Protection,Circa
retrospective,top9095,,Joel RL Phelps Lady Lucero,Warm Springs Night,El Recordo
retrospective,top9095,,Sonic Youth Becuz,Washing Machine,DGC
retrospective,top9095,,Spain Untitled #4,The Blue Moods Of Spain,Restless
retrospective,top9095,,Jasper/Prodigal Suns Sincerely Jasper,Everything Is Everything,Geffen
retrospective,top9095,,PJ Harvey To Bring You My Love,To Bring You My Love,Island
retrospective,top9095,,Tindersticks Snowy In F#/My Sister,Tindersticks,Quicksilver
retrospective,top9095,,Funki Porcini Long Road,Hed Phone Sex,Ninja Tune
retrospective,top9095,,Aceyalone Mic Check,All Bones Don't Bounce,Capitol
retrospective,top9095,,Sudanese Sabilulungan,Degung-Sabilulungan,Interra
retrospective,top9095,,Tarnation Game Of Broken Hearts,Gentle Creatures,4AD
retrospective,top9095,,The Roots Distortion To Static,do you want more?!,DGC
retrospective,top9095,,Blue Mountain Let's Go Running,Dog Days,Roadrunner
retrospective,top9095,,Ken Nordine Crimson,Colors,Asphodel
retrospective,top9095,,Pond Sideroad,Practice..Joy Before Death,Sub Pop
retrospective,top9095,,Julian Cope 1995,20 Mothers,American
retrospective,top9095,,Sicko 60 Lb. Mall Rat,Chef Boy RU Dumb,eMpTy Records
retrospective,top9095,,The Bats Shoeshine,Couchmaster,Mammoth
retrospective,top9095,,Loop Guru Fine Line Between Passion & Fear,Duniya,Waveform
retrospective,top9095,,Luna Sideshow By The Seashore,Penthouse,Elektra
retrospective,top9095,,Boss Hog Punkture,Boss Hog,DGC
retrospective,top9095,,The Chemical Bros Leave Home,Exit Planer Dust,Astralwerks
retrospective,top9095,,DJ Krush Edge Of Blue,DJ Krush,Shadow
retrospective,top9095,,Dirty Three Dirty Equation,Dirty Three,Touch and Go
retrospective,top9095,,Flaming Lips This Here Giraffe,Clouds Taste Metallic,Warner Bros
retrospective,top9095,,Pharcyde She Said,Lacabincalifornia,Delicious Vinyl/Capitol
retrospective,top9095,,Dillingers Massive Dub Beats,Sensimilla,Dope On Plastic 2 React
retrospective,top9095,,Southern Culture On The Skids Camel Walk,Dirt Track Date,DGC
retrospective,top9095,,Wayne Hancock Juke Joint Jumping,Thunderstorms & Neon Signs,Dejadisc
retrospective,top9095,,Palace Music Brute Choir,Viva Last Blues,Palace Records/Drag City
retrospective,top9095,,Pizzacato Five Sophisticated Catchy,Sound Of Music With Pizzicato Five,Matador
retrospective,top9095,,Built To Spill Terrible/Perfect,NW Post Grunge Compilation,Elemental
retrospective,top9095,,Future Sounds Of London Far Out Songs Lung.Rambl,ISDN,Virgin
retrospective,top9095,,Archers of Loaf Fabrioch,Vee Vee,Alias
retrospective,top9095,,Emmylou Harris All My Tears,Wrecking Ball,Elektra
retrospective,top9095,,John Zorn Masada Abidan,Gimel,DIW
retrospective,top9095,,Stereolab Revox,Refried Ectoplasm,Duophonic
retrospective,top9095,,John Coltrane Iris,Stellar Regions,Impulse!
retrospective,top9095,,Dream Warriors Outro,Subliminal Simulation,Pendulum
retrospective,top9095,,The The I Saw The Light,Hanky Panky,Sony
retrospective,top9095,,9 Lazy 9 Black Jesus,The Herb,Shadow
retrospective,top9095,,Goodness Superwise,Goodness,Y
retrospective,top9095,,Rocket From The Crypt On A Rope,"Scream, Dracula, Scream",Atlantic
retrospective,top9095,,SF Seals Ipecac,Truth Walks In Sleepy Shadows,Matador
retrospective,top9095,,Pere Ubu Vacuum In My Headphones,Raygun Suitcase,Tim Kerr
retrospective,top9095,,Mick Harvey Song Of Slurs,Intoxicated Man,Mute
retrospective,top9095,,Davell Crawford Amazing Grace/Closer Walk,Let Them Talk,Rounder
retrospective,top9095,,Buju Banton Untold Stories,Til Shiloh,Loose Cannon
retrospective,top9095,,Medicine All Good Things,Her Highness,American
retrospective,top9095,,Chumbawamba Just Look At Me Now,Swingin' With Raymond,One Little Indian
retrospective,top9095,,"Paul ""Wine"" Jones My Baby Got Drunk",Mule,Fat Possum
retrospective,top9095,,That Dog Silently,Totally Crushed Out,DGC
retrospective,top9095,,Laundry In Tonight,Exclusive KCMU Copy,PO Box 85121
retrospective,top9095,,Bley/Parker/Phillp Clawback,Time Will Tell,BMG
retrospective,top9095,,Pell Mell Vegetable Kingdom,Interstate,DGC
retrospective,top9095,,Banco de Gaia Last Train To Lhasa,Last Train To Lhasa,Planet Dog
retrospective,top9095,,Six Finger Satellite Simian Fever,Severe Exposure,Sub Pop
retrospective,top9095,,Fugazi Downed City,Red Medicine,Dischord
retrospective,top9095,,Engine Kid Windshield,Angel Wings,Revelation
retrospective,top9095,,Grassy Knoll Conversations With J Dexter,The Grassy Knoll,Nettwerk
retrospective,top9095,,Lee Perry/Mad Professor Perry In The Dub Jungle,Rupununi Safari,RAS
retrospective,top9095,,Brainiac Flypaper,Bonsai Superstar,Grass Records
retrospective,top9095,,Mudhoney Crankcase Blues,My Brother The Cow,Reprise
retrospective,top9095,,Guided By Voices Striped White Jets,Alien Lanes,Ole
retrospective,top9095,,August Sons Jupiter,"Plants, Planets..Insects",El Recordo
retrospective,top9095,,Team Dresch She's Amazing,Personal Best,Lesbionic
retrospective,top9095,,Pram Loose Threads,Sargasso Sea,American/Too Pure
retrospective,top9095,,Chavez Pentagram Ring,Pentagram Ring EP,Matador
retrospective,top9095,,B Neidlinger Quintet Nick At T's,Blue Chopsticks,K2B2 Records
retrospective,top9095,,5ive Style Once Around The Park,5ive Style,Sub Pop
retrospective,top9095,,Bim Skala Bim Skeleton,Eyes And Ears,Bib Records
retrospective,top9095,,Fastbacks On The Wall,Answer The Phone Dummy,Sub Pop
retrospective,top9095,,Dub Narcotic Sound System Motion Control,Echos..Scene Control Room,K
retrospective,top9095,,Hassan Hakmoun Sala Alla'Alik Dima Dima,The Fire Within,Music Of The World
retrospective,top9095,,Little Axe Ride On,The Wolf That House Built,Okeh/Epic
retrospective,top9095,,Land of The Loops Multi Family Garage Sale,Single,Up Records
retrospective,top9095,,Guo Yue/Joji Hirota Red Ribbon,Red Ribbon,Shanachie
retrospective,top9095,,Medeski/Martin/Wood Chinoiserie,Friday Afternoon In The Universe,Rykodisc
retrospective,top9095,,Robert Angus Ta'ar,Ethnoloopography,Multimood
retrospective,top9095,,Guns-n-Wankers Blown,Guns-n-Wankers Fat Wreck,Chords
retrospective,top9095,,Steve Earle Tom Ames Prayer,Train a Comin',Winter Harvest
retrospective,top9095,,The Wedding Present Red Shoes By The Drugstore,Step Right Up Compilation,Manifesto
retrospective,top9095,,Squirrel Nut Zippers Lugubrious Whing Whang,The Inevitable Squirrel Nut Zippers,Shorty Brown/EMI
retrospective,top9095,,Esquivel El Cable,Caberet Manana,RCA
retrospective,top9095,,Man.. Or Astroman? Out Of Limits,Intravenous Television Continuum,One Louder
retrospective,top9096,,Beck Hotwax,Odelay,DGC
retrospective,top9096,,Sebadoh Willing To Wait,Harmacy,Sub Pop
retrospective,top9096,,Cat Power Nude As The News,What Would The Community Think?,Matador
retrospective,top9096,,Squirrel Nut Zippers Hell,Hot,Mammoth
retrospective,top9096,,Spoon Don't Buy The Realistic,Telephono,Matador
retrospective,top9096,,Lisa Germano Victoria's Secret,Excerpts From A Love Circus,4AD
retrospective,top9096,,Modest Mouse Dramamine,This Is A Long Drive For Someone,Up
retrospective,top9096,,764-HERO Now You're Swimming,"7""",Suicide Squeeze
retrospective,top9096,,Heatmiser You Gotta Move,Mic City Sons,Caroline
retrospective,top9096,,Madeleine Peyroux Walkin' After Midnight,Dreamland,Atlantic
retrospective,top9096,,Gillian Welch Annabelle,Revival,Almo
retrospective,top9096,,Johnny Cash Rusty Cage,Unchained,American
retrospective,top9096,,Cibo Matto Beef Jerky,Viva La Woman,Warner Bros
retrospective,top9096,,Neutral Milk Hotel Gardenhead/Leave Me Alone,On Avery Island,Merge
retrospective,top9096,,Land Of The Loops Multi-Family Garage Sale,Bundle Of Joy,Up
retrospective,top9096,,Tricky Christiansands,Pre-Millinium Tension,Island
retrospective,top9096,,Red House Painters Make Like Paper,Songs For A Blue Guitar,Island
retrospective,top9096,,Citizens' Utilities Nevada,Lost And Foundered,Mute
retrospective,top9096,,Garageland Come Back,Comeback Special,Flying Nun
retrospective,top9096,,Vic Chesnutt Giant Sands,About To Choke,Capitol
retrospective,top9096,,Spinanes Punch Line Loser,Strand,Sub Pop
retrospective,top9096,,Stereolab Les Yper Sound,Emperor Tomato Ketchup,Elektra
retrospective,top9096,,Nearly God Black Coffee,Nearly God,Island
retrospective,top9096,,Grassy Knoll Nineteen Sixty-One,Positive,Antilles
retrospective,top9096,,16 Horsepower Black Soul Choir,Sackcloth 'n Ashes,A&M
retrospective,top9096,,DJ Shadow Building Steam With A Grain Of Salt,Entroducing,MoWax/ A&M
retrospective,top9096,,Elevator To Hell Physically Unaddictive Mind Change,Parts 1-3,Sub Pop
retrospective,top9096,,Joel RL Phelps Counsel,Warm Spring Night,El Recordo
retrospective,top9096,,Los Lobos Mas Y Mas,Colossal Head,Warner Bros
retrospective,top9096,,Alvin Youngblood Hart Rest Your Saddle,Big Mama's Door,Okeh /Sony/Epic
retrospective,top9096,,Afghan Whigs Crime Scene Part One,Black Love,Sub Pop
retrospective,top9096,,Ani DiFranco Napoleon,Dilate,Righteous Babe
retrospective,top9096,,Jeremy Enigk Abegail Anne,Return Of The Frog Queen,Sub Pop
retrospective,top9096,,Future Sounds Of London We Have Explosive,Dead Cities,Astralwerks
retrospective,top9096,,Dead Can Dance Devorzhum,Spiritchaser,4AD
retrospective,top9096,,Tito Paris Otilia/Otilio,The Soul Of Cape Verde,Lusafrica/Tinder
retrospective,top9096,,"Tribe Called Quest Oh, My God","Beats, Rhymes and Life",Jive
retrospective,top9096,,West Section Line What Businessmen Tell Me/If He Should,The Man Downstairs,Rx Remedy
retrospective,top9096,,Loop Guru Yayli,Amrita,World Domination
retrospective,top9096,,Tortoise Along The Banks Of Rivers,Millions Now Living Will Never Die,Thrill Jockey
retrospective,top9096,,John Parish & PJ Harvey Heela,Dance Hall At Louse Point,Island
retrospective,top9096,,Zumpano Here's The Plan,Goin' Through Changes,Sub Pop
retrospective,top9096,,Silkworm Killing My Ass,Firewater,Matador
retrospective,top9096,,RL Burnside Goin' Down South,A Ass Pocket Of Whiskey,Matador
retrospective,top9096,,Jesus Alemany Descarga De Hoy,Cubanismo!,Hannibal
retrospective,top9096,,Elliot Smith Angeles,"7""",Kill Rock Stars
retrospective,top9096,,Garmarna Min Man/My Husband,Gods' Musicians,Omnium
retrospective,top9096,,Banco De Gaia Last Train To Lhasa,Live At Glastonbury,Planet Dog/ Mammoth
retrospective,top9096,,Bill Frisell Quartet Tales From The Far Side,Bill Frisell Quartet,Nonesuch
retrospective,top9096,,Bikini Kill Reject All American,Reject All American,Kill Rock Stars
retrospective,top9096,,Mars Accelerator Plastic Afterglow,I Am The South Pole,Rx Remedy
retrospective,top9096,,Model Rockets She's On The Cover,Snatch It Back And Hold It,C/Z
retrospective,top9096,,The Picketts Night Fell,Euphonium,Rounder
retrospective,top9096,,Steve Earle Feel Alright,I Feel Alright,Warner Bros
retrospective,top9096,,Sycophant All Kings Like Me,Feel,self-produced
retrospective,top9096,,Sukpatch Au Pair,Haulin' Grass And Smokin' Ass,Slabco
retrospective,top9096,,Jeru The Damaja Frustrated,Wrath Of The Math,Payday/FFRR
retrospective,top9096,,Luscious Jackson Under Your Skin,Fever In Fever Out,Capitol / Grand Royal
retrospective,top9096,,London Funk Allstars Knee Deep In Beats,Flesh Eating Disco Zombies Vs The Bionic Hookers From Mars,Shadow/ Ninja Tune USA
retrospective,top9096,,Mark Eitzel When My Plane Finally Goes Down,60 Watt Silver Lining,Warner Bros
retrospective,top9096,,Incredible Force Of Junior Blue Cheer,Let The World Fall Apart,Up
retrospective,top9096,,Low Over The Ocean,When The Curtain Hits The Cast,Vernon Yard
retrospective,top9096,,Heavenly By The Way,Operation Heavenly,K
retrospective,top9096,,Iris DeMent Wasteland Of The Free,The Way I Should,Warner Bros
retrospective,top9096,,Funki Porcini Purrfect,"Love, Pussycats, & Carwrecks",Ninja Tune
retrospective,top9096,,East River Pipe Kill The Action,Mel,Merge
retrospective,top9096,,Hayden Bad As They Seem,Everything I Long For,Sonic Unyon
retrospective,top9096,,Guided By Voices Sheet Kickers,"Under The Bushes, Under The Stars",Matador
retrospective,top9096,,Chemical Brothers Loops Of Fury,Loops Of Fury,Astralwerks
retrospective,top9096,,Carmine Conversation Overdue,El Ferocia,self-produced
retrospective,top9096,,R.E.M. Electrolite,New Adventures In Hi-Fi,Warner Bros
retrospective,top9096,,Ween Japanese Cowboy,12 Golden Country Greats,Elektra
retrospective,top9096,,Wilco Dreamer In My Dreams,Being There,Reprise
retrospective,top9096,,Wooden Leg Out Of My Yard,Wooden Leg,East Side Digital
retrospective,top9096,,Yo La Tengo Fog Over Frisco,Genius + Love=Yo La Tengo,Matador
retrospective,top9096,,Noise Addict Sixteen,Meet The Real You,Grand Royal
retrospective,top9096,,Massive Attack Vs The Mad Professor Radiation Ruling,The Nation No Protection,Gyroscope
retrospective,top9096,,Golden Palominos Victim,Dead Inside,Restless
retrospective,top9096,,Jessamine Say What You Can,The Long Arm Of Coincidence,Kranky
retrospective,top9096,,Lois Rougher,Snapshot Radio,K
retrospective,top9096,,Dirty Three Horse,Horse Stories,Touch & Go
retrospective,top9096,,King Of Hawaii Hopscotch,Cat. No. 10617,self-produced
retrospective,top9096,,The Del McCoury Band Smoking Gun,The Cold Hard Facts,Rounder
retrospective,top9096,,DJ Spooky Galactic Funk,Songs Of A Dead Dreamer,Asphodel
retrospective,top9096,,Dub Narcotic Sound System Ship To Shore,Ship To Shore,K
retrospective,top9096,,The Cardigans Iron Man,First Band On The Moon,Mercury
retrospective,top9096,,Built To Spill Girl,The Normal Years,K
retrospective,top9096,,Jon Spencer Blues Explosion Hot Shot,Now I Got Worry,Matador
retrospective,top9096,,Patti Smith Beneath The Southern Cross,Gone Again,Arista
retrospective,top9096,,Kilgore Trout Incision,Kilgore Trout,self-produced
retrospective,top9097,,Built To Spill Kicked It In theSun,Perfect From Now,On Warner Bros
retrospective,top9097,,Elliot Smith Angeles,Either/Or,Kill Rock Stars
retrospective,top9097,,Modest Mouse Polar Opposites,The Lonesome Crowded West,Up
retrospective,top9097,,Yo La Tengo Moby Octopad,I Can Hear the Heart Beating As One,Matador
retrospective,top9097,,Cornershop Brimful of Asha,When I Was Born For The 7th Time,Luaka Bop / Warner Bros
retrospective,top9097,,Sleater-Kinney Dig Me Out,Dig Me Out,Kill Rock Stars
retrospective,top9097,,764-HERO Wait Until 5,We're Solids,Up
retrospective,top9097,,Old 97's Time Bomb,Too Far To Care,Elektra
retrospective,top9097,,Ben Harper Widow Of A Living Man,The Will To Live,Virgin
retrospective,top9097,,Whiskeytown Dancing With The Women At The Bar,Stranger's Almanac,Outpost Recordings
retrospective,top9097,,Portishead All Mine,Portishead,Go! Beat / London
retrospective,top9097,,Luna Pup Tent,Pup Tent,Elektra
retrospective,top9097,,Steve Earle Taneytown,El Corazon,Warner Bros
retrospective,top9097,,Richard Buckner A Goodbye Rye,Devotion + Doubt,MCA
retrospective,top9097,,Bob Dylan Highlands,Time Out Of Mind,Columbia
retrospective,top9097,,Beth Orton She Cries Your Name,Trailer Park,Dedicated / Heavenly
retrospective,top9097,,Radiohead Karma Police,OK Computer,Capitol
retrospective,top9097,,The Verve Bittersweet Symphony,Urban Hymns,Virgin
retrospective,top9097,,Pavement Stereo,Brighten The Corners,Matador
retrospective,top9097,,Harvey Danger Flagpole Sitta,Where Have All The Merrymakers Gone,Arena Rock
retrospective,top9097,,Fred Eaglesmith Time To Get a Gun,Lipstick Lies & Gasoline,Razor & Tie
retrospective,top9097,,Wayne Hancock Highway 54,That's What Daddy Wants,Ark 21
retrospective,top9097,,Pete Krebs Purple Heart Of Texas,Western Electric,Cavity Search
retrospective,top9097,,The Jayhawks Dying on the Vine,Sound of Lies,American
retrospective,top9097,,Damien Jurado Circus Circus Circus,Waters Ave S,Sub Pop
retrospective,top9097,,Garageland Fingerpops,Last Exit To Garageland,Foodchain/ Flying Nun Records
retrospective,top9097,,Citizens' Utilities Northern Lights,No More Medicine,Mute
retrospective,top9097,,Joseph Arthur Mercedes,Big City Secrets,Realworld
retrospective,top9097,,Swell What I Always Wanted,Too Many Days Without Thinking,Beggars Banquet
retrospective,top9097,,Guided By Voices Bulldog Skin,Mag Earwhig!,Matador
retrospective,top9097,,Son Volt Caryatid Easy,Straightaways,Warner Brothers
retrospective,top9097,,The Fall Powder Keg,The Light User Syndrome,Jet Records
retrospective,top9097,,Coldcut More Beats + Pieces,Let Us Play!,Ninja Tune
retrospective,top9097,,Quasi Ghost Dreaming,R&B Transmogrification,Up
retrospective,top9097,,Jim White The Road That Leads To Heaven,Wrong Eyed Jesus!,Luaka Bop / Warner Bros
retrospective,top9097,,Blonde Redhead Kazuality,Fake Can Be Just As Good,Touch & Go
retrospective,top9097,,Mary Lou Lord I Figured You Out,Martian Saints,Kill Rock Stars
retrospective,top9097,,Prodigy Climbatize,The Fat Of The Land,Maverick
retrospective,top9097,,A3 Woke Up This Morning,Exile On Cold Harbour Lane,Geffen
retrospective,top9097,,The Chemical Brothers Block Rockin' Beats,Dig Your Own Hole,Astralwerks
retrospective,top9097,,Patti Smith Waiting Underground,Peace and Noise,Arista
retrospective,top9097,,The Geraldine Fibbers Butch,Butch,Virgin
retrospective,top9097,,Greg Garing Walk Away From Me,Alone,Paladin / Revolution
retrospective,top9097,,Jeb Loy Nichols As The Rain,Lovers Knot,Capitol
retrospective,top9097,,Belle and Sebastian The Stars of Track And Field,If You're Feeling Sinister,The Enclave
retrospective,top9097,,Marc Olsen Through The Window,Tunnel Songs,My Own Planet
retrospective,top9097,,The Grifters Spaced Out,Full Blown Possession,Sub Pop
retrospective,top9097,,Waaberi Rog Rogosho (Changing),New Dawn,Realworld
retrospective,top9097,,Pigeonhed It's Like The Man Said,The Full Sentence,Sub Pop
retrospective,top9097,,Sky Cries Mary Moonbathing,Moonbathing On Sleeping Leaves,Warner Brothers
retrospective,top9097,,Tsunami The Match,A Brilliant Mistake,Simple Machines
retrospective,top9097,,Veal Mexico Texaco,Hot Loser,Divine Industries
retrospective,top9097,,Severna Park 7th Street,Severna Park EP,Self Produced
retrospective,top9097,,Ween Mutilated Lips,The Mollusk,Elektra
retrospective,top9097,,Afro-Cuban Allstars A Todo Cuba Le Gusta,A Todo Cuba Le Gusta,World Circuit /Nonesuch
retrospective,top9097,,Micro Mini Repairs,This Is Jennie,Collective Fruit
retrospective,top9097,,David Holmes Don't Die Just Yet,Let's Get Killed,Go! Beat
retrospective,top9097,,Susana Baca Heces,Susana Baca,Luaka Bop / Warner Bros
retrospective,top9097,,Spoon Mountain to Sound,Soft Effects EP,Matador
retrospective,top9097,,Robbie Fulks I Told Her Lies,South Mouth,Bloodshot
retrospective,top9097,,Waco Brothers See Willy Fly By,Cowboy In Flames,Bloodshot
retrospective,top9097,,G. Love & Special Sauce I-76,"Yeah, It's That Easy",Okeh/ Epic
retrospective,top9097,,Jason Morphew Badass With A Heart Of Gold,Transparent,Ba Da Bing
retrospective,top9097,,Hooverphonic Revolver,A New Stereophonic Sound Spectacular,Epic
retrospective,top9097,,Bentley Rhythm Ace Bentleys Gonna Sort You Out!,Bentley Rhythm Ace,Astralwerks
retrospective,top9097,,The Walkabouts Prayer For You,Nighttown,Virgin
retrospective,top9097,,Buena Vista Social Club Chan Chan,Buena Vista Social Club,World Circuit /Nonesuch
retrospective,top9097,,Wyclef Jean Guantanamera,The Carnival,Ruffhouse/ Columbia
retrospective,top9097,,"Up, Bustle & Out Emerald Alley","Light 'Em Up, Blow 'Em Out",Ninja Tune
retrospective,top9097,,Laika Shut Off/Curl Up,Sounds Of The Satellites,Too Pure
retrospective,top9097,,Helium Cosmic Rays,The Magic City,Matador
retrospective,top9097,,Deus Fell Off The Floor Man,"In A Bar, Under The Sea",Island
retrospective,top9097,,Bottle Rockets Indianapolis,24 Hours A Day,Atlantic
retrospective,top9097,,Tarnation Destiny,Mirador,Reprise
retrospective,top9097,,Nick Cave & the Bad Seeds Into My Arms,The Boatman's Call,Reprise
retrospective,top9097,,Stereolab Brakhage,Dots and Loops,Elektra
retrospective,top9097,,Gravediggaz The Night The Earth Cried,"The Pick, the Sickle and the Shovel",Geestreet
retrospective,top9097,,Loop Guru Out Here,Loop Bites Dog,World Domination
retrospective,top9097,,Blue Mountain Pretty Please,Homegrown,Roadrunner
retrospective,top9097,,Goodness Anthem,5 Song EP,Good Ink
retrospective,top9097,,The Honeydogs John Brown,Seen a Ghost,Debris/ Mercury
retrospective,top9097,,Sukpatch Afternoon Son,Honky-Tonk Operation EP,Slabco
retrospective,top9097,,Spiritualized I Think I'm In Love,Ladies And Gentlemen We Are Floating In Space,Dedicated / Arista
retrospective,top9097,,The Sea And Cake The Fawn,The Fawn,Thrill Jockey
retrospective,top9097,,Tube Top Bleeder,Three Minute Hercules,Laundry Room Records
retrospective,top9097,,Nightcaps I Don't Like You,Split,Rendezvous Recordings
retrospective,top9097,,Chumbawumba Tubthumping,Tubthumper,Republic
retrospective,top9097,,Man Or Astroman War Of The Satellites,What Remains Inside A Black Hole,Au Go Go Records
retrospective,top9097,,United Future Organization Spy's Spice,UFO: 3rd Perspective,Brownswood Records
retrospective,top9097,,Pond Spokes,Rock Collection,Work
variety,0001,"January 3 - January 9, 2000",Graig Markel,Verses On Venus,(Mag Wheel/Recovery)
variety,0001,"January 3 - January 9, 2000",Clinic,Clinic,(Domino)
variety,0001,"January 3 - January 9, 2000",(Various),The Sound Of Channel One: King Tubby Connection,(Guava Jelly)
variety,0001,"January 3 - January 9, 2000",Beck,Midnite Vultures,( DGC )
variety,0001,"January 3 - January 9, 2000",(Various),Rough Guide To The Music Of The Gypsies,(World Music Network)
variety,0001,"January 3 - January 9, 2000",Krust,Coded Language,(Talkin Loud/ Island )
variety,0001,"January 3 - January 9, 2000",hotRod Circuit,If I Knew Know What I Knew Then,(Triple Crown)
variety,0001,"January 3 - January 9, 2000",Mos Def,Black On Both Sides,( Rawkus )
variety,0001,"January 3 - January 9, 2000",(Various),Viva Cubop!,( Cubop / Ubiquity )
variety,0001,"January 3 - January 9, 2000",Alex Gopher,You My Baby & I, V2 
variety,0001,"January 3 - January 9, 2000",Company Segundo,Calle Salud,( Nonesuch )
variety,0001,"January 3 - January 9, 2000",Lori Carson,Stars,(Reckless)
variety,0001,"January 3 - January 9, 2000",Bernard Kabanda,Olugendo,(WOMAD)
variety,0001,"January 3 - January 9, 2000",Andrea Parker,Kiss My Arp,( Beggars Banquet / Mo'Wax )
variety,0001,"January 3 - January 9, 2000",(Various),Cape Verde,( Putumayo )
variety,0001,"January 3 - January 9, 2000",Air Cuba,Leap of Faith,( 4AD )
variety,0001,"January 3 - January 9, 2000",(Various),Jet Society,(Eighteenth Street Lounge Soundtracks)
variety,0001,"January 3 - January 9, 2000",Sally Timms,Cowboy Sally's Twilight Laments,( Bloodshot )
variety,0001,"January 3 - January 9, 2000",The Dismemberment Plan,Emergency & I,( DeSoto )
variety,0001,"January 3 - January 9, 2000",Kid Loco,Presents Jesus Life For Children Under 12 Inches,( Atlantic )
variety,0001,"January 3 - January 9, 2000",(Various),Lightning Over The River,( Music Club )
variety,0001,"January 3 - January 9, 2000",Bloom 05,Lonesome Solar Surfer,(Gash)
variety,0001,"January 3 - January 9, 2000",Mahmoud Ahmed,Ethiopiques 6,(Buda Musique)
variety,0001,"January 3 - January 9, 2000",Tom House,'Til You've Seen Mine,(Catamount)
variety,0001,"January 3 - January 9, 2000",Nebula,To The Center,( Sub Pop )
variety,0001,"January 3 - January 9, 2000",Baby Mammoth,Motion Without Pain,( Pork )
variety,0001,"January 3 - January 9, 2000",Hood,The Cycle of the Days and Seasons,(Domino)
variety,0001,"January 3 - January 9, 2000",Matthew Sweet,In Reverse,(Volcano)
variety,0001,"January 3 - January 9, 2000",Rakim,The Master,( Universal )
variety,0001,"January 3 - January 9, 2000",T.W. Walsh,How We Spend Our Days,( Made In Mexico )
variety,0001,"January 3 - January 9, 2000",Mogwai,EP + 2,( Matador )
variety,0001,"January 3 - January 9, 2000",Teddy Morgan and the Pistolas,Lost Love and Highways,( Hightone )
variety,0001,"January 3 - January 9, 2000",Franco & O.K. Jazz,Originalite,(RetroAfric)
variety,0001,"January 3 - January 9, 2000",LeTigre,LeTigre,(Mr. Lady)
variety,0001,"January 3 - January 9, 2000",Da Grass Roots,Passage Through Time,(Conception)
variety,0001,"January 3 - January 9, 2000",Truco and Zaperoko,Fusion Caribena,( RykoLatino )
variety,0001,"January 3 - January 9, 2000",Jim O'Rourke,Halfway To A Threeway,( Drag City )
variety,0001,"January 3 - January 9, 2000",Aphrodite,Aphrodite,( Gee Street / V2 )
variety,0001,"January 3 - January 9, 2000",Juan de Marcos' Afro Cuban All Stars,"Distinto, Diferente",( World Circuit / Nonesuch )
variety,0001,"January 3 - January 9, 2000",(Various),Easy Tempo,(Eighteenth Street Lounge)
variety,0001,"January 3 - January 9, 2000",Backyard Babies,Total 13,( Scooch Pooch )
variety,0001,"January 3 - January 9, 2000",Kid Loco,DJ Kicks,( Stud!o K7 )
variety,0001,"January 3 - January 9, 2000",Plone,For Beginner Piano,( Matador )
variety,0001,"January 3 - January 9, 2000",(Various),Nordic Roots 2,( NorthSide )
variety,0001,"January 3 - January 9, 2000",And You Will Know Us By the Trail of Dead,Madonna,( Merge )
variety,0001,"January 3 - January 9, 2000",Cocteau Twins,BBC Sessions,( Rykodisc )
variety,0001,"January 3 - January 9, 2000",Afro Cuban Jazz Project,Descarga Uno,(Circular Moves)
variety,0001,"January 3 - January 9, 2000",Rage Against The Machine,The Battle Of Los Angeles,( Epic )
variety,0001,"January 3 - January 9, 2000",No. 2,No Memory,( Chainsaw )
variety,0001,"January 3 - January 9, 2000",Ani DiFranco,To the Teeth,( Righteous Babe )
variety,0001,"January 3 - January 9, 2000",(Various),The New Latinaires 2,( Ubiquity )
variety,0001,"January 3 - January 9, 2000",Q-Tip,Amplified,( Arista )
variety,0001,"January 3 - January 9, 2000",The Wisdom of Harry,Stars of Super 8,( Matador )
variety,0001,"January 3 - January 9, 2000",Kepa Junkera,Bilbao 00:00h,( Alula )
variety,0001,"January 3 - January 9, 2000",Saturnine,American Kestral,( Motorcoat / VictoriaLand )
variety,0001,"January 3 - January 9, 2000",Jimmy Bosch,Salsa Dura,( RykoLatino )
variety,0001,"January 3 - January 9, 2000",(Various),Soulfood,(Cookin'/Good Looking)
variety,0001,"January 3 - January 9, 2000",Emperor Penguin,Extreme Gaming,( My Pal God )
variety,0001,"January 3 - January 9, 2000",Issa Bagayogo,Sya,(Cobalt)
variety,0001,"January 3 - January 9, 2000",The Black Watch,The King of Good Intentions,( Not Lame )
variety,0002,"January 31 - February 6, 2000",Chappaquiddick Skyline,Chappaquiddick Skyline,( Sub Pop )
variety,0002,"January 31 - February 6, 2000",Modest Mouse,Building Nothing Out of Something,( Up )
variety,0002,"January 31 - February 6, 2000",D'Angelo,Voodoo,( Virgin )
variety,0002,"January 31 - February 6, 2000",Morphine,The Night,( Dreamworks )
variety,0002,"January 31 - February 6, 2000",(Various),Tektonics,( Om )
variety,0002,"January 31 - February 6, 2000",Caravana Cubana,Late Night Sessions,( Rhino )
variety,0002,"January 31 - February 6, 2000",The The,NakedSelf,( Nothing )
variety,0002,"January 31 - February 6, 2000",Mudhoney,March To Fuzz,( Sub Pop )
variety,0002,"January 31 - February 6, 2000",The Hollisters,Sweet Inspiration,( Hightone )
variety,0002,"January 31 - February 6, 2000",Lewis,Progress and Regress,(AltarScience)
variety,0002,"January 31 - February 6, 2000",(Various),"Future, Jazz",(Instinct)
variety,0002,"January 31 - February 6, 2000",78 RPM,78 RPM,(self-released)
variety,0002,"January 31 - February 6, 2000",Graig Markel,Verses On Venus,(Mag Wheel/Recovery)
variety,0002,"January 31 - February 6, 2000",The Baby Namboos,Ancoats To Zambia,(Palm Pictures)
variety,0002,"January 31 - February 6, 2000",(Various),The Sound Of Channel One: King Tubby Connection,(Guava Jelly)
variety,0002,"January 31 - February 6, 2000",Clinton,Disco & the Halfway to Discontent,( Luaka Bop / Astralwerks )
variety,0002,"January 31 - February 6, 2000",Bernard Kabanda,Olugendo,(WOMAD)
variety,0002,"January 31 - February 6, 2000",Clinic,Clinic,(Domino)
variety,0002,"January 31 - February 6, 2000",(Various),Rough Guide To The Music Of The Gypsies,(World Music Network)
variety,0002,"January 31 - February 6, 2000",Krust,Coded Language,(Talkin Loud/ Island )
variety,0002,"January 31 - February 6, 2000",Pachora,Ast,( Knitting Factory )
variety,0002,"January 31 - February 6, 2000",(Various),Return Of The D.J. Vol. III,(Bomb Hip Hop)
variety,0002,"January 31 - February 6, 2000",The Pacific Ocean,"Less Than The Needle, More Than The Shotgun",(Enchante)
variety,0002,"January 31 - February 6, 2000",(Various),Music From The Zydeco Kingdom,( Rounder )
variety,0002,"January 31 - February 6, 2000",Ekova,Heaven's Dust,( Six Degrees )
variety,0002,"January 31 - February 6, 2000",Super Chikan,What You See,( Fat Possum )
variety,0002,"January 31 - February 6, 2000",Draco,Enter The Draco,( Slabco )
variety,0002,"January 31 - February 6, 2000",Chuck Prophet,The Hurting Business,( Hightone )
variety,0002,"January 31 - February 6, 2000",Sugarman Three,Soul Donkey,( Desco )
variety,0002,"January 31 - February 6, 2000",Phil Lee,The Mighty King of Love,( Shanachie )
variety,0002,"January 31 - February 6, 2000",Suba,Sao Paolo Confessions,( Six Degrees )
variety,0002,"January 31 - February 6, 2000",Robbie Fulks,The Very Best of Robbie Fulks,( Bloodshot )
variety,0002,"January 31 - February 6, 2000",Baby Mammoth,Motion Without Pain,( Pork )
variety,0002,"January 31 - February 6, 2000",Slaid Cleaves,Broke Down,( Philo )
variety,0002,"January 31 - February 6, 2000",Futique,Go.Low,(Shadow)
variety,0002,"January 31 - February 6, 2000",Pan American,360 Business/360 Bypass,( Kranky )
variety,0002,"January 31 - February 6, 2000",Fu Manchu,King of the Road,( Mammoth )
variety,0002,"January 31 - February 6, 2000",Djanbutu Thiossane,"Ass, Mass & Pap",(Intuition)
variety,0002,"January 31 - February 6, 2000",Matthew Sweet,In Reverse,(Volcano)
variety,0002,"January 31 - February 6, 2000",(Various),The Shadow Masters: Drum 'n' Bass,(Shadow)
variety,0002,"January 31 - February 6, 2000",Elliott,If They Do,( Initial )
variety,0002,"January 31 - February 6, 2000",Matt Darriau/Paradox Trio,Source,(Knitting Factory)
variety,0002,"January 31 - February 6, 2000",Tom House,'Til You've Seen Mine,(Catamount)
variety,0002,"January 31 - February 6, 2000",Flying Saucer Attack,Mirror,( Drag City )
variety,0002,"January 31 - February 6, 2000",Takako Minekawa,Fun 9,( Emperor Norton )
variety,0002,"January 31 - February 6, 2000",Lee Hazlewood,13,( Smells Like )
variety,0002,"January 31 - February 6, 2000",Smith & Mighty,Big World Small World,( Stud!o K7 )
variety,0002,"January 31 - February 6, 2000",Cowboy Junkies,"Rarities, B-Sides and Slow, Sad Waltzes",(Valley)
variety,0002,"January 31 - February 6, 2000",Starflyer/59,Everybody Makes Mistakes,( Tooth & Nail )
variety,0002,"January 31 - February 6, 2000",Franco & O.K. Jazz,Originalite,(RetroAfric)
variety,0002,"January 31 - February 6, 2000",DJ Faust,Inward Journeys,(Bomb Hip Hop)
variety,0002,"January 31 - February 6, 2000",Mahmoud Ahmed,Ethiopiques 6,(Buda Musique)
variety,0002,"January 31 - February 6, 2000",Bloom 05,Lonesome Solar Surfer,(Gash)
variety,0002,"January 31 - February 6, 2000",Rakim,The Master,( Universal )
variety,0002,"January 31 - February 6, 2000",(Various),Lightning Over The River,( Music Club )
variety,0002,"January 31 - February 6, 2000",Hood,The Cycle of the Days and Seasons,(Domino)
variety,0002,"January 31 - February 6, 2000",Tosca,Suzuki,(G-Stone)
variety,0002,"January 31 - February 6, 2000",Q-Tip,Amplified,( Arista )
variety,0002,"January 31 - February 6, 2000",Jim O'Rourke,Halfway To A Threeway,( Drag City )
variety,0002,"January 31 - February 6, 2000",Mogwai,EP + 2,( Matador )
variety,0004,April 2000,Ass Ponys,Some Stupid With A Flare Gun,( Checkered Past )
variety,0004,April 2000,Common,Like Water For Chocolate,( MCA )
variety,0004,April 2000,Death Cab For Cutie,We Have The Facts and We're Voting Yes,( Barsuk )
variety,0004,April 2000,Marah,Kids In Philly,(E Squared/Artemis)
variety,0004,April 2000,Rinocerose,Installation Sonore,( V2 )
variety,0004,April 2000,Neko Case & her Boyfriends,Furnace Room Lullaby,( Bloodshot )
variety,0004,April 2000,Polecat,High Pressure System,(Sonic Boom)
variety,0004,April 2000,Blackalicious,Nia,(Quannum)
variety,0004,April 2000,Trembling Blue Stars,Broken By Whispers,( Sub Pop )
variety,0004,April 2000,Groove Armada,Vertigo,(Jive Electro)
variety,0004,April 2000,Yo La Tengo,And then nothing turned itself inside-out,( Matador )
variety,0004,April 2000,Susana Baca,Eco De Sombras,( Luaka Bop )
variety,0004,April 2000,Eels,Daisies Of The Galaxy,( Dreamworks )
variety,0004,April 2000,Shelby Lynne,I Am Shelby Lynne,( Island )
variety,0004,April 2000,Femi Kuti,Shoki Shoki,( MCA )
variety,0004,April 2000,Asylum Street Spankers,Spanker Madness,(Spanks-a-Lot)
variety,0004,April 2000,Zuco 103,Outro Lado,( Six Degrees )
variety,0004,April 2000,Tommy Womack,Stubborn,( Sideburn )
variety,0004,April 2000,Morphine,The Night,( Dreamworks )
variety,0004,April 2000,The The,NakedSelf,( Nothing )
variety,0004,April 2000,On The Floor At The Boutique: Mixed By Fatboy Slim,, Astralwerks 
variety,0004,April 2000,Peter Case,Flying Saucer Blues,( Vanguard )
variety,0004,April 2000,The Delta 72,000,( Touch and Go )
variety,0004,April 2000,Kelly Hogan & the Pine Valley Cosmonauts,Beneath The Country Underdog,( Bloodshot )
variety,0004,April 2000,(Various),Asian Travels,( Six Degrees )
variety,0004,April 2000,Six By Seven,The Closer You Get,( Mantra / Beggars Banquet )
variety,0004,April 2000,Jimmie Dale Gilmore,One Endless Night,(Windcharger/ Rounder )
variety,0004,April 2000,Lou Reed,Ecstasy,( Reprise )
variety,0004,April 2000,Mekons,Journey to the End of the Night,( Quarterstick )
variety,0004,April 2000,Papas Fritas,Buildings and Grounds,( Minty Fresh )
variety,0004,April 2000,Guy Davis,Butt Naked Free,( Red House )
variety,0004,April 2000,Bowery Electric,Lushlife,( Beggars Banquet )
variety,0004,April 2000,(Various),Republica Dominicana,( Putumayo )
variety,0004,April 2000,Joseph Arthur,Come To Me Where I'm From,( Real World )
variety,0004,April 2000,Dave Stuckey & the Rhythm Gang,Get A Load Of This,(HMG/ Hightone )
variety,0004,April 2000,Giant Sand,Chore Of Enchantment,( Thrill Jockey )
variety,0004,April 2000,(Various),Brassic Beats USA,(Skint)
variety,0004,April 2000,Cat Power,The Covers Record,( Matador )
variety,0004,April 2000,Fila Brazillia,Brazilification,(Kudos)
variety,0004,April 2000,The Ananda Shankar Experience and State Of Bengal,Walking On,( Real World )
variety,0004,April 2000,Pedro The Lion,Winners Never Quit,( Jade Tree )
variety,0004,April 2000,DJ Cam,The French Connection,(Shadow)
variety,0004,April 2000,Ween,White Pepper,( Elektra )
variety,0004,April 2000,Southpacific,Constance,( Turnbuckle )
variety,0004,April 2000,(Various),No Categories 3,( Ubiquity )
variety,0004,April 2000,Recoil,Liquid,( Mute )
variety,0004,April 2000,Bad Livers,Blood & Mood,( Sugar Hill )
variety,0004,April 2000,(Various),2001: A Rhyme Odyssey,( Guidance )
variety,0004,April 2000,Beachwood Sparks,Beachwood Sparks,( Sub Pop )
variety,0004,April 2000,Home,XIV,( Arena Rock )
variety,0004,April 2000,Septeto Santiaguero,La Pulidora,(Intuition)
variety,0004,April 2000,Dirty Three,"Whatever You Love, You Are",( Touch and Go )
variety,0004,April 2000,Ricardo Lemvo & Makina Loca,Sao Salvador,( Putumayo )
variety,0004,April 2000,Lambchop,Nixon,( Merge )
variety,0004,April 2000,Supreme Beings of Leisure,Supreme Beings of Leisure,(Palm Pictures)
variety,0004,April 2000,The Blacks,Just Like Home,( Bloodshot )
variety,0004,April 2000,DJ Cheb i Sabbah,Maha Maya,( Six Degrees )
variety,0004,April 2000,Wolf Colonel,Vikings of Mint,( K )
variety,0004,April 2000,DJ Me DJ You,Rainbows and Robots,( Emperor Norton )
variety,0004,April 2000,Mamadou Diabate,Tunga,( Alula )
variety,0005,May 2000,Sleater-Kinney,All Hands On The Bad One,( Kill Rock Stars )
variety,0005,May 2000,Built To Spill,Live,( Warner Bros )
variety,0005,May 2000,Elliott Smith,Figure 8,( Dreamworks )
variety,0005,May 2000,Primal Scream,Xtrmntr,( Astralwerks )
variety,0005,May 2000,Steve Earle,Transcendental Blues,(E-Squared/Artemis)
variety,0005,May 2000,Common,Like Water For Chocolate,( MCA )
variety,0005,May 2000,Marc Ribot Y Los Cubanos Postizos,Muy Divertido!,( Atlantic )
variety,0005,May 2000,Calexico,Hot Rail,( Quarterstick )
variety,0005,May 2000,Death Cab For Cutie,We Have The Facts and We're Voting Yes,( Barsuk )
variety,0005,May 2000,Bap Kennedy,Lonely Street,(Dressed To Kill/LSD)
variety,0005,May 2000,Ass Ponys,Some Stupid With A Flare Gun,( Checkered Past )
variety,0005,May 2000,Rinocerose,Installation Sonore,( V2 )
variety,0005,May 2000,Grandaddy,The Sophtware Slump,( V2 )
variety,0005,May 2000,Corey Harris & Henry Butler,Vu-Du Menz,( Alligator )
variety,0005,May 2000,Broadcast,The Noise Made By People,( Warp / Tommy Boy )
variety,0005,May 2000,On The Floor At The Boutique: Mixed By Fatboy Slim,, Astralwerks 
variety,0005,May 2000,Belle & Sebastian,Lazy Line Painter Jane,( Matador )
variety,0005,May 2000,Trembling Blue Stars,Broken By Whispers,( Sub Pop )
variety,0005,May 2000,Blackalicious,Nia,(Quannum)
variety,0005,May 2000,Marah,Kids In Philly,(E Squared/Artemis)
variety,0005,May 2000,Sumack,Now Hear This,( V2 )
variety,0005,May 2000,Dilated Peoples,The Platform,( Capitol )
variety,0005,May 2000,Smog,Dongs of Sevotion,( Drag City )
variety,0005,May 2000,Bebel Gilberto,Tanto Tempo,( Six Degrees )
variety,0005,May 2000,Looper,The Geometrid,( Sub Pop )
variety,0005,May 2000,The Delta 72,000,( Touch and Go )
variety,0005,May 2000,Macha Loved Bedhead,, Jetset 
variety,0005,May 2000,Dusty Trails,Dusty Trails,( Atlantic )
variety,0005,May 2000,Kelly Hogan & the Pine Valley Cosmonauts,Beneath The Country Underdog,( Bloodshot )
variety,0005,May 2000,Voyager One,From the New Nation of Long Shadows,( Loveless )
variety,0005,May 2000,Encore,Self Preservation,(75 Ark)
variety,0005,May 2000,Kronos Quartet,Kronos Caravan,( Nonesuch )
variety,0005,May 2000,Recoil,Liquid,( Mute )
variety,0005,May 2000,Damon Bramblett,Damon Bramblett,(Namesake)
variety,0005,May 2000,Cat Power,The Covers Record,( Matador )
variety,0005,May 2000,DJ Krush,Code4109,(Red Ink)
variety,0005,May 2000,Six By Seven,The Closer You Get,( Mantra / Beggars Banquet )
variety,0005,May 2000,Trinity,Shanty Town Determination,( Blood and Fire )
variety,0005,May 2000,Neil Young,Silver & Gold,( Reprise )
variety,0005,May 2000,Ween,White Pepper,( Elektra )
variety,0005,May 2000,Polecat,High Pressure System,(Sonic Boom)
variety,0005,May 2000,Ray Condo & his Ricochets,High and Wild,(Joaquin)
variety,0005,May 2000,(Various),A Six Degrees Collection: Traveler '00,( Six Degrees )
variety,0005,May 2000,Joseph Arthur,Come To Me Where I'm From,( Real World )
variety,0005,May 2000,The Forty Fives,Get It Together,( Ng / Artemis )
variety,0005,May 2000,Guy Davis,Butt Naked Free,( Red House )
variety,0005,May 2000,(Various),Asian Travels,( Six Degrees )
variety,0005,May 2000,The Mendoza Line,We're All In This Alone,( Bar/None )
variety,0005,May 2000,Eels,Daisies Of The Galaxy,( Dreamworks )
variety,0005,May 2000,Fila Brazillia,Brazilification,(Kudos)
variety,0005,May 2000,Lou Reed,Ecstasy,( Reprise )
variety,0005,May 2000,Dave Stuckey & the Rhythm Gang,Get A Load Of This,(HMG/ Hightone )
variety,0005,May 2000,(Various),2001: A Rhyme Odyssey,( Guidance )
variety,0005,May 2000,Pedro The Lion,Winners Never Quit,( Jade Tree )
variety,0005,May 2000,(Various),No Categories 3,( Ubiquity )
variety,0005,May 2000,Giant Sand,Chore Of Enchantment,( Thrill Jockey )
variety,0005,May 2000,(Various),Republica Dominicana,( Putumayo )
variety,0005,May 2000,Peter Case,Flying Saucer Blues,( Vanguard )
variety,0005,May 2000,DJ Cam,The French Connection,(Shadow)
variety,0005,May 2000,Septeto Santiaguero,La Pulidora,(Intuition)
variety,9501,"January 2-8, 1995",Mike Johnson,Where Am I?,Up
variety,9501,"January 2-8, 1995",Ass Ponys,Electric Rock Music,A & M
variety,9501,"January 2-8, 1995",Laika,Silver Apples Of The Moon,Too Pure
variety,9501,"January 2-8, 1995",(Various),The Big Bang,Ellipsis Arts
variety,9501,"January 2-8, 1995",The Schramms,Little Apocalypse,ESD
variety,9501,"January 2-8, 1995",Jessamine,Jessamine,Kranky
variety,9501,"January 2-8, 1995",Bill Monroe,Music Of Bill Monroe,MCA
variety,9501,"January 2-8, 1995",Portishead,Dummy,Go! Discs/London
variety,9501,"January 2-8, 1995",(Various),Stolen Moments:Red Hot & Cool,Red Hot/GRP
variety,9501,"January 2-8, 1995",Dog Faced Hermans,Those Deep Buds,Alternative Tentacles
variety,9501,"January 2-8, 1995",(Various),Hey Drag City,Drag City
variety,9501,"January 2-8, 1995",Leadbelly,Leadbelly's Last Sessions,Smithsonian/Folkways
variety,9501,"January 2-8, 1995",Pizzacato Five,Made In USA,Matador
variety,9501,"January 2-8, 1995",Digable Planets,Blowout Comb,Pendulum/EMI
variety,9501,"January 2-8, 1995",Lisa Germano,Geek The Girl,4AD
variety,9501,"January 2-8, 1995",Spanic Family,Spanic Family Album,ESD
variety,9501,"January 2-8, 1995",(Various),Dark City Sisters & Fly,Earthworks
variety,9501,"January 2-8, 1995",Palace Songs,Hope,Drag City
variety,9501,"January 2-8, 1995",Shane McGowen,The Snake,ZTT
variety,9501,"January 2-8, 1995",Kickstand,Kickstand,Queenie
variety,9501,"January 2-8, 1995",The Chrome Cranks,The Chrome Cranks,PCP
variety,9501,"January 2-8, 1995",(Various),Shake 'Em On Down,Arhoolie
variety,9501,"January 2-8, 1995",The Spiny Eateres,All Is Well,Kranky
variety,9501,"January 2-8, 1995",Nick Lowe,The Impossible Bird,Upstart
variety,9501,"January 2-8, 1995",Henry Kaiser/D Lindley,The Sweet Sunny North,Shanachie
variety,9501,"January 2-8, 1995",(Various),Tulare Dust: Merle Haggard Tribute,Hightone
variety,9501,"January 2-8, 1995",Cindytalk,Wappinschaw,Touched
variety,9501,"January 2-8, 1995",(Various),Sun Records Collection,Rhino
variety,9501,"January 2-8, 1995",Containe,I Want It All,Enchante
variety,9501,"January 2-8, 1995",(Various),Explorations,Ubiquity
variety,9501,"January 2-8, 1995",East River Pipe,Poor Fricky,Sarah
variety,9501,"January 2-8, 1995",(Various),Tex-Mex Fiesta,Arhoolie
variety,9501,"January 2-8, 1995",Garmarna,Vittrad,Omnium
variety,9501,"January 2-8, 1995",Silver Jews,Starlite Walker,Drag City
variety,9501,"January 2-8, 1995",(Various),The Excello Story,Excello
variety,9501,"January 2-8, 1995",The Terem Quartet,Classical,Real World
variety,9501,"January 2-8, 1995",Edsel,Detroit Folly,Grass
variety,9501,"January 2-8, 1995",(Various),Beyond The Beach,Upstart
variety,9501,"January 2-8, 1995",Antietam,Rope-A-Dope,Homestead
variety,9501,"January 2-8, 1995",(Various),Music For The Gods,Rykodisc
variety,9501,"January 2-8, 1995",The Skatalites,Hi-Bop Ska,Shanachie
variety,9501,"January 2-8, 1995",Gapeseed,Lo Cell,Silver Girl
variety,9501,"January 2-8, 1995",Pram,Helium,Too Pure
variety,9501,"January 2-8, 1995",Rebirth Brass Band,Rollin,Rounder
variety,9501,"January 2-8, 1995",Shady,World,Beggars Banquet
variety,9501,"January 2-8, 1995",Come,Don't Ask Don't Tell,Matador
variety,9501,"January 2-8, 1995",Dead Can Dance,Towards The Within,4AD
variety,9501,"January 2-8, 1995",Jon Spencer Blues Explosion,Orange,Matador
variety,9501,"January 2-8, 1995",(Various),"Rebirth of Cool, Vol 2",4th & Broadway
variety,9502,"January 30 - February 5, 1995",New Bomb Turks,Information Highway Rev,Crypt
variety,9502,"January 30 - February 5, 1995",Shane McGowen,The Snake,ZTT
variety,9502,"January 30 - February 5, 1995",Laughing Hyenas,Hard Times,Touch & Go
variety,9502,"January 30 - February 5, 1995",Mansour Seck,"N'der Fouta Tooro, Vol 1",Stern' Africa
variety,9502,"January 30 - February 5, 1995",Lois,Bet The Sky,K
variety,9502,"January 30 - February 5, 1995",A.C. Acoustics,Able Treasury,Trance Syndicate
variety,9502,"January 30 - February 5, 1995",Little Axe,Wolf That House Built,OKeh/Epic
variety,9502,"January 30 - February 5, 1995",Mike Johnson,Where Am I?,Up
variety,9502,"January 30 - February 5, 1995",(Various),The Big Bang,Ellipsis Arts
variety,9502,"January 30 - February 5, 1995",The Chrome Cranks,The Chrome Cranks,PCP
variety,9502,"January 30 - February 5, 1995",Jennifer Trynin,Cockamamie,Squint
variety,9502,"January 30 - February 5, 1995",Bill Monroe,Music Of Bill Monroe,MCA
variety,9502,"January 30 - February 5, 1995",Laika,Silver Apples Of The Moon,Too Pure
variety,9502,"January 30 - February 5, 1995",Portishead,Dummy,Go! Discs/London
variety,9502,"January 30 - February 5, 1995",Mary Lou Lord,Mary Lou Lord,Kill Rock Stars
variety,9502,"January 30 - February 5, 1995",The Cartwrights,Ponderosa Fabuloso,Big Iron
variety,9502,"January 30 - February 5, 1995",Ass Ponys,Electric Rock Music,A & M
variety,9502,"January 30 - February 5, 1995",Caspar Brotzmann Msskr,Home,Thirsty Ear
variety,9502,"January 30 - February 5, 1995",Spanic Family,Spanic Family Album,ESD
variety,9502,"January 30 - February 5, 1995",Team Dresch,Personal Best,Chainsaw/Candyass
variety,9502,"January 30 - February 5, 1995",Brainiac,Bonsai Superstar,Grass
variety,9502,"January 30 - February 5, 1995",(Various),For A Life Of Sin,Bloodshot
variety,9502,"January 30 - February 5, 1995",Huun-Huur-Tu,The Orphan's Lament,Shanachie
variety,9502,"January 30 - February 5, 1995",(Various),Periscope,Yoyo
variety,9502,"January 30 - February 5, 1995",Nick Lowe,The Impossible Bird,Upstart
variety,9502,"January 30 - February 5, 1995",Guo Yue & Joji Hirota,Red Ribbon,Shanachie
variety,9502,"January 30 - February 5, 1995",Syl Johnson,Back In The Game,Delmark
variety,9502,"January 30 - February 5, 1995",18th Dye,Done,Matador
variety,9502,"January 30 - February 5, 1995",Jason & The Scorchers,A Blazing Grace,Mammoth
variety,9502,"January 30 - February 5, 1995",(Various),Shake 'Em On Down,Arhoolie
variety,9502,"January 30 - February 5, 1995",Three Mile Pilot,Chief Assassin To The S,DGC
variety,9502,"January 30 - February 5, 1995",(Various),Explorations,Ubiquity
variety,9502,"January 30 - February 5, 1995",The Spiny Eateres,All Is Well,Kranky
variety,9502,"January 30 - February 5, 1995",Tarika,Bibiango,Xenophile
variety,9502,"January 30 - February 5, 1995",Crash Worship,Triple Mania II,Charnel House
variety,9502,"January 30 - February 5, 1995",(Various),Tex-Mex Fiesta,Arhoolie
variety,9502,"January 30 - February 5, 1995",Bettie Serveert,Lamprey,Matador
variety,9502,"January 30 - February 5, 1995",Cindytalk,Wappinschaw,Touched
variety,9502,"January 30 - February 5, 1995",(Various),Dark City Sisters & Fly,Earthworks
variety,9502,"January 30 - February 5, 1995",Swans,The Great Annihilator,Invisible
variety,9502,"January 30 - February 5, 1995",Garmarna,Vittrad,Omnium
variety,9502,"January 30 - February 5, 1995",(Various),The Excello Story,Excello
variety,9502,"January 30 - February 5, 1995",Kickstand,Kickstand,Queenie
variety,9502,"January 30 - February 5, 1995",Further,Grimes Golden,Fingerpaint
variety,9502,"January 30 - February 5, 1995",(Various),Sun Records Collection,Rhino
variety,9502,"January 30 - February 5, 1995",Containe,I Want It All,Enchante
variety,9502,"January 30 - February 5, 1995",East River Pipe,Poor Fricky,Sarah
variety,9502,"January 30 - February 5, 1995",(Various),Beyond The Beach,Upstart
variety,9502,"January 30 - February 5, 1995",Edsel,Detroit Folly,Grass
variety,9502,"January 30 - February 5, 1995",Palace Songs,Hope,Drag City
variety,9503,"February 27 - March 5, 1995",The Roots,Do You Want More!!!???,DGC
variety,9503,"February 27 - March 5, 1995",New Bomb Turks,Information Highway Rev,Crypt
variety,9503,"February 27 - March 5, 1995",The The,Hanky Panky,550 Music/Epic
variety,9503,"February 27 - March 5, 1995",Huun-Huur-Tu,The Orphan's Lament,Shanachie
variety,9503,"February 27 - March 5, 1995",The Cakekitchen,Stompin Thru The Boney d,Merge
variety,9503,"February 27 - March 5, 1995",Mansour Seck,"N'der Fouta Tooro, Vol 1",Stern' Africa
variety,9503,"February 27 - March 5, 1995",Lois,Bet The Sky,K
variety,9503,"February 27 - March 5, 1995",Mike Watt,Ball-Hog Or Tugboat?,Columbia
variety,9503,"February 27 - March 5, 1995",A.C. Acoustics,Able Treasury,Trance Syndicate
variety,9503,"February 27 - March 5, 1995",Little Axe,Wolf That House Built,OKeh/Epic
variety,9503,"February 27 - March 5, 1995",Jennifer Trynin,Cockamamie,Squint
variety,9503,"February 27 - March 5, 1995",Laughing Hyenas,Hard Times,Touch & Go
variety,9503,"February 27 - March 5, 1995",Brainiac,Bonsai Superstar,Grass
variety,9503,"February 27 - March 5, 1995",Laika,Silver Apples Of The Moon,Too Pure
variety,9503,"February 27 - March 5, 1995",Shane McGowen,The Snake,ZTT
variety,9503,"February 27 - March 5, 1995",Nine Pound Hammer,Hayseed Timebomb,Crypt
variety,9503,"February 27 - March 5, 1995",Throwing Muses,University,Sire/Reprise
variety,9503,"February 27 - March 5, 1995",Pansy Division,Pile Up,Lookout
variety,9503,"February 27 - March 5, 1995",Medeski Martin & Wood,Friday Afternoon In The,Gramavision
variety,9503,"February 27 - March 5, 1995",Kieran Kane,Dead Reckoning,Dead Reckoning
variety,9503,"February 27 - March 5, 1995",Mary Lou Lord,Mary Lou Lord,Kill Rock Stars
variety,9503,"February 27 - March 5, 1995",Caspar Brotzmann Msskr,Home,Thirsty Ear
variety,9503,"February 27 - March 5, 1995",Israel Vibration,On The Rock,RAS
variety,9503,"February 27 - March 5, 1995",Team Dresch,Personal Best,Chainsaw/Candyass
variety,9503,"February 27 - March 5, 1995",Syl Johnson,Back In The Game,Delmark
variety,9503,"February 27 - March 5, 1995",(Various),The Long Secret,Harriet
variety,9503,"February 27 - March 5, 1995",Spent,Songs Of Drinking & Rebellion,Merge
variety,9503,"February 27 - March 5, 1995",The Justin Vali Trio,The Truth (My Marina),Real World
variety,9503,"February 27 - March 5, 1995",Royal Trux,Thank You,Virgin
variety,9503,"February 27 - March 5, 1995",Guo Yue & Joji Hirota,Red Ribbon,Shanachie
variety,9503,"February 27 - March 5, 1995",CeDell Davis,Best Of CeDell Davis,Fat Possum/Capitol
variety,9503,"February 27 - March 5, 1995",Bells Of,Two Dos Or Not Is,Teen Beat
variety,9503,"February 27 - March 5, 1995",The Cartwrights,Ponderosa Fabuloso,Big Iron
variety,9503,"February 27 - March 5, 1995",(Various),"Incredibly Strange Music, 2",Asphodel
variety,9503,"February 27 - March 5, 1995",Joost Visser,Partners In Hair,Ajax
variety,9503,"February 27 - March 5, 1995",(Various),Smitten,Karate
variety,9503,"February 27 - March 5, 1995",Three Mile Pilot,Chief Assassin To The S,DGC
variety,9503,"February 27 - March 5, 1995",Jason & The Scorchers,A Blazing Grace,Mammoth
variety,9503,"February 27 - March 5, 1995",The Renderers,That Dog's Head In The,Ajax
variety,9503,"February 27 - March 5, 1995",18th Dye,Done,Matador
variety,9503,"February 27 - March 5, 1995",Greyboy Allstars,West Coast Boogaloo,Greyboy
variety,9503,"February 27 - March 5, 1995",Spanic Family,Spanic Family Album,ESD
variety,9503,"February 27 - March 5, 1995",Killdozer,God Hears Pleas Of The,Touch & Go
variety,9503,"February 27 - March 5, 1995",Crash Worship,Triple Mania II,Charnel House
variety,9503,"February 27 - March 5, 1995",Bettie Serveert,Lamprey,Matador
variety,9503,"February 27 - March 5, 1995",(Various),Periscope,Yoyo
variety,9503,"February 27 - March 5, 1995",Nick Lowe,The Impossible Bird,Upstart
variety,9503,"February 27 - March 5, 1995",Tarika,Bibiango,Xenophile
variety,9503,"February 27 - March 5, 1995",(Various),For A Life Of Sin,Bloodshot
variety,9503,"February 27 - March 5, 1995",The Chrome Cranks,The Chrome Cranks,PCP
variety,9504,"April 3-9, 1995",Squirrel Nut Zippers,The Inevitable Squirrel Nut Zippers,Mammoth
variety,9504,"April 3-9, 1995",PJ Harvey,Alien Lanes,Matador
variety,9504,"April 3-9, 1995",The August Sons,"Plants, Planets, & Insects",El Recordo
variety,9504,"April 3-9, 1995",Flying Saucer Attack,Further,Drag City
variety,9504,"April 3-9, 1995",The 6ths,Wasps' Nests,London
variety,9504,"April 3-9, 1995",(Various),Rig Rock Truck Stop,Diesel Only
variety,9504,"April 3-9, 1995",Spiritualized,Pure Phase,Dedicated/Arista
variety,9504,"April 3-9, 1995",(Various),Dope On Plastic,React
variety,9504,"April 3-9, 1995",Steve Earle,Train A Comin',Winter Harvest
variety,9504,"April 3-9, 1995",The Cakekitchen,Stompin Thru The Boney d,Merge
variety,9504,"April 3-9, 1995",Half Japanese,Greatest Hits,Safe House
variety,9504,"April 3-9, 1995",The Roots,Do You Want More!!!???,DGC
variety,9504,"April 3-9, 1995",Guided By Voices,Box,Scat
variety,9504,"April 3-9, 1995",The Grassy Knoll,The Grassy Knoll,Nettwerk
variety,9504,"April 3-9, 1995",Mike Watt,Ball-Hog Or Tugboat?,Columbia
variety,9504,"April 3-9, 1995",New Bomb Turks,Information Highway Rev,Crypt
variety,9504,"April 3-9, 1995",(Various),Hell-Bent,Bloodshot
variety,9504,"April 3-9, 1995",Traveling Through,Jungle: Fife And Drum Band,Testament
variety,9504,"April 3-9, 1995",Morphine,Yes,Rykodisc
variety,9504,"April 3-9, 1995",Lida Husik,Joyride,Caroline
variety,9504,"April 3-9, 1995",Denison/Kimball Trio,Soul Machine,Skin Graft
variety,9504,"April 3-9, 1995",Everclear,Sparkle And Fade,Capitol
variety,9504,"April 3-9, 1995",Sally Timms,To The Land Of Milk & Honey,Feel Good All Over
variety,9504,"April 3-9, 1995",Negativeland,Fair Use,Seeland
variety,9504,"April 3-9, 1995",(Various),Cajun Honky Tonk,Arhoolie
variety,9504,"April 3-9, 1995",Wilco,A.M,Sire/Reprise
variety,9504,"April 3-9, 1995",Bill Frisell,Music 4 Films of Buster Keaton,Nonesuch
variety,9504,"April 3-9, 1995",Lilys,Eccsame The Photon Band,Spinart
variety,9504,"April 3-9, 1995",Simon Bonney,Everyman,Mute
variety,9504,"April 3-9, 1995",The McCoury Brothers,The McCoury Brothers,Rounder
variety,9504,"April 3-9, 1995",Violent Green,Eros,Up
variety,9504,"April 3-9, 1995",Spatula,Even The Thorny Acacia,Jesus Christ
variety,9504,"April 3-9, 1995",(Various),Big Noise: A Mambo Inn,Hannibal
variety,9504,"April 3-9, 1995",Ben Lee,Grandpaw Would,Grand Royal
variety,9504,"April 3-9, 1995",Mudhoney,My Brother The Cow,Reprise
variety,9504,"April 3-9, 1995",Israel Vibration,On The Rock,RAS
variety,9504,"April 3-9, 1995",Barbara Manning,Sings With The Original,Feel Good All Over
variety,9504,"April 3-9, 1995",Pansy Division,Pile Up,Lookout
variety,9504,"April 3-9, 1995",The Justin Vali Trio,The Truth (My Marina),Real World
variety,9504,"April 3-9, 1995",(Various),The Long Secret,Harriet
variety,9504,"April 3-9, 1995",Archers Of Loaf,Vee Vee,Alias
variety,9504,"April 3-9, 1995",Engine Kid,Angel Wings,Revelation
variety,9504,"April 3-9, 1995",David S Ware Quartet,Cryptology,Homestead
variety,9504,"April 3-9, 1995",Smog,Wild Love,Drag City
variety,9504,"April 3-9, 1995",Kieran Kane,Dead Reckoning,Dead Reckoning
variety,9504,"April 3-9, 1995",Spent,Songs Of Drinking & Rebellion,Merge
variety,9504,"April 3-9, 1995",CeDell Davis,Best Of CeDell Davis,Fat Possum/Capitol
variety,9504,"April 3-9, 1995",Pete Rock & CL Smooth,The Main Ingredient,Elektra
variety,9504,"April 3-9, 1995",Little Annie,Short Sweet & Dread,On-U Sound/Restless
variety,9504,"April 3-9, 1995",Syl Johnson,Back In The Game,Delmark
variety,9505,"May 1-7, 1995",The Last Poets,Holy Terror,Rykodisc
variety,9505,"May 1-7, 1995",Tricky,Maxinquaye,Island
variety,9505,"May 1-7, 1995",Pavement,Wowee Zowee,Matador
variety,9505,"May 1-7, 1995",Dream Warriors,Subliminal Simulation,Pendulum/EMI
variety,9505,"May 1-7, 1995",Squirrel Nut Zippers,The Inevitable Squirrel Nut Zippers,Mammoth
variety,9505,"May 1-7, 1995",(Various),Rig Rock Truck Stop,Diesel Only
variety,9505,"May 1-7, 1995",Sundanese Degung-Mojung,Music Of West Java,Interra
variety,9505,"May 1-7, 1995",The August Sons,"Plants, Planets, & Insects",El Recordo
variety,9505,"May 1-7, 1995",Spiritualized,Pure Phase,Dedicated/Arista
variety,9505,"May 1-7, 1995",The 6ths,Wasps' Nests,London
variety,9505,"May 1-7, 1995",Flying Saucer Attack,Further,Drag City
variety,9505,"May 1-7, 1995",Steve Earle,Train A Comin',Winter Harvest
variety,9505,"May 1-7, 1995",Morphine,Yes,Rykodisc
variety,9505,"May 1-7, 1995",(Various),Dope On Plastic,React
variety,9505,"May 1-7, 1995",PJ Harvey,Alien Lanes,Matador
variety,9505,"May 1-7, 1995",Half Japanese,Greatest Hits,Safe House
variety,9505,"May 1-7, 1995",Melvin Van Peebles,Ghetto Gothic,Capitol
variety,9505,"May 1-7, 1995",The Fall,Cerebral Caustic,Permanent
variety,9505,"May 1-7, 1995",Scud Mountain Boys,Dance The Night Away,Chunk
variety,9505,"May 1-7, 1995",John Zorn/Masada,Gimel,DIW
variety,9505,"May 1-7, 1995",Tindersticks,Tindersticks,Quicksilver
variety,9505,"May 1-7, 1995",Orb,Orbvs Terrarvm,Island
variety,9505,"May 1-7, 1995",(Various),Ninja Cuts,Ninja Tune
variety,9505,"May 1-7, 1995",Jason Eklund,Lost Causeway,Flying Fish
variety,9505,"May 1-7, 1995",(Various),Sif Safaa: Middle East,Hemisphere
variety,9505,"May 1-7, 1995",Yo La Tengo,Electr-O-Pura,Matador
variety,9505,"May 1-7, 1995",Drink Me,Sleep,Bar/None
variety,9505,"May 1-7, 1995",Chinese Han Music,Zheng Melodies,Interra
variety,9505,"May 1-7, 1995",Simon Bonney,Everyman,Mute
variety,9505,"May 1-7, 1995",Pell Mell,Interstate,DGC
variety,9505,"May 1-7, 1995",(Various),"Bubbapalooza, Vol 1",Sky
variety,9505,"May 1-7, 1995",Hossam Ramzy,Egyptian Rai,Arc Music
variety,9505,"May 1-7, 1995",Wilco,A.M,Sire/Reprise
variety,9505,"May 1-7, 1995",The Sea And Cake,Nassau,Thrill Jockey
variety,9505,"May 1-7, 1995",Denison/Kimball Trio,Soul Machine,Skin Graft
variety,9505,"May 1-7, 1995",(Various),"Salsa, Merengue, Mambo!",Hemisphere
variety,9505,"May 1-7, 1995",Sideshow,Lip Read Confusion,Flydaddy
variety,9505,"May 1-7, 1995",Ben Lee,Grandpaw Would,Grand Royal
variety,9505,"May 1-7, 1995",(Various),Testament Records Sampler,Testament
variety,9505,"May 1-7, 1995",Red House Painters,Ocean Beach,4AD
variety,9505,"May 1-7, 1995",Engine Kid,Angel Wings,Revelation
variety,9505,"May 1-7, 1995",(Various),Hell-Bent,Bloodshot
variety,9505,"May 1-7, 1995",Rough Assemblage,Construction & Demolition,Avant
variety,9505,"May 1-7, 1995",Lida Husik,Joyride,Caroline
variety,9505,"May 1-7, 1995",Bill Frisell,Music 4 Films of Buster Keaton,Nonesuch
variety,9505,"May 1-7, 1995",Helium,The Dirt Of Luck,Matador
variety,9505,"May 1-7, 1995",Sally Timms,To The Land Of Milk & Honey,Feel Good All Over
variety,9505,"May 1-7, 1995",The McCoury Brothers,The McCoury Brothers,Rounder
variety,9505,"May 1-7, 1995",(Various),Cajun Honky Tonk,Arhoolie
variety,9505,"May 1-7, 1995",Minxus,Pabulum,Too Pure
variety,9505,"May 1-7, 1995",Tara Key,Ear And Echo,Homestead
variety,9505,"May 1-7, 1995",Smog,Wild Love,Drag City
variety,9505,"May 1-7, 1995",Everclear,Sparkle And Fade,Capitol
variety,9505,"May 1-7, 1995",Traveling Through,Jungle: Fife And Drum Band,Testament
variety,9505,"May 1-7, 1995",Mudhoney,My Brother The Cow,Reprise
variety,9505,"May 1-7, 1995",Negativeland,Fair Use,Seeland
variety,9505,"May 1-7, 1995",David S Ware Quartet,Cryptology,Homestead
variety,9505,"May 1-7, 1995",Violent Green,Eros,Up
variety,9506,"June 5-11, 1995",Funky Porcini,Hed Phone Sex,Ninja Tune
variety,9506,"June 5-11, 1995",Chris Knox,Songs Of You And Me,Caroline
variety,9506,"June 5-11, 1995",Music Revelation Ensble,In The Name Of,DIW/Columbia
variety,9506,"June 5-11, 1995",Sixteen Deluxe,Backfeedmagnetbabe,Trance Syndicate
variety,9506,"June 5-11, 1995",Jasper & Prodigal Suns,Everything Is Everything,Geffen
variety,9506,"June 5-11, 1995",(Various),Hillbilly Fever!,Rhino
variety,9506,"June 5-11, 1995",Yo La Tengo,Electr-O-Pura,Matador
variety,9506,"June 5-11, 1995",(Various),Morocco: Crossroads Of Time,Ellipsis Arts
variety,9506,"June 5-11, 1995",Dream Warriors,Subliminal Simulation,Pendulum/EMI
variety,9506,"June 5-11, 1995",(Various),"Jungle Massive, Vol 1",Payday/FFRR
variety,9506,"June 5-11, 1995",Tricky,Maxinquaye,Island
variety,9506,"June 5-11, 1995",Pavement,Wowee Zowee,Matador
variety,9506,"June 5-11, 1995",The Last Poets,Holy Terror,Rykodisc
variety,9506,"June 5-11, 1995",Half Japanese,Greatest Hits,Safe House
variety,9506,"June 5-11, 1995",Sundanese Degung-Mojung,Music Of West Java,Interra
variety,9506,"June 5-11, 1995",Squirrel Nut Zippers,The Inevitable Squirrel Nut Zippers,Mammoth
variety,9506,"June 5-11, 1995",The August Sons,"Plants, Planets, & Insects",El Recordo
variety,9506,"June 5-11, 1995",Flying Saucer Attack,Further,Drag City
variety,9506,"June 5-11, 1995",The Crabs,Jackpot,K/knw-yr-own
variety,9506,"June 5-11, 1995",Dirty Three,Sad & Dangerous,Torn & Frayed
variety,9506,"June 5-11, 1995",(Various),Trance 1 & 2,Ellipsis Arts
variety,9506,"June 5-11, 1995",Jerry Lee Lewis,Young Blood,Sire
variety,9506,"June 5-11, 1995",Seefeel,Succour,Warp
variety,9506,"June 5-11, 1995",Jesse Dayton,Raisin Cain,Justice
variety,9506,"June 5-11, 1995",Seam,Are U Driving Me Crazy?,Touch & Go
variety,9506,"June 5-11, 1995",World Kulintang Inst,Kulintang:Ancient Gong,World Kulintang
variety,9506,"June 5-11, 1995",Esquivel,Music From A Sparkling,Bar/None
variety,9506,"June 5-11, 1995",Afro-Peruvian Classics,The Soul Of Black Peru,Luaka Bop/Warner Bros
variety,9506,"June 5-11, 1995",Kendra Smith,Five Ways Of Disappearing,4AD
variety,9506,"June 5-11, 1995",The Red Krayola,Amor And Language,Drag City
variety,9506,"June 5-11, 1995",Pan African Orchestra,Opus 1,Real World
variety,9506,"June 5-11, 1995",Boredoms,Chocolate Synthesizer,Reprise
variety,9506,"June 5-11, 1995",FSK,The Sound Of Music,Flying Fish
variety,9506,"June 5-11, 1995",Wally Ngonda,Mody,Stern's Africa
variety,9506,"June 5-11, 1995",Brotzmann/Drake Duo,The Dried Rat-Dog,Okka
variety,9506,"June 5-11, 1995",Thee Speaking Canaries,Songs For The Terrestrials,Scat
variety,9506,"June 5-11, 1995",Scud Mountain Boys,Dance The Night Away,Chunk
variety,9506,"June 5-11, 1995",Jason Eklund,Lost Causeway,Flying Fish
variety,9506,"June 5-11, 1995",Mouse On Mars,Vulvaland,Too Pure
variety,9506,"June 5-11, 1995",(Various),Two A.D,Waveform
variety,9506,"June 5-11, 1995",Tindersticks,Tindersticks,Quicksilver
variety,9506,"June 5-11, 1995",(Various),Ninja Cuts,Ninja Tune
variety,9506,"June 5-11, 1995",Pell Mell,Interstate,DGC
variety,9506,"June 5-11, 1995","Konte, Kuyateh, Suso",Jaliology,Xenophile
variety,9506,"June 5-11, 1995",(Various),"Pay It All Back, Vol 5",On-U Sound/Restless
variety,9506,"June 5-11, 1995",John Zorn/Masada,Gimel,DIW
variety,9506,"June 5-11, 1995",The Fall,Cerebral Caustic,Permanent
variety,9506,"June 5-11, 1995",Melvin Van Peebles,Ghetto Gothic,Capitol
variety,9506,"June 5-11, 1995",(Various),"Bubbapalooza, Vol 1",Sky
variety,9506,"June 5-11, 1995","Up, Bustle, And Out",The Breeze Was Mellow,Ninja Tune
variety,9506,"June 5-11, 1995",(Various),Sif Safaa: Middle East,Hemisphere
variety,9506,"June 5-11, 1995",The Sea And Cake,Nassau,Thrill Jockey
variety,9506,"June 5-11, 1995",18th Dye,Tribute To A Bus,Matador
variety,9506,"June 5-11, 1995",Orb,Orbvs Terrarvm,Island
variety,9506,"June 5-11, 1995",Crooklyn Dub Consortium,"Certified Dope, Vol 1",WordSound
variety,9506,"June 5-11, 1995",(Various),Testament Records Sampler,Testament
variety,9506,"June 5-11, 1995",Chinese Han Music,Zheng Melodies,Interra
variety,9506,"June 5-11, 1995",Karl Hendricks Trio,Buick Elektra Plus I Ht,Grass/Dutch East
variety,9506,"June 5-11, 1995",Helium,The Dirt Of Luck,Matador
variety,9506,"June 5-11, 1995",My Dad Is Dead,"For Richer, For Poorer",Emperor Jones
variety,9507,"July 3-9, 1995",Fugazi,Red Medicine,Dischord
variety,9507,"July 3-9, 1995",Pan African Orchestra,Opus 1,Real World
variety,9507,"July 3-9, 1995",Shaver,Unshaven,Zoo
variety,9507,"July 3-9, 1995",Jasper & Prodigal Suns,Everything Is Everything,Geffen
variety,9507,"July 3-9, 1995",Chavez,Gone Glimmering,Matador
variety,9507,"July 3-9, 1995",Land,Land,Extreme
variety,9507,"July 3-9, 1995",Future Sounds Of London,ISDN,Astralwerks
variety,9507,"July 3-9, 1995",Bjork,Post,Elektra
variety,9507,"July 3-9, 1995",Funky Porcini,Hed Phone Sex,Ninja Tune
variety,9507,"July 3-9, 1995",The Simple Ones,Worth The Weight,Shangri-La
variety,9507,"July 3-9, 1995",Johnny Shines,Standing At The Crossroads,Testament
variety,9507,"July 3-9, 1995",(Various),Morocco: Crossroads Of Time,Ellipsis Arts
variety,9507,"July 3-9, 1995",Sixteen Deluxe,Backfeedmagnetbabe,Trance Syndicate
variety,9507,"July 3-9, 1995",Music Revelation Ensble,In The Name Of,DIW/Columbia
variety,9507,"July 3-9, 1995",(Various),"Jungle Massive, Vol 1",Payday/FFRR
variety,9507,"July 3-9, 1995",Chris Knox,Songs Of You And Me,Caroline
variety,9507,"July 3-9, 1995",Yo La Tengo,Electr-O-Pura,Matador
variety,9507,"July 3-9, 1995",(Various),Hillbilly Fever!,Rhino
variety,9507,"July 3-9, 1995",Tricky,Maxinquaye,Island
variety,9507,"July 3-9, 1995",(Various),Is That Jazz? Vol 1,Ubiquity
variety,9507,"July 3-9, 1995",The Crabs,Jackpot,K/knw-yr-own
variety,9507,"July 3-9, 1995",Buell Neidlinger Quint,Blue Chopsticks,K2B2
variety,9507,"July 3-9, 1995",(Various),Word Up,Virgin Music Canada
variety,9507,"July 3-9, 1995",Seam,Are U Driving Me Crazy?,Touch & Go
variety,9507,"July 3-9, 1995",Bruce Ditmas,What If,Postcards
variety,9507,"July 3-9, 1995",Speedy West/J Bryant,Stratosphere Boogie,Razor & Tie
variety,9507,"July 3-9, 1995",Vic Chesnutt,Is The Actor Happy?,Texas Hotel
variety,9507,"July 3-9, 1995",A.P.E,Striplight,Dorado
variety,9507,"July 3-9, 1995",Bley/Parker/Phillips,Time Will Tell,ECM
variety,9507,"July 3-9, 1995",(Various),Jungle Warfare,Moonshine
variety,9507,"July 3-9, 1995",Jerry Lee Lewis,Young Blood,Sire
variety,9507,"July 3-9, 1995",Matthew Shipp Quartet,Critical Mass,213CD
variety,9507,"July 3-9, 1995",(Various),Trance 1 & 2,Ellipsis Arts
variety,9507,"July 3-9, 1995",Jesse Dayton,Raisin Cain,Justice
variety,9507,"July 3-9, 1995",(Various),Rumble & Scratch,Capitol
variety,9507,"July 3-9, 1995",Dirty Three,Sad & Dangerous,Torn & Frayed
variety,9507,"July 3-9, 1995",Low,Long Division,Vernon Yard
variety,9507,"July 3-9, 1995",Esquivel,Music From A Sparkling,Bar/None
variety,9507,"July 3-9, 1995","Konte, Kuyateh, Suso",Jaliology,Xenophile
variety,9507,"July 3-9, 1995",Butterfly Child,Onomatopoeia,Hitit!
variety,9507,"July 3-9, 1995",FSK,The Sound Of Music,Flying Fish
variety,9507,"July 3-9, 1995",(Various),Reggae Gold '95,VP
variety,9507,"July 3-9, 1995",Mouse On Mars,Vulvaland,Too Pure
variety,9507,"July 3-9, 1995",Kendra Smith,Five Ways Of Disappearing,4AD
variety,9507,"July 3-9, 1995",Afro-Peruvian Classics,The Soul Of Black Peru,Luaka Bop/Warner Bros
variety,9507,"July 3-9, 1995",D J Crush,Krush,Shadow
variety,9507,"July 3-9, 1995",Thee Speaking Canaries,Songs For The Terrestrials,Scat
variety,9507,"July 3-9, 1995",Boredoms,Chocolate Synthesizer,Reprise
variety,9507,"July 3-9, 1995",Karl Hendricks Trio,Buick Elektra Plus I Ht,Grass/Dutch East
variety,9507,"July 3-9, 1995",Seefeel,Succour,Warp
variety,9507,"July 3-9, 1995","Up, Bustle, And Out",The Breeze Was Mellow,Ninja Tune
variety,9507,"July 3-9, 1995",Crooklyn Dub Consortium,"Certified Dope, Vol 1",WordSound
variety,9507,"July 3-9, 1995",Tindersticks,Tindersticks,Quicksilver
variety,9507,"July 3-9, 1995",World Kulintang Inst,Kulintang:Ancient Gong,World Kulintang
variety,9507,"July 3-9, 1995",The Red Krayola,Amor And Language,Drag City
variety,9507,"July 3-9, 1995",(Various),"Pay It All Back, Vol 5",On-U Sound/Restless
variety,9507,"July 3-9, 1995",Brotzmann/Drake Duo,The Dried Rat-Dog,Okka
variety,9507,"July 3-9, 1995",(Various),Ninja Cuts,Ninja Tune
variety,9507,"July 3-9, 1995",18th Dye,Tribute To A Bus,Matador
variety,9509,"September 4-10, 1995",Pere Ubu,Raygun Suitcase,Tim Kerr
variety,9509,"September 4-10, 1995",Ben Harper,Fight For Your Mind,Virgin
variety,9509,"September 4-10, 1995",Palace Music,Viva Last Blues,Drag City
variety,9509,"September 4-10, 1995",Ferus Mustafov,King Ferus,Globestyle
variety,9509,"September 4-10, 1995",Dick Curless,Traveling Through,Rounder
variety,9509,"September 4-10, 1995",Henry Threadgill,Makin' A Move,Columbia
variety,9509,"September 4-10, 1995",Blue Mountain,Dog Days,Roadrunner
variety,9509,"September 4-10, 1995",The Geraldine Fibbers,Lost Somewhere Between,Virgin
variety,9509,"September 4-10, 1995",Jimmy Dawkins,B Phur Real,Wild Dog Blues
variety,9509,"September 4-10, 1995",Hassan Hakmoun,The Fire Within,Music Of The World
variety,9509,"September 4-10, 1995",John Coltrane,Stellar Regions/Sunship,Impulse!
variety,9509,"September 4-10, 1995",(Various),Secret Museum of Mankind,Yazoo
variety,9509,"September 4-10, 1995",El Dopamine,Two And One,Screamin' Fez
variety,9509,"September 4-10, 1995",Davell Crawford,Let Them Talk,Rounder
variety,9509,"September 4-10, 1995",Willie Nelson,Classic & Unreleased,Rhino
variety,9509,"September 4-10, 1995",Vocal Sampling,Una Forma Mas,Sire
variety,9509,"September 4-10, 1995",Banco de Gia,Last Train To Lhasa,Mammoth/Planet D
variety,9509,"September 4-10, 1995",That Dog,Totally Crushed Out,DGC
variety,9509,"September 4-10, 1995",(Various),Macro Dub Infection,Virgin UK
variety,9509,"September 4-10, 1995",Future Sounds Of London,ISDN,Astralwerks
variety,9509,"September 4-10, 1995",The Waco Brothers,To The Last Dead Cowboy,Bloodshot
variety,9509,"September 4-10, 1995",Axiom Funk,Funkcronomicon,Axiom
variety,9509,"September 4-10, 1995","Paul ""Wine"" Jones",Mule,Fat Posum/Capitol
variety,9509,"September 4-10, 1995",Tarnation,Gentle Creatures,4AD
variety,9509,"September 4-10, 1995",The Picketts,The Wicked Picketts,Rounder
variety,9509,"September 4-10, 1995",Ennio Morricone,A Fistful Of Film Music,Rhino
variety,9509,"September 4-10, 1995",The Chrome Cranks,Dead Cool,Crypt
variety,9509,"September 4-10, 1995",T J Kirk,T J Kirk,Warner Bros
variety,9509,"September 4-10, 1995",Elder Roma Wilson,This Train,Arhoolie
variety,9509,"September 4-10, 1995",Rancid,And Out Come The Wolves,Epitaph
variety,9509,"September 4-10, 1995",Don Walser,"The Archive Series, 1 & 2",Watermelon
variety,9509,"September 4-10, 1995",Master Musicians Of Jjka,Joujouka Black Eyes,Le Couer Du Mond
variety,9509,"September 4-10, 1995",Hardkiss,Delusions Of Grandeur,Hardkiss
variety,9509,"September 4-10, 1995",Big Sandy/Fly-Rite Boys,Swingin' West,Hightone
variety,9509,"September 4-10, 1995",Hush Harbor,Hush Harbor,Up
variety,9509,"September 4-10, 1995",Long Fin Killie,Houdini,Too Pure
variety,9509,"September 4-10, 1995",Smokey Wilson,The Real Deal,Bullseye Blues
variety,9509,"September 4-10, 1995",Chemical Brothers,Exit Planet Dust,Astralwerks
variety,9509,"September 4-10, 1995",Six Finger Satellite,Severe Exposure,Sub Pop
variety,9509,"September 4-10, 1995",Jeff Kelly,Ash Wednesday Rain,Green Monkey
variety,9509,"September 4-10, 1995",Bowery Electric,Bowery Electric,Kranky
variety,9509,"September 4-10, 1995",Gary Heffern,Painful Days,Glitterhouse
variety,9509,"September 4-10, 1995",Luna,Penthouse,Elektra
variety,9509,"September 4-10, 1995",Ben Folds Five,Ben Folds Five,Passenger
variety,9509,"September 4-10, 1995",Terry Adams,Terrible,New World
variety,9509,"September 4-10, 1995",Legendary Mama Sana,Music From Madagascar,Shanachie
variety,9509,"September 4-10, 1995",Gypsy Fire,Gypsy Fire,Traditional Xrds
variety,9509,"September 4-10, 1995",(Various),More Cajun Music & Zydeco,Rounder
variety,9509,"September 4-10, 1995",Femi Kuti,Femi Kuti,Tabu/Motown
variety,9509,"September 4-10, 1995",Dirty Three,Dirty Three,Touch & Go
variety,9509,"September 4-10, 1995",Vic Chesnutt,Is The Actor Happy?,Texas Hotel
variety,9509,"September 4-10, 1995",Bley/Parker/Phillips,Time Will Tell,ECM
variety,9509,"September 4-10, 1995",(Various),Red Hot & Bothered 2,Red Hot/Kinetic
variety,9509,"September 4-10, 1995",Dub Narcotic Sound Syst,Rhythm Record,K
variety,9509,"September 4-10, 1995",Modern Jazz Quartet,Dedicated To Connie,Atlantic Jazz
variety,9509,"September 4-10, 1995",Versus,Dead Leaves,Teen Beat
variety,9509,"September 4-10, 1995",Slap Happy Humphrey,Slap Happy Humphrey,Public Bath
variety,9509,"September 4-10, 1995",Holiday,Holiday,March
variety,9509,"September 4-10, 1995",Toenut,Information,Mute America
variety,9509,"September 4-10, 1995",William Hooker,Armageddon,Homestead
variety,9510,"October 2 -8, 1995",Son Volt,Trace,Warner Bros
variety,9510,"October 2 -8, 1995",Mouse On Mars,Iaora Tahiti,Too Pure
variety,9510,"October 2 -8, 1995",(Various),Dope On Plastic! 2,React
variety,9510,"October 2 -8, 1995",Pram,Sargasso Sea,Too Pure
variety,9510,"October 2 -8, 1995",Ferus Mustafov,King Ferus,Globestyle
variety,9510,"October 2 -8, 1995",Aceyalone,All Balls Don't Bounce,Capitol
variety,9510,"October 2 -8, 1995",Dick Curless,Traveling Through,Rounder
variety,9510,"October 2 -8, 1995",(Various),Planet Soup,Ellipsis Arts
variety,9510,"October 2 -8, 1995",Henry Threadgill,Makin' A Move,Columbia
variety,9510,"October 2 -8, 1995",Palace Music,Viva Last Blues,Drag City
variety,9510,"October 2 -8, 1995",Hassan Hakmoun,The Fire Within,Music Of The World
variety,9510,"October 2 -8, 1995",Jimmy Dawkins,B Phur Real,Wild Dog Blues
variety,9510,"October 2 -8, 1995",Pere Ubu,Raygun Suitcase,Tim Kerr
variety,9510,"October 2 -8, 1995",John Coltrane,Stellar Regions/Sunship,Impulse!
variety,9510,"October 2 -8, 1995",Banco de Gia,Last Train To Lhasa,Mammoth/Planet D
variety,9510,"October 2 -8, 1995",Vocal Sampling,Una Forma Mas,Sire
variety,9510,"October 2 -8, 1995",Ben Harper,Fight For Your Mind,Virgin
variety,9510,"October 2 -8, 1995",The Residents,Gingerbread Man,ESD
variety,9510,"October 2 -8, 1995",J McPhee/L Ellis/Plmly,Sweet Freedom-Now What?,Hat Hut
variety,9510,"October 2 -8, 1995",Blue Mountain,Dog Days,Roadrunner
variety,9510,"October 2 -8, 1995",Mazaruni!,Jungle Dub Experience,RAS
variety,9510,"October 2 -8, 1995",Freakwater,Old Paint,Thrill Jockey
variety,9510,"October 2 -8, 1995",Ornette Coleman,Tone Dialing,Harmolodic/Verve
variety,9510,"October 2 -8, 1995",Bobby Matos,Chango's Dance,CuBop
variety,9510,"October 2 -8, 1995",Toumani Diabate,Djelika,Hannibal
variety,9510,"October 2 -8, 1995",Eric Matthews,It's Heavy In Here,Sub Pop
variety,9510,"October 2 -8, 1995",(Various),Austin Country Nights,Watermelon
variety,9510,"October 2 -8, 1995",John Zorn/Yamantaka,Nani Nani,Tzadik
variety,9510,"October 2 -8, 1995",Superchunk,Here's Where The Strings,Merge
variety,9510,"October 2 -8, 1995",Emmylou Harris,Wrecking Ball,Elektra/Asylum
variety,9510,"October 2 -8, 1995",The Sea And Cake,The Biz,Thrill Jockey
variety,9510,"October 2 -8, 1995",Mercury Rev,See You On The Other Side,Work/Sony
variety,9510,"October 2 -8, 1995",FM Einheit/C Brotzmann,Merry Christmas,Thirsty Ear
variety,9510,"October 2 -8, 1995",Skylab,#1,Astralwerks
variety,9510,"October 2 -8, 1995",Flaming Lips,Clouds Taste Metallic,Warner Bros
variety,9510,"October 2 -8, 1995",Tarnation,Gentle Creatures,4AD
variety,9510,"October 2 -8, 1995",Steve Lacy Quartet,Revenue,Soul Note
variety,9510,"October 2 -8, 1995",Paul K & The Weathermen,Achilles Heal,Thirsty Ear
variety,9510,"October 2 -8, 1995",Rancid,And Out Come The Wolves,Epitaph
variety,9510,"October 2 -8, 1995",Greg Osby,Black Book,Blue Note
variety,9510,"October 2 -8, 1995",Spain,The Blue Moods Of Spain,Restless
variety,9510,"October 2 -8, 1995",Rocket From The Crypt,Scream Dracula Scream!,Interscope
variety,9510,"October 2 -8, 1995",Lisa Gerrard,The Mirror Pool,4AD
variety,9510,"October 2 -8, 1995",The Waco Brothers,To The Last Dead Cowboy,Bloodshot
variety,9510,"October 2 -8, 1995",Rova,The Works (Volume 1),Soul Note
variety,9510,"October 2 -8, 1995",The Chrome Cranks,Dead Cool,Crypt
variety,9510,"October 2 -8, 1995",Big Sandy/Fly-Rite Boys,Swingin' West,Hightone
variety,9510,"October 2 -8, 1995",Witch Hazel,Landlocked,Flydaddy
variety,9510,"October 2 -8, 1995",Chemical Brothers,Exit Planet Dust,Astralwerks
variety,9510,"October 2 -8, 1995",The Picketts,The Wicked Picketts,Rounder
variety,9510,"October 2 -8, 1995",Jeff Kelly,Ash Wednesday Rain,Green Monkey
variety,9510,"October 2 -8, 1995",Hardkiss,Delusions Of Grandeur,Hardkiss
variety,9510,"October 2 -8, 1995",Ben Folds Five,Ben Folds Five,Passenger
variety,9510,"October 2 -8, 1995",(Various),Secret Museum of Mankind,Yazoo
variety,9510,"October 2 -8, 1995",Bowery Electric,Bowery Electric,Kranky
variety,9510,"October 2 -8, 1995",Hush Harbor,Hush Harbor,Up
variety,9510,"October 2 -8, 1995",Elder Roma Wilson,This Train,Arhoolie
variety,9510,"October 2 -8, 1995",Long Fin Killie,Houdini,Too Pure
variety,9510,"October 2 -8, 1995",El Dopamine,Two And One,Screamin' Fez
variety,9510,"October 2 -8, 1995",Gary Heffern,Painful Days,Glitterhouse
variety,9511,"October 30 - November 5, 1995",Blonde Redhead,La Mia Vita Violenta,Smells Like
variety,9511,"October 30 - November 5, 1995",Wayne Hancock,Thunderstorms & Neon Signs,Dejadisc
variety,9511,"October 30 - November 5, 1995",Stereolab,Refried Ectoplasm,Drag City
variety,9511,"October 30 - November 5, 1995",Loop Guru,Amrita,North South
variety,9511,"October 30 - November 5, 1995",Son Volt,Trace,Warner Bros
variety,9511,"October 30 - November 5, 1995",G Love & Special Sauce,Coast To Coast Motel,Okeh/Epic
variety,9511,"October 30 - November 5, 1995",Ornette Coleman,Tone Dialing,Harmolodic/Verve
variety,9511,"October 30 - November 5, 1995",Clusone Trio,I Am An Indian,Gramavision
variety,9511,"October 30 - November 5, 1995",The Bats,Couchmaster,Mammoth
variety,9511,"October 30 - November 5, 1995",(Various),Planet Soup,Ellipsis Arts
variety,9511,"October 30 - November 5, 1995",John Coltrane,Stellar Regions/Sunship,Impulse!
variety,9511,"October 30 - November 5, 1995",SF Seals,Truth Walks In Sleepy,Matador
variety,9511,"October 30 - November 5, 1995",Pram,Sargasso Sea,Too Pure
variety,9511,"October 30 - November 5, 1995",Aceyalone,All Balls Don't Bounce,Capitol
variety,9511,"October 30 - November 5, 1995",(Various),Dope On Plastic! 2,React
variety,9511,"October 30 - November 5, 1995",Mercury Rev,See You On The Other Side,Work/Sony
variety,9511,"October 30 - November 5, 1995",Ferus Mustafov,King Ferus,Globestyle
variety,9511,"October 30 - November 5, 1995",Mouse On Mars,Iaora Tahiti,Too Pure
variety,9511,"October 30 - November 5, 1995",Hassan Hakmoun,The Fire Within,Music Of The World
variety,9511,"October 30 - November 5, 1995",Pere Ubu,Raygun Suitcase,Tim Kerr
variety,9511,"October 30 - November 5, 1995",(Various),Austin Country Nights,Watermelon
variety,9511,"October 30 - November 5, 1995",Can,The Peel Sessions,Strange Fruit
variety,9511,"October 30 - November 5, 1995",Old 97s,Wreck Your Life,Bloodshot
variety,9511,"October 30 - November 5, 1995",(Various),History Of Space Age Pop,MCA
variety,9511,"October 30 - November 5, 1995",Ile Aiye,Black Chant,Interra
variety,9511,"October 30 - November 5, 1995",A Positive Life,Synaesthetic,Waveform
variety,9511,"October 30 - November 5, 1995",(Various),Chomp!,2 Kool
variety,9511,"October 30 - November 5, 1995",Ken Nordine,Colors,Asphodel
variety,9511,"October 30 - November 5, 1995",Dub Addxx,Dub Mission,Black Matrix
variety,9511,"October 30 - November 5, 1995",Freakwater,Old Paint,Thrill Jockey
variety,9511,"October 30 - November 5, 1995",Partopi Tao Group,Tapanuli Vol 1,Interra
variety,9511,"October 30 - November 5, 1995",Cowboy Junkies,Live Performances 1985-94,RCA
variety,9511,"October 30 - November 5, 1995",(Various),Step Right Up,Manifesto
variety,9511,"October 30 - November 5, 1995",Eric Matthews,It's Heavy In Here,Sub Pop
variety,9511,"October 30 - November 5, 1995",Ballistic Brothers,London Hooligan Soul,Junior Boy
variety,9511,"October 30 - November 5, 1995",Horace Andy,In The Light,Blood & Fire
variety,9511,"October 30 - November 5, 1995",Guy Davis,Stomp Down Rider,Red House
variety,9511,"October 30 - November 5, 1995",Frisell/Driscoll/Baron,Live,Gramavision
variety,9511,"October 30 - November 5, 1995",Sparklehorse,Vivadixiesubmarinetransmission,Capitol
variety,9511,"October 30 - November 5, 1995",Toumani Diabate,Djelika,Hannibal
variety,9511,"October 30 - November 5, 1995",Rocket From The Crypt,Scream Dracula Scream!,Interscope
variety,9511,"October 30 - November 5, 1995",Bobby Matos,Chango's Dance,CuBop
variety,9511,"October 30 - November 5, 1995",Superchunk,Here's Where The Strings,Merge
variety,9511,"October 30 - November 5, 1995",Mazaruni!,Jungle Dub Experience,RAS
variety,9511,"October 30 - November 5, 1995",Steve Lacy Quartet,Revenue,Soul Note
variety,9511,"October 30 - November 5, 1995",Emmylou Harris,Wrecking Ball,Elektra/Asylum
variety,9511,"October 30 - November 5, 1995",D Maraire & E Mujuru,Shona Spirit,Music Of The World
variety,9511,"October 30 - November 5, 1995",Spain,The Blue Moods Of Spain,Restless
variety,9511,"October 30 - November 5, 1995",(Various),Afropea 3,Luaka Bop/Warner Bros
variety,9511,"October 30 - November 5, 1995",Lisa Gerrard,The Mirror Pool,4AD
variety,9511,"October 30 - November 5, 1995",New Wet Kojack,New Wet Kojack,Touch & Go
variety,9511,"October 30 - November 5, 1995",Skylab,#1,Astralwerks
variety,9511,"October 30 - November 5, 1995",The Sea And Cake,The Biz,Thrill Jockey
variety,9511,"October 30 - November 5, 1995",FM Einheit/C Brotzmann,Merry Christmas,Thirsty Ear
variety,9511,"October 30 - November 5, 1995",Rancid,And Out Come The Wolves,Epitaph
variety,9511,"October 30 - November 5, 1995",Greg Osby,Black Book,Blue Note
variety,9511,"October 30 - November 5, 1995",Flaming Lips,Clouds Taste Metallic,Warner Bros
variety,9511,"October 30 - November 5, 1995",Sonic Youth,Washing Machine,DGC
variety,9511,"October 30 - November 5, 1995",Eliades Ochoa,The Lion Is Loose!,Corason
variety,9511,"October 30 - November 5, 1995",John Zorn/Yamantaka,Nani Nani,Tzadik
variety,9512,"December 4-10, 1995",Diferenz,Jazz Workshop,Shadow
variety,9512,"December 4-10, 1995",The Schramms,Rock Paper/Walk 2 Delphi,ESD
variety,9512,"December 4-10, 1995",(Various),Planet Squeezebox,Ellipsis Arts
variety,9512,"December 4-10, 1995",Wayne Hancock,Thunderstorms & Neon Signs,Dejadisc
variety,9512,"December 4-10, 1995",Mu-ziq,In Pine Effect,Astralwerks
variety,9512,"December 4-10, 1995",Chumbawumba,Swingin' with Raymond,One Little Indian
variety,9512,"December 4-10, 1995",(Various),Global Divas,Rounder
variety,9512,"December 4-10, 1995",Ted Hawkins,Songs From Venice Beach,Evidence
variety,9512,"December 4-10, 1995",Flying Saucer Attack,Chorus,Drag City
variety,9512,"December 4-10, 1995",The Pharcyde,Labcabincalifornia,Delicious Vinyl
variety,9512,"December 4-10, 1995",(Various),Outernational Meltdown,B&W Music
variety,9512,"December 4-10, 1995",The Bats,Couchmaster,Mammoth
variety,9512,"December 4-10, 1995",Loop Guru,Amrita,North South
variety,9512,"December 4-10, 1995",G Love & Special Sauce,Coast To Coast Motel,Okeh/Epic
variety,9512,"December 4-10, 1995",Stereolab,Refried Ectoplasm,Drag City
variety,9512,"December 4-10, 1995",Clusone Trio,I Am An Indian,Gramavision
variety,9512,"December 4-10, 1995",SF Seals,Truth Walks In Sleepy,Matador
variety,9512,"December 4-10, 1995",John Coltrane,Stellar Regions/Sunship,Impulse!
variety,9512,"December 4-10, 1995",Blonde Redhead,La Mia Vita Violenta,Smells Like
variety,9512,"December 4-10, 1995",Ornette Coleman,Tone Dialing,Harmolodic/Verve
variety,9512,"December 4-10, 1995",Jah Wobble,Heaven & Earth,Island UK
variety,9512,"December 4-10, 1995",(Various),History Of Space Age Pop,MCA
variety,9512,"December 4-10, 1995",King Sunny Ade,E Dide Get Up,Mesa/Bluemoon
variety,9512,"December 4-10, 1995",Cypress Hill,III(Temples Of Boom),Ruffhouse/Columbia
variety,9512,"December 4-10, 1995",Ballistic Brothers,London Hooligan Soul,Junior Boy
variety,9512,"December 4-10, 1995",Tindersticks,The Bloomsbury Theatre,This Way Up
variety,9512,"December 4-10, 1995",Julian Cope,Presents 20 Mothers,American
variety,9512,"December 4-10, 1995",Robson Banda,"Greatest Hits, Vol 1",Zimbob
variety,9512,"December 4-10, 1995",Man..Or Astro-Man?,Intravenous TV Continuum,One Louder
variety,9512,"December 4-10, 1995",Robert Ward,Black Bottom,Black Top
variety,9512,"December 4-10, 1995",Spare Snare,Spare Snare,Prospective
variety,9512,"December 4-10, 1995",Dub Addxx,Dub Mission,Black Matrix
variety,9512,"December 4-10, 1995",Freakwater,Old Paint,Thrill Jockey
variety,9512,"December 4-10, 1995",New Bomb Turks,Pissing Out The Poison,Crypt
variety,9512,"December 4-10, 1995",Esquivel,Cabaret Manana,RCA
variety,9512,"December 4-10, 1995",Ile Aiye,Black Chant,Interra
variety,9512,"December 4-10, 1995",Old 97s,Wreck Your Life,Bloodshot
variety,9512,"December 4-10, 1995",Jonah Sithole,Sabhuku,Zimbob
variety,9512,"December 4-10, 1995",9 Lazy 9,The Herb,Shadow
variety,9512,"December 4-10, 1995",Pizzacato Five,The Sound Of Music By,Matador
variety,9512,"December 4-10, 1995",(Various),Troubadours of British Folk,Rhino
variety,9512,"December 4-10, 1995",Brian Eno/Jah Wobble,Spinner,Gyroscope
variety,9512,"December 4-10, 1995",King Kong,Me Hungry,Drag City
variety,9512,"December 4-10, 1995",(Various),Chomp!,2 Kool
variety,9512,"December 4-10, 1995",Mick Harvey,Intoxicated Man,Mute
variety,9512,"December 4-10, 1995",Guy Davis,Stomp Down Rider,Red House
variety,9512,"December 4-10, 1995",Thirty Ought Six,Hag Seed,Mute
variety,9512,"December 4-10, 1995",Horace Andy,In The Light,Blood & Fire
variety,9512,"December 4-10, 1995",Goldie,Timeless,FFRR
variety,9512,"December 4-10, 1995",Partopi Tao Group,Tapanuli Vol 1,Interra
variety,9512,"December 4-10, 1995",Cowboy Junkies,Live Performances 1985-94,RCA
variety,9512,"December 4-10, 1995",D Maraire & E Mujuru,Shona Spirit,Music Of The World
variety,9512,"December 4-10, 1995",The Sea And Cake,The Biz,Thrill Jockey
variety,9512,"December 4-10, 1995",(Various),Austin Country Nights,Watermelon
variety,9512,"December 4-10, 1995",Ken Nordine,Colors,Asphodel
variety,9512,"December 4-10, 1995",Frisell/Driscoll/Baron,Live,Gramavision
variety,9512,"December 4-10, 1995",Sparklehorse,Vivadixiesubmarinetransmission,Capitol
variety,9512,"December 4-10, 1995",Garden Variety,Knocking The Skill Level,Headhunter/Cargo
variety,9512,"December 4-10, 1995",(Various),Step Right Up,Manifesto
variety,9512,"December 4-10, 1995",Can,The Peel Sessions,Strange Fruit
variety,9601,"January 1-7, 1996",Joel RL Phelps,Warm Springs Night,El Recordo
variety,9601,"January 1-7, 1996",The Schramms,Rock Paper/Walk 2 Delphi,ESD
variety,9601,"January 1-7, 1996",Mu-ziq,In Pine Effect,Astralwerks
variety,9601,"January 1-7, 1996",Chumbawumba,Swingin' with Raymond,One Little Indian
variety,9601,"January 1-7, 1996",(Soundtrack),Dead Man Walking,Columbia
variety,9601,"January 1-7, 1996",Flying Saucer Attack,Chorus,Drag City
variety,9601,"January 1-7, 1996",(Various),Global Divas,Rounder
variety,9601,"January 1-7, 1996",Ted Hawkins,Songs From Venice Beach,Evidence
variety,9601,"January 1-7, 1996",(Various),Planet Squeezebox,Ellipsis Arts
variety,9601,"January 1-7, 1996",Diferenz,Jazz Workshop,Shadow
variety,9601,"January 1-7, 1996",The Pharcyde,Labcabincalifornia,Delicious Vinyl
variety,9601,"January 1-7, 1996",(Various),Outernational Meltdown,B&W Music
variety,9601,"January 1-7, 1996",SF Seals,Truth Walks In Sleepy,Matador
variety,9601,"January 1-7, 1996",Loop Guru,Amrita,North South
variety,9601,"January 1-7, 1996",Wayne Hancock,Thunderstorms & Neon Signs,Dejadisc
variety,9601,"January 1-7, 1996",The Bats,Couchmaster,Mammoth
variety,9601,"January 1-7, 1996",Stereolab,Refried Ectoplasm,Drag City
variety,9601,"January 1-7, 1996",G Love & Special Sauce,Coast To Coast Motel,Okeh/Epic
variety,9601,"January 1-7, 1996",Blonde Redhead,La Mia Vita Violenta,Smells Like
variety,9601,"January 1-7, 1996",Clusone Trio,I Am An Indian,Gramavision
variety,9601,"January 1-7, 1996",John Coltrane,Stellar Regions/Sunship,Impulse!
variety,9601,"January 1-7, 1996",Man..Or Astro-Man?,Intravenous TV Continuum,One Louder
variety,9601,"January 1-7, 1996",(Various),"Fat Jazzy Grooves, V 11 & 12",New Breed
variety,9601,"January 1-7, 1996",Tindersticks,The Bloomsbury Theatre,This Way Up
variety,9601,"January 1-7, 1996",Roy Montgomery,Temple IV,Kranky
variety,9601,"January 1-7, 1996",Noise Addict,Meet the Real You,Grand Royal
variety,9601,"January 1-7, 1996",Mountain Goats,Sweden,Shrimper
variety,9601,"January 1-7, 1996",(Various),"The Exotic Trilogy, 1",KBZ 200
variety,9601,"January 1-7, 1996",Spare Snare,Spare Snare,Prospective
variety,9601,"January 1-7, 1996",King Sunny Ade,E Dide Get Up,Mesa/Bluemoon
variety,9601,"January 1-7, 1996",Jah Wobble,Heaven & Earth,Island UK
variety,9601,"January 1-7, 1996",Poem Rocket,Felix Cupla,PCP
variety,9601,"January 1-7, 1996",Mansour Seck,"N'der Fouta Toora, Vol 2",Stern's Africa
variety,9601,"January 1-7, 1996",New Bomb Turks,Pissing Out The Poison,Crypt
variety,9601,"January 1-7, 1996",(Various),Not Fade Away,Decca
variety,9601,"January 1-7, 1996",Rupununi Satari,Steaming Jungle,Ariwa/RAS
variety,9601,"January 1-7, 1996",Julian Cope,Presents 20 Mothers,American
variety,9601,"January 1-7, 1996",Dub Addxx,Dub Mission,Black Matrix
variety,9601,"January 1-7, 1996",Brian Eno/Jah Wobble,Spinner,Gyroscope
variety,9601,"January 1-7, 1996",Cypress Hill,III(Temples Of Boom),Ruffhouse/Columbia
variety,9601,"January 1-7, 1996",Robert Ward,Black Bottom,Black Top
variety,9601,"January 1-7, 1996",Pizzacato Five,The Sound Of Music By,Matador
variety,9601,"January 1-7, 1996",Thirty Ought Six,Hag Seed,Mute
variety,9601,"January 1-7, 1996",(Various),History Of Space Age Pop,MCA
variety,9601,"January 1-7, 1996",Guy Davis,Stomp Down Rider,Red House
variety,9601,"January 1-7, 1996",Old 97s,Wreck Your Life,Bloodshot
variety,9601,"January 1-7, 1996",Robson Banda,"Greatest Hits, Vol 1",Zimbob
variety,9601,"January 1-7, 1996",Esquivel,Cabaret Manana,RCA
variety,9601,"January 1-7, 1996",Jonah Sithole,Sabhuku,Zimbob
variety,9601,"January 1-7, 1996",(Various),Troubadours of British Folk,Rhino
variety,9601,"January 1-7, 1996",Ballistic Brothers,London Hooligan Soul,Junior Boy
variety,9601,"January 1-7, 1996",Mick Harvey,Intoxicated Man,Mute
variety,9601,"January 1-7, 1996",(Various),Chomp!,2 Kool
variety,9601,"January 1-7, 1996",Garden Variety,Knocking The Skill Level,Headhunter/Cargo
variety,9601,"January 1-7, 1996",(Various),Step Right Up,Manifesto
variety,9601,"January 1-7, 1996",Ile Aiye,Black Chant,Interra
variety,9601,"January 1-7, 1996",9 Lazy 9,The Herb,Shadow
variety,9601,"January 1-7, 1996",Partopi Tao Group,Tapanuli Vol 1,Interra
variety,9601,"January 1-7, 1996",Goldie,Timeless,FFRR
variety,9601,"January 1-7, 1996",King Kong,Me Hungry,Drag City
variety,9602,"February 5-11, 1996",Cibo Matto,Viva! La Woman,Warner Bros
variety,9602,"February 5-11, 1996",16 Horsepower,Sackcloth 'n Ashes,A&M
variety,9602,"February 5-11, 1996",Wayne Horvitz/Pigpen,Live In Poland,Cavity Search
variety,9602,"February 5-11, 1996",Long John Hunter,Border Town Legend,Alligator
variety,9602,"February 5-11, 1996",(Various),Twisted Willie,Justice
variety,9602,"February 5-11, 1996",Whiskeytown,Faithless Street,MoodFood
variety,9602,"February 5-11, 1996",(Various),"Cocktail Mix, Vol 1-3",Rhino
variety,9602,"February 5-11, 1996",Joel RL Phelps,Warm Springs Night,El Recordo
variety,9602,"February 5-11, 1996",(Soundtrack),Dead Man Walking,Columbia
variety,9602,"February 5-11, 1996",Cephas & Wiggins,Cool Down,Alligator
variety,9602,"February 5-11, 1996",Loop Guru,Amrita,North South
variety,9602,"February 5-11, 1996",(Various),Earthrise.Ntone.1,Instinct
variety,9602,"February 5-11, 1996",Steve Lacy,Actuality,Cavity Search
variety,9602,"February 5-11, 1996",Flying Saucer Attack,Chorus,Drag City
variety,9602,"February 5-11, 1996",(Various),Outernational Meltdown,B&W Music
variety,9602,"February 5-11, 1996",Chumbawumba,Swingin' with Raymond,One Little Indian
variety,9602,"February 5-11, 1996",The Schramms,Rock Paper/Walk 2 Delphi,ESD
variety,9602,"February 5-11, 1996",(Various),Global Divas,Rounder
variety,9602,"February 5-11, 1996",(Various),Planet Squeezebox,Ellipsis Arts
variety,9602,"February 5-11, 1996",Mu-ziq,In Pine Effect,Astralwerks
variety,9602,"February 5-11, 1996",Lambchop,How I Quit Smoking,Merge
variety,9602,"February 5-11, 1996",Marta Sebestyen,Kismet,Hannibal
variety,9602,"February 5-11, 1996",The Buckets,The Buckets,Slow River
variety,9602,"February 5-11, 1996",DJ Food,A Recipe for Disaster,Ninja Tune
variety,9602,"February 5-11, 1996",(Various),Ultra-Lounge,Capitol
variety,9602,"February 5-11, 1996",Golden Smog,Down by the Old Mainstream,Rykodisc
variety,9602,"February 5-11, 1996",Money Mark,Mark's Keyboard Repair,Mo Wax
variety,9602,"February 5-11, 1996",Jolene,Hell's Half Acre,Ardent
variety,9602,"February 5-11, 1996",Stuntman,Stuntman,Link
variety,9602,"February 5-11, 1996",Jack Logan,Mood Elevator,Medium Cool/Restless
variety,9602,"February 5-11, 1996",Strange Orbit,Hinterland,Discovery
variety,9602,"February 5-11, 1996",The Meices,Dirty Bird,London
variety,9602,"February 5-11, 1996",(Various),Jive Nation,Stern's/Earthworks
variety,9602,"February 5-11, 1996",Jo Carol Pierce,Bad Girls Upset,Monkey Hill
variety,9602,"February 5-11, 1996",(Various),If Ya Can't Stand Da Beat,Ninja Tune USA
variety,9602,"February 5-11, 1996",The Wedding Present,Mini Plus,Cooking Vinyl
variety,9602,"February 5-11, 1996",(Various),Bite Back/Live at the Crocodile,Popllama
variety,9602,"February 5-11, 1996",(Various),Dub Over Dub,Heartbeat
variety,9602,"February 5-11, 1996",Pretty Mary Sunshine,Bird Medicine,Ricochet
variety,9602,"February 5-11, 1996",(Various),Loungin',New Breed
variety,9602,"February 5-11, 1996",Tortoise,Millions Now Living,Thrill Jockey
variety,9602,"February 5-11, 1996",Movietone,Movietone,Planet
variety,9602,"February 5-11, 1996",Jimmy Silva's Goat 5,Near the End of the Harbor,Popllama
variety,9602,"February 5-11, 1996",Noise Addict,Meet the Real You,Grand Royal
variety,9602,"February 5-11, 1996",(Various),Sourcelab,Source/Virgin France
variety,9602,"February 5-11, 1996",Mansour Seck,"N'der Fouta Toora, Vol 2",Stern's Africa
variety,9602,"February 5-11, 1996",(Various),Best of Straker's,Rounder
variety,9602,"February 5-11, 1996",(Various),"The Exotic Trilogy, 1",KBZ 200
variety,9602,"February 5-11, 1996",Roy Montgomery,Temple IV,Kranky
variety,9602,"February 5-11, 1996",(Various),"Fat Jazzy Grooves, V 11 & 12",New Breed
variety,9602,"February 5-11, 1996",Mountain Goats,Sweden,Shrimper
variety,9602,"February 5-11, 1996",(Soundtrack),LA Yellow 357,Yellow Productions
variety,9602,"February 5-11, 1996",King Sunny Ade,E Dide Get Up,Mesa/Bluemoon
variety,9602,"February 5-11, 1996",Resolve,Jack,Artists Only!
variety,9602,"February 5-11, 1996",Rupununi Satari,Steaming Jungle,Ariwa/RAS
variety,9602,"February 5-11, 1996",Jah Wobble,Heaven & Earth,Island UK
variety,9602,"February 5-11, 1996",Poem Rocket,Felix Cupla,PCP
variety,9602,"February 5-11, 1996",Jonah Sithole,Sabhuku,Zimbob
variety,9602,"February 5-11, 1996",Man..Or Astro-Man?,Intravenous TV Continuum,One Louder
variety,9602,"February 5-11, 1996",Tindersticks,The Bloomsbury Theatre,This Way Up
variety,9603,"March 4-10, 1996",Silkworm,Firewater,Matador
variety,9603,"March 4-10, 1996",Nusrat Fateh Ali Khan,Night Song,Real World
variety,9603,"March 4-10, 1996",Steve Earle,I Feel Alright,Warner Bros
variety,9603,"March 4-10, 1996",Nick Cave,Murder Ballads,Reprise
variety,9603,"March 4-10, 1996",Jesus Alemay's,Cubanismo!,Rykodisc
variety,9603,"March 4-10, 1996",(Various),"Cocktail Mix, Vol 1-3",Rhino
variety,9603,"March 4-10, 1996",The Grifters,Ain't My Lookout,Sub Pop
variety,9603,"March 4-10, 1996",Cibo Matto,Viva! La Woman,Warner Bros
variety,9603,"March 4-10, 1996",Long John Hunter,Border Town Legend,Alligator
variety,9603,"March 4-10, 1996",Wayne Horvitz/Pigpen,Live In Poland,Cavity Search
variety,9603,"March 4-10, 1996",(Various),Harvest Song,Ellipsis Arts
variety,9603,"March 4-10, 1996",16 Horsepower,Sackcloth 'n Ashes,A&M
variety,9603,"March 4-10, 1996",(Various),Earthrise.Ntone.1,Instinct
variety,9603,"March 4-10, 1996",Cephas & Wiggins,Cool Down,Alligator
variety,9603,"March 4-10, 1996",Whiskeytown,Faithless Street,MoodFood
variety,9603,"March 4-10, 1996",Steve Lacy,Actuality,Cavity Search
variety,9603,"March 4-10, 1996",(Soundtrack),Dead Man Walking,Columbia
variety,9603,"March 4-10, 1996",(Various),Twisted Willie,Justice
variety,9603,"March 4-10, 1996",Joel RL Phelps,Warm Springs Night,El Recordo
variety,9603,"March 4-10, 1996",Loop Guru,Amrita,North South
variety,9603,"March 4-10, 1996",Tortoise,Millions Now Living,Thrill Jockey
variety,9603,"March 4-10, 1996",The Spinanes,Strand,Sub Pop
variety,9603,"March 4-10, 1996",(Various),Musiki Wa Dansi,Africassette
variety,9603,"March 4-10, 1996",The Derailers,Jackpot,Watermelon
variety,9603,"March 4-10, 1996",Aisha Kandisha's Jarrg,Shabeesation,Rykodisc
variety,9603,"March 4-10, 1996",Ronnie Dawson,Rockinitis,Crystal Clear
variety,9603,"March 4-10, 1996",Girls Against Boys,House of Girls vs Boys,Touch And Go
variety,9603,"March 4-10, 1996",(Various),Heavyweight Sound,Blood And Fire
variety,9603,"March 4-10, 1996",Untitled,Untitled,Drag City
variety,9603,"March 4-10, 1996",The Buckets,The Buckets,Slow River
variety,9603,"March 4-10, 1996",(Various),Three A.D,Waveform
variety,9603,"March 4-10, 1996",Combustible Edison,Schizophonic,Sub Pop
variety,9603,"March 4-10, 1996",Sea Saw,Magnetophone,Simple Machines
variety,9603,"March 4-10, 1996",Jolene,Hell's Half Acre,Ardent
variety,9603,"March 4-10, 1996",David S Ware Quartet,Dao,Homestead
variety,9603,"March 4-10, 1996",Archers of Loaf,The Speed Cattle,Alias
variety,9603,"March 4-10, 1996",(Various),Dub Over Dub,Heartbeat
variety,9603,"March 4-10, 1996",Marta Sebestyen,Kismet,Hannibal
variety,9603,"March 4-10, 1996",Lambchop,How I Quit Smoking,Merge
variety,9603,"March 4-10, 1996",(Various),"Shaken, Not Stirred",HiFi/Rykodisc
variety,9603,"March 4-10, 1996",Mike Johnson,Year Of Mondays,TAG
variety,9603,"March 4-10, 1996",(Various),Jive Nation,Stern's/Earthworks
variety,9603,"March 4-10, 1996",Spacetime Continuum,Emit Ecaps,Astralwerks
variety,9603,"March 4-10, 1996",Pansy Division,Wish I'd Taken Pictures,Lookout
variety,9603,"March 4-10, 1996",(Various),Ultra-Lounge,Capitol
variety,9603,"March 4-10, 1996",Taj Mahal,Phantom Blues,Private
variety,9603,"March 4-10, 1996",Harold Budd/H Zazou,Glyph,Made To Measure
variety,9603,"March 4-10, 1996",Jack Logan,Mood Elevator,Medium Cool/Restless
variety,9603,"March 4-10, 1996",(Various),Loungin'V.2,New Breed
variety,9603,"March 4-10, 1996",The Wedding Present,Mini Plus,Cooking Vinyl
variety,9603,"March 4-10, 1996",(Various),Best of Straker's,Rounder
variety,9603,"March 4-10, 1996",(Various),Bite Back/Live at the Crocodile,Popllama
variety,9603,"March 4-10, 1996",Golden Smog,Down by the Old Mainstream,Rykodisc
variety,9603,"March 4-10, 1996",(Various),Freezone 2,SSR Freezone
variety,9603,"March 4-10, 1996",Stuntman,Stuntman,Link
variety,9603,"March 4-10, 1996",(Various),If Ya Can't Stand Da Beat,Ninja Tune USA
variety,9603,"March 4-10, 1996",Strange Cargo,Hinterland,Discovery
variety,9603,"March 4-10, 1996",(Various),Sourcelab,Source/Virgin France
variety,9603,"March 4-10, 1996",DJ Food,A Recipe for Disaster,Ninja Tune
variety,9603,"March 4-10, 1996",The Meices,Dirty Bird,London
variety,9604,"April 1-7, 1996",Los Lobos,Colossal Head,Warner Bros
variety,9604,"April 1-7, 1996",Nusrat Fateh Ali Khan,Night Song,Real World
variety,9604,"April 1-7, 1996",Scud Mountain Boys,Massachusetts,Sub Pop
variety,9604,"April 1-7, 1996",(Various),Planet Dub,Mammoth/Planet Dog
variety,9604,"April 1-7, 1996",Silkworm,Firewater,Matador
variety,9604,"April 1-7, 1996",Bahamadia,Kollage,Chrysalis
variety,9604,"April 1-7, 1996",(Various),Endless Record Complication,Endless
variety,9604,"April 1-7, 1996",Steve Earle,I Feel Alright,Warner Bros
variety,9604,"April 1-7, 1996",Big Al Dupree,Swing The Blues,Dallas Blues Society
variety,9604,"April 1-7, 1996",Magnog,Magnog,Kranky
variety,9604,"April 1-7, 1996",Jesus Alemay's,Cubanismo!,Rykodisc
variety,9604,"April 1-7, 1996",Nick Cave,Murder Ballads,Reprise
variety,9604,"April 1-7, 1996",(Various),Brasil:A Century Of Song,Blue Jackel
variety,9604,"April 1-7, 1996",Brainiac,Hissing Prigs In Static,Touch & Go
variety,9604,"April 1-7, 1996",The Spinanes,Strand,Sub Pop
variety,9604,"April 1-7, 1996",(Various),Harvest Song,Ellipsis Arts
variety,9604,"April 1-7, 1996",The Grifters,Ain't My Lookout,Sub Pop
variety,9604,"April 1-7, 1996",Long John Hunter,Border Town Legend,Alligator
variety,9604,"April 1-7, 1996",(Various),"Cocktail Mix, Vol 1-3",Rhino
variety,9604,"April 1-7, 1996",Spacer,Atlas Earth,Pussyfoot
variety,9604,"April 1-7, 1996",The Derailers,Jackpot,Watermelon
variety,9604,"April 1-7, 1996",Pee Shy,Who Let All The Monkeys,Blue Gorilla/Mercury
variety,9604,"April 1-7, 1996",The Dave & Deke Combo,Hollywood Barn Dance,Heydey
variety,9604,"April 1-7, 1996",Pressure Drop,Tearing The Silence,Hard Hands
variety,9604,"April 1-7, 1996",Mark Eitzel,60 Watt Silver Lining,Warner Bros
variety,9604,"April 1-7, 1996",Him,Egg,Southern
variety,9604,"April 1-7, 1996",The Congos,Heart Of The Congos,Blood And Fire
variety,9604,"April 1-7, 1996",Muhal Richard Abrams,"Think All, Focus One",Black Saint
variety,9604,"April 1-7, 1996",Don Walser,Texas Top Hand,Watermelon
variety,9604,"April 1-7, 1996",Neutral Milk Hotel,On Avery Island,Merge
variety,9604,"April 1-7, 1996",Ui,Sidelong,Southern
variety,9604,"April 1-7, 1996",Pagan Babies,Pagan Babies,Nine Winds
variety,9604,"April 1-7, 1996",Robert Earl Keen,No. 2 Live Dinner,Sugar Hill
variety,9604,"April 1-7, 1996",(Various),Heavyweight Sound,Blood And Fire
variety,9604,"April 1-7, 1996",Jeff Palmer,Island Universe,Soul Note
variety,9604,"April 1-7, 1996",Furry Things,Big Saturday Illusion,Trance Syndicate
variety,9604,"April 1-7, 1996",The Honeydogs,"Everything, I Bet You",October
variety,9604,"April 1-7, 1996",Nightmares On Wax,Smokers Delight,TVT
variety,9604,"April 1-7, 1996",Afghan Whigs,Black Love,Elektra
variety,9604,"April 1-7, 1996",Juned,Every Night For You,Up Records
variety,9604,"April 1-7, 1996",Pie,Strictly Seance,Big Top
variety,9604,"April 1-7, 1996",Untitled,Untitled,Drag City
variety,9604,"April 1-7, 1996",Groove Collective,We The People,Giant Stop
variety,9604,"April 1-7, 1996",Ronnie Dawson,Rockinitis,Crystal Clear
variety,9604,"April 1-7, 1996",Test Dept,Totality,Invisible
variety,9604,"April 1-7, 1996",Girls Against Boys,House of Girls vs Boys,Touch And Go
variety,9604,"April 1-7, 1996",Jolene,Hell's Half Acre,Ardent
variety,9604,"April 1-7, 1996",David S Ware Quartet,Dao,Homestead
variety,9604,"April 1-7, 1996",New & Used,Consensus,Knitting Factory
variety,9604,"April 1-7, 1996",Marta Sebestyen,Kismet,Hannibal
variety,9604,"April 1-7, 1996",Spacetime Continuum,Emit Ecaps,Astralwerks
variety,9604,"April 1-7, 1996",Archers of Loaf,The Speed Cattle,Alias
variety,9604,"April 1-7, 1996",(Various),Loungin'V.2,New Breed
variety,9604,"April 1-7, 1996",Aisha Kandisha's Jarrg,Shabeesation,Rykodisc
variety,9604,"April 1-7, 1996",(Various),Three A.D,Waveform
variety,9604,"April 1-7, 1996",(Various),"Shaken, Not Stirred",HiFi/Rykodisc
variety,9604,"April 1-7, 1996",Lambchop,How I Quit Smoking,Merge
variety,9604,"April 1-7, 1996",Harold Budd/H Zazou,Glyph,Made To Measure
variety,9604,"April 1-7, 1996",Mike Johnson,Year Of Mondays,TAG
variety,9604,"April 1-7, 1996",Combustible Edison,Schizophonic,Sub Pop
variety,9605,"April 29-May 5, 1996",Gillian Welch,Revival,Almo
variety,9605,"April 29-May 5, 1996",D J Spooky,Songs Of A Bad Dreamer,Asphodel
variety,9605,"April 29-May 5, 1996",Alvin Youngblood Hart,Big Mama's Door,OKeh/550 Music
variety,9605,"April 29-May 5, 1996",D J Krush,Meiso,MoWax/FFRR
variety,9605,"April 29-May 5, 1996",Scud Mountain Boys,Massachusetts,Sub Pop
variety,9605,"April 29-May 5, 1996",Bill Frisell,Quartet,Nonesuch
variety,9605,"April 29-May 5, 1996",Wooden Leg,Wooden Leg,ESD
variety,9605,"April 29-May 5, 1996",Tek 9,It's Not What You Think,SSR Crammed Discs
variety,9605,"April 29-May 5, 1996",Moonshake,Dirty & Divine,C/Z
variety,9605,"April 29-May 5, 1996",Los Lobos,Colossal Head,Warner Bros
variety,9605,"April 29-May 5, 1996",(Various),Brasil:A Century Of Song,Blue Jackel
variety,9605,"April 29-May 5, 1996",Bahamadia,Kollage,Chrysalis
variety,9605,"April 29-May 5, 1996",(Various),Planet Dub,Mammoth/Planet Dog
variety,9605,"April 29-May 5, 1996",Big Al Dupree,Swing The Blues,Dallas Blues Society
variety,9605,"April 29-May 5, 1996",(Various),Endless Record Complication,Endless
variety,9605,"April 29-May 5, 1996",Spacer,Atlas Earth,Pussyfoot
variety,9605,"April 29-May 5, 1996",Nusrat Fateh Ali Khan,Night Song,Real World
variety,9605,"April 29-May 5, 1996",Brainiac,Hissing Prigs In Static,Touch & Go
variety,9605,"April 29-May 5, 1996",Jesus Alemay's,Cubanismo!,Rykodisc
variety,9605,"April 29-May 5, 1996",Magnog,Magnog,Kranky
variety,9605,"April 29-May 5, 1996",Cheri Knight,The Knitter,ESD
variety,9605,"April 29-May 5, 1996",The Mighty Bop,La Vague Sensorielle,Quango
variety,9605,"April 29-May 5, 1996",Bikini Kill,Reject All American,Kill Rock Stars
variety,9605,"April 29-May 5, 1996",FoMoFlo,Slugs & Firearms,God Mountain
variety,9605,"April 29-May 5, 1996",Massive Attack V M.P,No Protection,Gyroscope
variety,9605,"April 29-May 5, 1996",(Various),La Haine,Delabel
variety,9605,"April 29-May 5, 1996",Palace Music,Arise Therefore,Drag City
variety,9605,"April 29-May 5, 1996",Boredoms,Super Roots 6,WEA Japan
variety,9605,"April 29-May 5, 1996",Citizens' Utilities,Lost And Foundered,Mute America
variety,9605,"April 29-May 5, 1996",Polvo,Exploded Drawing,Touch & GO
variety,9605,"April 29-May 5, 1996",David Shea,The Tower Of Mirrors,Sub Rosa
variety,9605,"April 29-May 5, 1996",Pressure Drop,Tearing The Silence,Hard Hands
variety,9605,"April 29-May 5, 1996",The Auteurs,After Murder Park,Hut USA
variety,9605,"April 29-May 5, 1996",(Various),1975-1995 Independencia,Tinder
variety,9605,"April 29-May 5, 1996",Stereolab,Emperor Tomato Ketchup,Elektra
variety,9605,"April 29-May 5, 1996",Bardo Pond,Amanita,Matador
variety,9605,"April 29-May 5, 1996",The Dave & Deke Combo,Hollywood Barn Dance,Heydey
variety,9605,"April 29-May 5, 1996",Cocteau Twins,Milk & Kisses,Capitol
variety,9605,"April 29-May 5, 1996",Guided By Voices,Under The Bushes Under,Matador
variety,9605,"April 29-May 5, 1996",Mark Eitzel,60 Watt Silver Lining,Warner Bros
variety,9605,"April 29-May 5, 1996",Project W,Project W,Apraxia
variety,9605,"April 29-May 5, 1996",Don Walser,Texas Top Hand,Watermelon
variety,9605,"April 29-May 5, 1996",Nightmares On Wax,Smokers Delight,TVT
variety,9605,"April 29-May 5, 1996",Richard Thompson,You? Me? Us?,Capitol
variety,9605,"April 29-May 5, 1996",The Derailers,Jackpot,Watermelon
variety,9605,"April 29-May 5, 1996",Neutral Milk Hotel,On Avery Island,Merge
variety,9605,"April 29-May 5, 1996",The Congos,Heart Of The Congos,Blood And Fire
variety,9605,"April 29-May 5, 1996",Untitled,Untitled,Drag City
variety,9605,"April 29-May 5, 1996",Modest Mouse,This Is A Long Drive,Up Records
variety,9605,"April 29-May 5, 1996",Him,Egg,Southern
variety,9605,"April 29-May 5, 1996",Afghan Whigs,Black Love,Elektra
variety,9605,"April 29-May 5, 1996",Jeff Palmer,Island Universe,Soul Note
variety,9605,"April 29-May 5, 1996",Furry Things,Big Saturday Illusion,Trance Syndicate
variety,9605,"April 29-May 5, 1996",Ui,Sidelong,Southern
variety,9605,"April 29-May 5, 1996",Juned,Every Night For You,Up Records
variety,9605,"April 29-May 5, 1996",Girls Against Boys,House of Girls vs Boys,Touch And Go
variety,9605,"April 29-May 5, 1996",Fragile Porcelain Mice,Frostbidding,Artdamage
variety,9605,"April 29-May 5, 1996",Groove Collective,We The People,Giant Step
variety,9605,"April 29-May 5, 1996",Pie,Strictly Seance,Big Top
variety,9605,"April 29-May 5, 1996",Pee Shy,Who Let All The Monkeys Out?,Blue Gorilla/Mercury
variety,9606,"June 3-9, 1996",World Saxophone Quartet,Four Now,Justin Time
variety,9606,"June 3-9, 1996",Spoon,Telephono,Matador
variety,9606,"June 3-9, 1996",(Various),Cowabunga! The Surf Box,Rhino
variety,9606,"June 3-9, 1996",Bill Frisell,Quartet,Nonesuch
variety,9606,"June 3-9, 1996",(Various),Plug In & Turn On x.3,Instinct
variety,9606,"June 3-9, 1996",Chino XL,Here To Save You All,American
variety,9606,"June 3-9, 1996",Squirrel Nut Zippers,Hot,Mammoth
variety,9606,"June 3-9, 1996",FoMoFlo,Slug & Firearms,God Mountain
variety,9606,"June 3-9, 1996",Gillian Welch,Revival,Almo
variety,9606,"June 3-9, 1996",Boredoms,Super Roots 6,WEA Japan
variety,9606,"June 3-9, 1996",Alvin Youngblood Hart,Big Mama's Door,OKeh/550 Music
variety,9606,"June 3-9, 1996",Bardo Pond,Amanita,Matador
variety,9606,"June 3-9, 1996",(Various),Dope On Plastic 3,React
variety,9606,"June 3-9, 1996",D J Spooky,Songs Of A Dead Dreamer,Asphodel
variety,9606,"June 3-9, 1996",Scud Mountain Boys,Massachusetts,Sub Pop
variety,9606,"June 3-9, 1996",Tek 9,It's Not What You Think,SSR Crammed Discs
variety,9606,"June 3-9, 1996",Moonshake,Dirty & Divine,C/Z
variety,9606,"June 3-9, 1996",D J Krush,Meiso,MoWax/FFRR
variety,9606,"June 3-9, 1996",Wooden Leg,Wooden Leg,ESD
variety,9606,"June 3-9, 1996",(Various),Endless Record Complication,Endless
variety,9606,"June 3-9, 1996",Junior Brown,Semi Crazy,Curb
variety,9606,"June 3-9, 1996",Patti Smith,Gone Again,Arista
variety,9606,"June 3-9, 1996",James Carter,Conversin With The Elders,Atlantic
variety,9606,"June 3-9, 1996",Ron Miles,My Cruel Heart,Gramavision
variety,9606,"June 3-9, 1996",Land Of The Loops,Bundle Of Joy,Up
variety,9606,"June 3-9, 1996",Ronnie Dawson,Just Rockin' & Rollin',Upstart
variety,9606,"June 3-9, 1996",Noam Chomsky,Class War,AK Press
variety,9606,"June 3-9, 1996",Flaco Jimenez,"Buena Suerte, Senorita",Arista Texas
variety,9606,"June 3-9, 1996",Vernon Reid,Mistaken Identity,550 Music/Epic
variety,9606,"June 3-9, 1996",Bikini Kill,Reject All American,Kill Rock Stars
variety,9606,"June 3-9, 1996",John Zorn/Masada,Vav,DIW
variety,9606,"June 3-9, 1996",Floyd Dixon,Wake Up And Live!,Alligator
variety,9606,"June 3-9, 1996",(Various),La Haine,Delabel
variety,9606,"June 3-9, 1996",Meat Beat Manifesto,Subliminal Sandwich,Nothing/Interscope
variety,9606,"June 3-9, 1996",Saxemble,Saxemble,Qwest/Warner
variety,9606,"June 3-9, 1996",Chief Stephen Osita O,Kedu America,Xenophile
variety,9606,"June 3-9, 1996",Matthew Shipp,Symbol Systems,No More
variety,9606,"June 3-9, 1996",Ashley MacIsaac,"Hi, How Are You Today?",A & M
variety,9606,"June 3-9, 1996",Basehead,Faith,Imago
variety,9606,"June 3-9, 1996",Thinking Fellers Union,I Hope It Lands,Communion
variety,9606,"June 3-9, 1996",(Various),1975-1995 Independencia,Tinder
variety,9606,"June 3-9, 1996",Dave Douglas,Five,Soul Note
variety,9606,"June 3-9, 1996",Stereolab,Emperor Tomato Ketchup,Elektra
variety,9606,"June 3-9, 1996",Main,Hz,Beggars Banquet
variety,9606,"June 3-9, 1996",Citizens' Utilities,Lost And Foundered,Mute America
variety,9606,"June 3-9, 1996",Palace Music,Arise Therefore,Drag City
variety,9606,"June 3-9, 1996",Cheri Knight,The Knitter,ESD
variety,9606,"June 3-9, 1996",Massive Attack V Mad Professor,No Protection,Gyroscope
variety,9606,"June 3-9, 1996",Cat Power,Myra Lee,Smells Like
variety,9606,"June 3-9, 1996",Modest Mouse,This Is A Long Drive,Up Records
variety,9606,"June 3-9, 1996",Guided By Voices,Under The Bushes Under,Matador
variety,9606,"June 3-9, 1996",The Auteurs,After Murder Park,Hut USA
variety,9606,"June 3-9, 1996",Neutral Milk Hotel,On Avery Island,Merge
variety,9606,"June 3-9, 1996",The Mighty Bop,La Vague Sensorielle,Quango
variety,9606,"June 3-9, 1996",Cocteau Twins,Milk & Kisses,Capitol
variety,9606,"June 3-9, 1996",Nightmares On Wax,Smokers Delight,TVT
variety,9606,"June 3-9, 1996",Polvo,Exploded Drawing,Touch & Go
variety,9606,"June 3-9, 1996",Fragile Porcelain Mice,Frostbidding,Artdamage
variety,9606,"June 3-9, 1996",Pressure Drop,Tearing The Silence,Hard Hands
variety,9606,"June 3-9, 1996",Richard Thompson,You? Me? Us?,Capitol
variety,9607,"July 1-7, 1996",Beck,Odelay,DGC
variety,9607,"July 1-7, 1996",De La Soul,Stakes Is High,Tommy Boy
variety,9607,"July 1-7, 1996",Ronnie Dawson,Just Rockin' & Rollin',Upstart
variety,9607,"July 1-7, 1996",Land Of The Loops,Bundle Of Joy,Up
variety,9607,"July 1-7, 1996",(Various),Batucada,Mr. Bongo
variety,9607,"July 1-7, 1996",Squirrel Nut Zippers,Hot,Mammoth
variety,9607,"July 1-7, 1996",Chino XL,Here To Save You All,American
variety,9607,"July 1-7, 1996",(Various),Artcore 2,React America
variety,9607,"July 1-7, 1996",Sheila Chandra,ABoneCroneDrone,Real World
variety,9607,"July 1-7, 1996",(Various),Cowabunga! The Surf Box,Rhino
variety,9607,"July 1-7, 1996",Bill Frisell,Quartet,Nonesuch
variety,9607,"July 1-7, 1996",World Saxophone Quartet,Four Now,Justin Time
variety,9607,"July 1-7, 1996",(Various),Plug In & Turn On x.3,Instinct
variety,9607,"July 1-7, 1996",Abdel Ali Slimani,Mraya,Real World
variety,9607,"July 1-7, 1996",(Various),Dope On Plastic 3,React
variety,9607,"July 1-7, 1996",Spoon,Telephono,Matador
variety,9607,"July 1-7, 1996",Alvin Youngblood Hart,Big Mama's Door,OKeh/550 Music
variety,9607,"July 1-7, 1996",Boredoms,Super Roots 6,WEA Japan
variety,9607,"July 1-7, 1996",D J Spooky,Songs Of A Dead Dreamer,Asphodel
variety,9607,"July 1-7, 1996",FoMoFlo,Slug & Firearms,God Mountain
variety,9607,"July 1-7, 1996",Jimmie Dale Gilmore,Braver New World,Elektra
variety,9607,"July 1-7, 1996",(Various),What's Cookin',Ubiquity
variety,9607,"July 1-7, 1996",Junior Brown,Semi Crazy,Curb
variety,9607,"July 1-7, 1996",Tullycraft,"Old Traditions,New Standards",Harriet
variety,9607,"July 1-7, 1996",Rico Bell,The Return Of Rico Bell,Bloodshot
variety,9607,"July 1-7, 1996",James Carter,Conversin With The Elders,Atlantic
variety,9607,"July 1-7, 1996",Me'Shell Ndegeocello,Peace Beyond Passion,Maverick/Reprise
variety,9607,"July 1-7, 1996",Vernon Reid,Mistaken Identity,550 Music/Epic
variety,9607,"July 1-7, 1996",Fastbacks,New Mansions In Sound,Sub Pop
variety,9607,"July 1-7, 1996",Dead Can Dance,Spiritchaser,4 AD
variety,9607,"July 1-7, 1996",Thomas Mapfumo,The Singles,Zimbob
variety,9607,"July 1-7, 1996",Reverend Horton Heat,It's Martini Time,Interscope
variety,9607,"July 1-7, 1996",Orbital,In Sides,FFRR
variety,9607,"July 1-7, 1996",Patti Smith,Gone Again,Arista
variety,9607,"July 1-7, 1996",Bedhead,Beheaded,Trance Syndicate
variety,9607,"July 1-7, 1996",Charlie Hunter Quartet,Ready..Set..Shango!,Blue Note
variety,9607,"July 1-7, 1996",Ashley MacIsaac,"Hi, How Are You Today?",A & M
variety,9607,"July 1-7, 1996",Samite,Silina Musango,Xenophile
variety,9607,"July 1-7, 1996",Bikini Kill,Reject All American,Kill Rock Stars
variety,9607,"July 1-7, 1996",Sleepy LaBeef,I'll Never Lay My Guitar,Rounder
variety,9607,"July 1-7, 1996",Mocket,Bionic Parts,Punk In My Vitamins
variety,9607,"July 1-7, 1996",Floyd Dixon,Wake Up And Live!,Alligator
variety,9607,"July 1-7, 1996",Geno Delafose,That's What I'm Talking,Rounder
variety,9607,"July 1-7, 1996",John Zorn/Masada,Vav,DIW
variety,9607,"July 1-7, 1996",(Various),"Ultra Lounge, Vols 7-12",Capitol
variety,9607,"July 1-7, 1996",Flaco Jimenez,"Buena Suerte, Senorita",Arista Texas
variety,9607,"July 1-7, 1996",Noam Chomsky,Class War,AK Press
variety,9607,"July 1-7, 1996",Ron Miles,My Cruel Heart,Gramavision
variety,9607,"July 1-7, 1996",Meat Beat Manifesto,Subliminal Sandwich,Nothing/Interscope
variety,9607,"July 1-7, 1996",Saxemble,Saxemble,Qwest/Warner
variety,9607,"July 1-7, 1996",William Parker,Compassion Seizes Bedford-Stuy,Homestead
variety,9607,"July 1-7, 1996",Cocteau Twins,Milk & Kisses,Capitol
variety,9607,"July 1-7, 1996",Polvo,Exploded Drawing,Touch & Go
variety,9607,"July 1-7, 1996",Come,Near Life Experience,Matador
variety,9607,"July 1-7, 1996",(Various),La Haine,Delabel
variety,9607,"July 1-7, 1996",Chief Stephen Osita O,Kedu America,Xenophile
variety,9607,"July 1-7, 1996",Basehead,Faith,Imago
variety,9607,"July 1-7, 1996",Cat Power,Myra Lee,Smells Like
variety,9607,"July 1-7, 1996",Main,Hz,Beggars Banquet
variety,9607,"July 1-7, 1996",Dave Douglas,Five,Soul Note
variety,9608,"July 29-August 4, 1996",R L Burnside,A Ass Pocket Of Whiskey,Matador
variety,9608,"July 29-August 4, 1996",(Various),Batucada,Mr. Bongo
variety,9608,"July 29-August 4, 1996",Hedinigarna,The Heathens Fire,TriStar/Silence
variety,9608,"July 29-August 4, 1996",Long Fin Killie,Valentino,Too Pure
variety,9608,"July 29-August 4, 1996",Beck,Odelay,DGC
variety,9608,"July 29-August 4, 1996",Land Of The Loops,Bundle Of Joy,Up
variety,9608,"July 29-August 4, 1996",Sheila Chandra,ABoneCroneDrone,Real World
variety,9608,"July 29-August 4, 1996",De La Soul,Stakes Is High,Tommy Boy
variety,9608,"July 29-August 4, 1996",Abdel Ali Slimani,Mraya,Real World
variety,9608,"July 29-August 4, 1996",Squirrel Nut Zippers,Hot,Mammoth
variety,9608,"July 29-August 4, 1996",Chino XL,Here To Save You All,American
variety,9608,"July 29-August 4, 1996",(Various),Cowabunga! The Surf Box,Rhino
variety,9608,"July 29-August 4, 1996",Ronnie Dawson,Just Rockin' & Rollin',Upstart
variety,9608,"July 29-August 4, 1996",(Various),Artcore 2,React America
variety,9608,"July 29-August 4, 1996",World Saxophone Quartet,Four Now,Justin Time
variety,9608,"July 29-August 4, 1996",(Various),Dope On Plastic 3,React
variety,9608,"July 29-August 4, 1996",Boredoms,Super Roots 6,WEA Japan
variety,9608,"July 29-August 4, 1996",Spoon,Telephono,Matador
variety,9608,"July 29-August 4, 1996",Bill Frisell,Quartet,Nonesuch
variety,9608,"July 29-August 4, 1996",(Various),Plug In & Turn On x.3,Instinct
variety,9608,"July 29-August 4, 1996",Dave Soldier,The Kropotkins,Koch
variety,9608,"July 29-August 4, 1996",Najma,Forbidden Kiss,Shanachie
variety,9608,"July 29-August 4, 1996",Arto Lindsay,O Corpo Sutil,Bar/None
variety,9608,"July 29-August 4, 1996",Fastbacks,New Mansions In Sound,Sub Pop
variety,9608,"July 29-August 4, 1996",Jimmie Dale Gilmore,Braver New World,Elektra
variety,9608,"July 29-August 4, 1996",Dead Can Dance,Spiritchaser,4 AD
variety,9608,"July 29-August 4, 1996",Robbie Fulks,Country Love Songs,Bloodshot
variety,9608,"July 29-August 4, 1996",Nas,It Was Written,Columbia
variety,9608,"July 29-August 4, 1996",Jeremy Enigk,Return Of The Frog Queen,Sub Pop
variety,9608,"July 29-August 4, 1996",Red House Painters,Songs For A Blue Guitar,Supreme/Island
variety,9608,"July 29-August 4, 1996",Johnny Copeland,Jungle Swing,Verve
variety,9608,"July 29-August 4, 1996",Samite,Silina Musango,Xenophile
variety,9608,"July 29-August 4, 1996",Ashley MacIsaac,"Hi, How Are You Today?",A & M
variety,9608,"July 29-August 4, 1996",Soul Coughing,Irresistible Bliss,Slash/Warner Bros
variety,9608,"July 29-August 4, 1996",(Various),Altered Beats,Axiom
variety,9608,"July 29-August 4, 1996",Tarika Sammy,Beneath Southern Skies,Shanachie
variety,9608,"July 29-August 4, 1996",Reverend Horton Heat,It's Martini Time,Interscope
variety,9608,"July 29-August 4, 1996",Bedhead,Beheaded,Trance Syndicate
variety,9608,"July 29-August 4, 1996",Me'Shell Ndegeocello,Peace Beyond Passion,Maverick/Reprise
variety,9608,"July 29-August 4, 1996",Tullycraft,"Old Traditions,New Standards",Harriet
variety,9608,"July 29-August 4, 1996",His Name Is Alive,Stars ON E.S.P,4 AD
variety,9608,"July 29-August 4, 1996",(Various),What's Cookin',Ubiquity
variety,9608,"July 29-August 4, 1996",Rico Bell,The Return Of Rico Bell,Bloodshot
variety,9608,"July 29-August 4, 1996",Sleepy LaBeef,I'll Never Lay My Guitar,Rounder
variety,9608,"July 29-August 4, 1996",Vernon Reid,Mistaken Identity,550 Music/Epic
variety,9608,"July 29-August 4, 1996",Geno Delafose,That's What I'm Talking,Rounder
variety,9608,"July 29-August 4, 1996",Orbital,In Sides,FFRR
variety,9608,"July 29-August 4, 1996",Junior Brown,Semi Crazy,Curb
variety,9608,"July 29-August 4, 1996",Mocket,Bionic Parts,Punk In My Vitamins
variety,9608,"July 29-August 4, 1996",Thomas Mapfumo,The Singles,Zimbob
variety,9608,"July 29-August 4, 1996",Ron Miles,My Cruel Heart,Gramavision
variety,9608,"July 29-August 4, 1996",Patti Smith,Gone Again,Arista
variety,9608,"July 29-August 4, 1996",Gastr Del Sol,Upgrade & Afterlife,Drag City
variety,9608,"July 29-August 4, 1996",Meat Beat Manifesto,Subliminal Sandwich,Nothing/Interscope
variety,9608,"July 29-August 4, 1996",James Carter,Conversin With The Elders,Atlantic
variety,9608,"July 29-August 4, 1996",(Various),"Ultra Lounge, Vols 7-12",Capitol
variety,9608,"July 29-August 4, 1996",Come,Near Life Experience,Matador
variety,9608,"July 29-August 4, 1996",Guiffre/Bley/Swallow,Conversations w/A Goose,Soul Note
variety,9608,"July 29-August 4, 1996",William Parker,Compassion Seizes Bed-Stuy,Homestead
variety,9608,"July 29-August 4, 1996",Noam Chomsky,Class War,AK Press
variety,9609,"September 2-8, 1996",L.T.J. Bukem Presents,Logical Progression,FFRR
variety,9609,"September 2-8, 1996",The Picketts,Euphonium,Rounder
variety,9609,"September 2-8, 1996",Nearly God,Nearly God,Durban Poison
variety,9609,"September 2-8, 1996",Jessamine,Long Arm Of Coincidence,Kranky
variety,9609,"September 2-8, 1996",(Various),Secret Museum Of Mankind,Yazoo
variety,9609,"September 2-8, 1996",Sebadoh,Harmacy,Sub Pop
variety,9609,"September 2-8, 1996",Jeremy Enigk,Return Of The Frog Queen,Sub Pop
variety,9609,"September 2-8, 1996",Butter 08,Butter,Grand Royal
variety,9609,"September 2-8, 1996",Versus,Secret Swingers,Caroline
variety,9609,"September 2-8, 1996",Dave Soldier,The Kropotkins,Koch
variety,9609,"September 2-8, 1996",Elevator To Hell,Parts 1-3,Sub Pop
variety,9609,"September 2-8, 1996",Hedinigarna,The Heathens Fire,TriStar/Silence
variety,9609,"September 2-8, 1996",Long Fin Killie,Valentino,Too Pure
variety,9609,"September 2-8, 1996",(Various),Batucada,Mr. Bongo
variety,9609,"September 2-8, 1996",De La Soul,Stakes Is High,Tommy Boy
variety,9609,"September 2-8, 1996",Sheila Chandra,ABoneCroneDrone,Real World
variety,9609,"September 2-8, 1996",Beck,Odelay,DGC
variety,9609,"September 2-8, 1996",Squirrel Nut Zippers,Hot,Mammoth
variety,9609,"September 2-8, 1996",R L Burnside,A Ass Pocket Of Whiskey,Matador
variety,9609,"September 2-8, 1996",Abdel Ali Slimani,Mraya,Real World
variety,9609,"September 2-8, 1996",Dirty Three,Horse Stories,Touch & Go
variety,9609,"September 2-8, 1996",Ornette Coleman,Sound Museum,Harmolodic/Verve
variety,9609,"September 2-8, 1996",London Funk Allstars,Flesh Eating Disco Zombies,Shadow/Ninja Tune
variety,9609,"September 2-8, 1996",Robyn Hitchcock,Moss Elixer,Warner Bros
variety,9609,"September 2-8, 1996",Joe Morris Ensemble,Elsewhere,Homestead
variety,9609,"September 2-8, 1996",The V-roys,Just Add Ice,E Squared
variety,9609,"September 2-8, 1996",File,La Vie Marron,Green Linnet
variety,9609,"September 2-8, 1996",Kilgore Trout,Kilgore Trout,KGT
variety,9609,"September 2-8, 1996",High Noon,Stranger Things,Watermelon
variety,9609,"September 2-8, 1996",East River Pipe,Mel,Merge
variety,9609,"September 2-8, 1996",Mars Accelerator,I Am The South Pole,Rx Remedy
variety,9609,"September 2-8, 1996",Future Loop Foundation,Time And Bass,Mammoth/Planet Dog
variety,9609,"September 2-8, 1996",I.K. Dairo,Definitive Dairo,Xenophile
variety,9609,"September 2-8, 1996",Cul De Sac,China Gate,Thirsty Ear
variety,9609,"September 2-8, 1996",Beau Jocque,Gonna Take You Downtown,Rounder
variety,9609,"September 2-8, 1996",Go Sailor,Go Sailor,Lookout
variety,9609,"September 2-8, 1996",Haruomi Hosono,N.D.E,Antilles
variety,9609,"September 2-8, 1996",Red House Painters,Songs For A Blue Guitar,Supreme/Island
variety,9609,"September 2-8, 1996",Phillip Johnson's Big Trouble,Flood At The Ant Farm,Black Saint
variety,9609,"September 2-8, 1996",Robbie Fulks,Country Love Songs,Bloodshot
variety,9609,"September 2-8, 1996",Johnny Copeland,Jungle Swing,Verve
variety,9609,"September 2-8, 1996",Low,Curtain Hits The Cast,Vernon Yard
variety,9609,"September 2-8, 1996",Ernest Ranglin,Below The Bassline,Island Jamaica
variety,9609,"September 2-8, 1996",(Various),Angola Prisoners' Blues,Arhoolie
variety,9609,"September 2-8, 1996",Satisfact,The Unwanted Sounds Of,Up
variety,9609,"September 2-8, 1996",(Various),"Masters Of Jazz, Vols 1-4",Rhino
variety,9609,"September 2-8, 1996",His Name Is Alive,Stars On E.S.P,4 AD
variety,9609,"September 2-8, 1996",Scarce,Deadsexy,A & M
variety,9609,"September 2-8, 1996",(Various),"A World Out Of Time, Vol 3",Shanachie
variety,9609,"September 2-8, 1996",Barry Adamson,Oedipus Schmoedipus,Mute
variety,9609,"September 2-8, 1996",Samite,Silina Musango,Xenophile
variety,9609,"September 2-8, 1996",Arto Lindsay,O Corpo Sutil,Bar/None
variety,9609,"September 2-8, 1996",Dead Can Dance,Spiritchaser,4 AD
variety,9609,"September 2-8, 1996",Arcana,The Last Wave,DIW
variety,9609,"September 2-8, 1996",Najma,Forbidden Kiss,Shanachie
variety,9609,"September 2-8, 1996",Soul Coughing,Irresistible Bliss,Slash/Warner Bros
variety,9609,"September 2-8, 1996",Nas,It Was Written,Columbia
variety,9609,"September 2-8, 1996",Tarika Sammy,Beneath Southern Skies,Shanachie
variety,9609,"September 2-8, 1996",Bedhead,Beheaded,Trance Syndicate
variety,9609,"September 2-8, 1996",(Various),Altered Beats,Axiom
variety,9610,"September 30-October 6, 1996",(Various),Rig Rock Deluxe,Upstart
variety,9610,"September 30-October 6, 1996",Cat Power,What Would The Community Think,Matador
variety,9610,"September 30-October 6, 1996",Lisa Germano,Excerpts From A Love Circus,4 AD
variety,9610,"September 30-October 6, 1996",Nearly God,Nearly God,Durban Poison
variety,9610,"September 30-October 6, 1996",Garmarna,God's Musicians,Omnium
variety,9610,"September 30-October 6, 1996",The Grassy Knoll,Positive,Antilles
variety,9610,"September 30-October 6, 1996",(Various),Nashville: The Other Side,Bloodshot
variety,9610,"September 30-October 6, 1996",The Del McCoury Band,The Cold Hard Facts,Rounder
variety,9610,"September 30-October 6, 1996",(Various),Deep In The Heart Of Tuva,Ellipsis Arts
variety,9610,"September 30-October 6, 1996",London Funk Allstars,Flesh Eating Disco Zombies,Shadow/Ninja Tune
variety,9610,"September 30-October 6, 1996",Jessamine,Long Arm Of Coincidence,Kranky
variety,9610,"September 30-October 6, 1996",The Picketts,Euphonium,Rounder
variety,9610,"September 30-October 6, 1996",Sebadoh,Harmacy,Sub Pop
variety,9610,"September 30-October 6, 1996",Butter 08,Butter,Grand Royal
variety,9610,"September 30-October 6, 1996",Jeremy Enigk,Return Of The Frog Queen,Sub Pop
variety,9610,"September 30-October 6, 1996",Versus,Secret Swingers,Caroline
variety,9610,"September 30-October 6, 1996",L.T.J. Bukem Presents,Logical Progression,FFRR
variety,9610,"September 30-October 6, 1996",(Various),Secret Museum Of Mankind,Yazoo
variety,9610,"September 30-October 6, 1996",Dave Soldier,The Kropotkins,Koch
variety,9610,"September 30-October 6, 1996",Elevator To Hell,Parts 1-3,Sub Pop
variety,9610,"September 30-October 6, 1996",Beau Jocque,Gonna Take You Downtown,Rounder
variety,9610,"September 30-October 6, 1996",Madeline Peyroux,Dreamland,Atlantic
variety,9610,"September 30-October 6, 1996",Ben Neill,Triptycal,Antilles
variety,9610,"September 30-October 6, 1996",Zumpano,Goin' Through Changes,Sub Pop
variety,9610,"September 30-October 6, 1996",John Parish/Polly Jean Harvey,Dance Hall At Louse Point,Island
variety,9610,"September 30-October 6, 1996",Slow Loris,The Ten Commandments & Two Territories According To Slow Loris,Southern
variety,9610,"September 30-October 6, 1996",Chirgilchin,The Wolf & The Kid,Shanachie
variety,9610,"September 30-October 6, 1996",Smog,The Doctor Came At Dawn,Drag City
variety,9610,"September 30-October 6, 1996",Black Cat Orchestra,Black Cat Orchestra,Irene
variety,9610,"September 30-October 6, 1996",Spent,A Seat Beneath The Chairs,Merge
variety,9610,"September 30-October 6, 1996",Kaira Ben,Singa,Stern's Africa
variety,9610,"September 30-October 6, 1996",Funki Porcini,"Love, Pussycats And Carwrecks",Ninja Tune USA
variety,9610,"September 30-October 6, 1996",High Noon,Stranger Things,Watermelon
variety,9610,"September 30-October 6, 1996",A Bullet For Fidel,Cold Before Morning,Scat
variety,9610,"September 30-October 6, 1996",(Various),Jazz Jungle,Acid J/Hollywood
variety,9610,"September 30-October 6, 1996",New Bomb Turks,Scared Straight,Epitaph
variety,9610,"September 30-October 6, 1996",Scala,Beauty Nowhere,Touch
variety,9610,"September 30-October 6, 1996",T.J. Kirk,If Four Was One,Warner Bros
variety,9610,"September 30-October 6, 1996",BR5-49,BR5-49,Arista
variety,9610,"September 30-October 6, 1996",East River Pipe,Mel,Merge
variety,9610,"September 30-October 6, 1996",Robert Pollard,Not In My Airforce,Matador
variety,9610,"September 30-October 6, 1996",File,La Vie Marron,Green Linnet
variety,9610,"September 30-October 6, 1996",Kilgore Trout,Kilgore Trout,KGT
variety,9610,"September 30-October 6, 1996",Marlui Miranda,Todos Os Sons,Blue Jackel
variety,9610,"September 30-October 6, 1996",Joe Morris Ensemble,Elsewhere,Homestead
variety,9610,"September 30-October 6, 1996",Dirty Three,Horse Stories,Touch & Go
variety,9610,"September 30-October 6, 1996",Olivia Tremor Control,Music From The Unrealized,Flydaddy
variety,9610,"September 30-October 6, 1996",Scientist,Dub In The Roots Tradition,Blood & Fire
variety,9610,"September 30-October 6, 1996",Mars Accelerator,I Am The South Pole,Rx Remedy
variety,9610,"September 30-October 6, 1996",Tobin Sprout,Carnival Boy,Matador
variety,9610,"September 30-October 6, 1996",Robyn Hitchcock,Moss Elixer,Warner Bros
variety,9610,"September 30-October 6, 1996",Go Sailor,Go Sailor,Lookout
variety,9610,"September 30-October 6, 1996",Ornette Coleman,Sound Museum,Harmolodic/Verve
variety,9610,"September 30-October 6, 1996",(Various),Angola Prisoners' Blues,Arhoolie
variety,9610,"September 30-October 6, 1996",The West Section Line,The Man Downstairs,Rx Remedy
variety,9610,"September 30-October 6, 1996",I.K. Dairo,Definitive Dairo,Xenophile
variety,9610,"September 30-October 6, 1996",Ernest Ranglin,Below The Bassline,Island Jamaica
variety,9610,"September 30-October 6, 1996",Satisfact,The Wanted Sounds Of,Up
variety,9610,"September 30-October 6, 1996",Future Loop Foundation,Time And Bass,Mammoth/Planet Dog
variety,9610,"September 30-October 6, 1996",Low,Curtain Hits The Cast,Vernon Yard
variety,9611,"October 28-November 3, 1996",Jon Spencer Blues Explosion,Now I Got Worry,Matador
variety,9611,"October 28-November 3, 1996",Madeleine Peyroux,Dreamland,Atlantic
variety,9611,"October 28-November 3, 1996",Yungchen Lhamo,"Tibet, Tibet",Real World
variety,9611,"October 28-November 3, 1996",New Orleans Nightcrawlers,New Orleans Nightcrawlers,Rounder
variety,9611,"October 28-November 3, 1996",Alec Bathgate,Gold Lame,Flying Nun
variety,9611,"October 28-November 3, 1996",The Del McCoury Band,The Cold Hard Facts,Rounder
variety,9611,"October 28-November 3, 1996",Cat Power,What Would The Community Think,Matador
variety,9611,"October 28-November 3, 1996",Taran,Mod & Mini & Space Age,Compost
variety,9611,"October 28-November 3, 1996",(Various),The Doo Wop Box II,Rhino
variety,9611,"October 28-November 3, 1996",Lisa Germano,Excerpts From A Love Circus,4 AD
variety,9611,"October 28-November 3, 1996",The Walkabouts,Devil's Road,Virgin Schallplatten
variety,9611,"October 28-November 3, 1996",(Various),Nashville: The Other Side,Bloodshot
variety,9611,"October 28-November 3, 1996",Wilco,Being There,Reprise
variety,9611,"October 28-November 3, 1996",Sun Ra,The Singles,Evidence
variety,9611,"October 28-November 3, 1996",(Various),Deep In The Heart Of Tuva,Ellipsis Arts
variety,9611,"October 28-November 3, 1996",The Grassy Knoll,Positive,Antilles
variety,9611,"October 28-November 3, 1996",(Various),Rig Rock Deluxe,Upstart
variety,9611,"October 28-November 3, 1996",Garmarna,God's Musicians,Omnium
variety,9611,"October 28-November 3, 1996",London Funk Allstars,Flesh Eating Disco Zombies,Shadow/Ninja Tune
variety,9611,"October 28-November 3, 1996",The Picketts,Euphonium,Rounder
variety,9611,"October 28-November 3, 1996",(Various),The Soul Of Cape Verde,Tinder
variety,9611,"October 28-November 3, 1996",Martin Phillips & The Chills,Sunburnt,Flying Nun
variety,9611,"October 28-November 3, 1996",Guy Davis,Call Down The Thunder,Red House
variety,9611,"October 28-November 3, 1996",Future Sounds Of London,Dead Cities,Astralwerks / Caroline
variety,9611,"October 28-November 3, 1996",Mike Henderson,First Blood,Dead Reckoning
variety,9611,"October 28-November 3, 1996",Heatmiser,Mic City Sons,Caroline
variety,9611,"October 28-November 3, 1996",Paulo Braganca,Amai,Luaka Bop / Warner Bros
variety,9611,"October 28-November 3, 1996",Iris DeMent,The Way I Should,Warner Bros
variety,9611,"October 28-November 3, 1996",Medeski Martin & Wood,Shack-man,Gramavision/Rykodisc
variety,9611,"October 28-November 3, 1996",The Cakekitchen,Devil & The Deep Blue Sea,Merge
variety,9611,"October 28-November 3, 1996",Neotropic,15 Levels Of Magnification,Ntone
variety,9611,"October 28-November 3, 1996",Tenores di Bitti,S'amore 'e mama,Real World
variety,9611,"October 28-November 3, 1996",Firewater,Get Off The Cross,Jetset
variety,9611,"October 28-November 3, 1996",Jeru The Damaja,Wrath Of The Math,Payday/ FFRR
variety,9611,"October 28-November 3, 1996",The Silver Jews,The Natural Bridge,Drag City
variety,9611,"October 28-November 3, 1996",Bowery Electric,Beat,Kranky
variety,9611,"October 28-November 3, 1996",Sharpshooters,Choked Up,Conception
variety,9611,"October 28-November 3, 1996",Heavenly,Operation Heavenly,K
variety,9611,"October 28-November 3, 1996",Oranj Symphonette,Plays Mancini,Gramavision/Rykodisc
variety,9611,"October 28-November 3, 1996",Jason & The Scorchers,Clear Impetuous Morning,Mammoth/Atlantic
variety,9611,"October 28-November 3, 1996",(Various),Lyric Cocktail,Compost
variety,9611,"October 28-November 3, 1996",Mazzy Star,Among My Swan,Capitol
variety,9611,"October 28-November 3, 1996",Ben Neill,Triptycal,Antilles
variety,9611,"October 28-November 3, 1996",John Parish/Polly Jean Harvey,Dance Hall At Louse Point,Island
variety,9611,"October 28-November 3, 1996",Folk Scat,Folk Scat,Nomad
variety,9611,"October 28-November 3, 1996",Zumpano,Goin' Through Changes,Sub Pop
variety,9611,"October 28-November 3, 1996",Funki Porcini,"Love, Pussycats And Carwrecks",Ninja Tune USA
variety,9611,"October 28-November 3, 1996",T.J. Kirk,If Four Was One,Warner Bros
variety,9611,"October 28-November 3, 1996",Yo La Tengo,Genius+Love=Yo La Tengo,Matador
variety,9611,"October 28-November 3, 1996",(Various),Pop American Style,March
variety,9611,"October 28-November 3, 1996",Morcheeba,Who Can You Trust?,China/Discovery
variety,9611,"October 28-November 3, 1996",Chirgilchin,The Wolf & The Kid,Shanachie
variety,9611,"October 28-November 3, 1996",Smog,The Doctor Came At Dawn,Drag City
variety,9611,"October 28-November 3, 1996",The Roots,Illadelph Halflife,DGC
variety,9611,"October 28-November 3, 1996",Madala,Kon'ko Man,B&W Music
variety,9611,"October 28-November 3, 1996",(Various),Jazz Jungle,Acid J/Hollywood
variety,9611,"October 28-November 3, 1996",Black Cat Orchestra,Black Cat Orchestra,Irene
variety,9611,"October 28-November 3, 1996",Scientist,Dub In The Roots Tradition,Blood & Fire
variety,9611,"October 28-November 3, 1996",Kaira Ben,Singa,Stern's Africa
variety,9611,"October 28-November 3, 1996",Spent,A Seat Beneath The Chairs,Merge
variety,9612,"December 2-8, 1996",Johnny Cash,Unchained,American
variety,9612,"December 2-8, 1996",Tricky,Pre-Millennium Tension,Island
variety,9612,"December 2-8, 1996",DJ Shadow,Endtroducing,Mo Wax/FFRR
variety,9612,"December 2-8, 1996",(Various),Incursions In Illbient,Ashpodel
variety,9612,"December 2-8, 1996",Sukpatch,Haulin' Grass & Smokin' Ass Is Sukpatch,Slabco
variety,9612,"December 2-8, 1996",Wilco,Being There,Reprise
variety,9612,"December 2-8, 1996",Yungchen Lhamo,"Tibet, Tibet",Real World
variety,9612,"December 2-8, 1996",Alec Bathgate,Gold Lame,Flying Nun
variety,9612,"December 2-8, 1996",(Various),Axiom Dub: Mysteries Of Creation,Axiom
variety,9612,"December 2-8, 1996",The Walkabouts,Devil's Road,Virgin Schallplatten
variety,9612,"December 2-8, 1996",Sun Ra,The Singles,Evidence
variety,9612,"December 2-8, 1996",(Various),Jali Kunda,Ellipsis Arts
variety,9612,"December 2-8, 1996",Jon Spencer Blues Explosion,Now I Got Worry,Matador
variety,9612,"December 2-8, 1996",Garmarna,God's Musicians,Omnium
variety,9612,"December 2-8, 1996",(Various),The Doo Wop Box II,Rhino
variety,9612,"December 2-8, 1996",New Orleans Nightcrawlers,New Orleans Nightcrawlers,Rounder
variety,9612,"December 2-8, 1996",Cat Power,What Would The Community Think,Matador
variety,9612,"December 2-8, 1996",Madeleine Peyroux,Dreamland,Atlantic
variety,9612,"December 2-8, 1996",(Various),Deep In The Heart Of Tuva,Ellipsis Arts
variety,9612,"December 2-8, 1996",The Del McCoury Band,The Cold Hard Facts,Rounder
variety,9612,"December 2-8, 1996",(Various),Shapeshifter: A Jazz Step,Sour
variety,9612,"December 2-8, 1996",Heatmiser,Mic City Sons,Caroline
variety,9612,"December 2-8, 1996",(Various),Klezmer Music: A Marriage Of Heaven & Earth,Ellipsis Arts
variety,9612,"December 2-8, 1996",764-HERO,Salt Sinks & Sugar Floats,Up
variety,9612,"December 2-8, 1996",(Various),Resting Place Of The Mists,Shanachie
variety,9612,"December 2-8, 1996",Vic Chesnutt,About To Choke,Capitol
variety,9612,"December 2-8, 1996",Africando,Gombo Salsa,Stern's Africa
variety,9612,"December 2-8, 1996",Chavez,Ride The Fader,Matador
variety,9612,"December 2-8, 1996",Future Sounds Of London,Dead Cities,Astralwerks / Caroline
variety,9612,"December 2-8, 1996",Makyo,Rasa Bhava,Silent
variety,9612,"December 2-8, 1996",Oranj Symphonette,Plays Mancini,Gramavision/Rykodisc
variety,9612,"December 2-8, 1996",(Various),Moon & The Banana Tree,Shanachie
variety,9612,"December 2-8, 1996",Heavenly,Operation Heavenly,K
variety,9612,"December 2-8, 1996",John P Strohm & The Hello Strangers,Caledonia,Flat Earth
variety,9612,"December 2-8, 1996",Paulo Braganca,Amai,Luaka Bop / Warner Bros
variety,9612,"December 2-8, 1996",Martin Phillips & The Chills,Sunburnt,Flying Nun
variety,9612,"December 2-8, 1996",Steve Lacy Trio,Bye-Ya,Free Lance
variety,9612,"December 2-8, 1996",Medeski Martin & Wood,Shack-man,Gramavision/Rykodisc
variety,9612,"December 2-8, 1996",Star Pimp,Docudrama,Kill Rock Stars
variety,9612,"December 2-8, 1996",Iris DeMent,The Way I Should,Warner Bros
variety,9612,"December 2-8, 1996",Sharpshooters,Choked Up,Conception
variety,9612,"December 2-8, 1996",Guy Davis,Call Down The Thunder,Red House
variety,9612,"December 2-8, 1996",The Cakekitchen,Devil & The Deep Blue Sea,Merge
variety,9612,"December 2-8, 1996",Neotropic,15 Levels Of Magnification,Ntone
variety,9612,"December 2-8, 1996",Mike Henderson,First Blood,Dead Reckoning
variety,9612,"December 2-8, 1996",(Various),The Soul Of Cape Verde,Tinder
variety,9612,"December 2-8, 1996",Mazzy Star,Among My Swan,Capitol
variety,9612,"December 2-8, 1996",Bowery Electric,Beat,Kranky
variety,9612,"December 2-8, 1996",Firewater,Get Off The Cross,Jetset
variety,9612,"December 2-8, 1996",Black Cat Orchestra,Black Cat Orchestra,Irene
variety,9612,"December 2-8, 1996",(Various),Lytic Cocktail,Compost
variety,9612,"December 2-8, 1996",Yo La Tengo,Genius+Love=Yo La Tengo,Matador
variety,9612,"December 2-8, 1996",Folk Scat,Folk Scat,Nomad
variety,9612,"December 2-8, 1996",Taran,Mod & Mini & Space Age,Compost
variety,9612,"December 2-8, 1996",Jeru The Damaja,Wrath Of The Math,Payday/FFRR
variety,9612,"December 2-8, 1996",(Various),"Sweet Sunny North, Vol 2",Shanachie
variety,9612,"December 2-8, 1996",Jason & The Scorchers,Clear Impetuous Morning,Mammoth/Atlantic
variety,9612,"December 2-8, 1996",The Silver Jews,The Natural Bridge,Drag City
variety,9612,"December 2-8, 1996",(Various),Pop American Style,March
variety,9612,"December 2-8, 1996",Tenores di Bitti,S'amore 'e mama,Real World
variety,9701,"December 30-January 5, 1997",(Various),Headz 2,MoWax
variety,9701,"December 30-January 5, 1997",Johnny Cash,Unchained,American
variety,9701,"December 30-January 5, 1997",Tricky,Pre-Millennium Tension,Island
variety,9701,"December 30-January 5, 1997",Wilco,Being There,Reprise
variety,9701,"December 30-January 5, 1997",DJ Shadow,Endtroducing,Mo Wax/FFRR
variety,9701,"December 30-January 5, 1997",Chavez,Ride The Fader,Matador
variety,9701,"December 30-January 5, 1997",Africando,Gombo Salsa,Stern's Africa
variety,9701,"December 30-January 5, 1997",(Various),Incursions In Illbient,Ashpodel
variety,9701,"December 30-January 5, 1997",Sukpatch,Haulin' Grass & Smokin' Ass Is Sukpatch,Slabco
variety,9701,"December 30-January 5, 1997",(Various),Klezmer Music: A Marriage Of Heaven & Earth,Ellipsis Arts
variety,9701,"December 30-January 5, 1997",(Various),Axiom Dub: Mysteries Of Creation,Axiom
variety,9701,"December 30-January 5, 1997",The Walkabouts,Devil's Road,Virgin Schallplatten
variety,9701,"December 30-January 5, 1997",(Various),Shapeshifter: A Jazz Step,Sour
variety,9701,"December 30-January 5, 1997",Alec Bathgate,Gold Lame,Flying Nun
variety,9701,"December 30-January 5, 1997",(Various),Jali Kunda,Ellipsis Arts
variety,9701,"December 30-January 5, 1997",Makyo,Rasa Bhava,Silent
variety,9701,"December 30-January 5, 1997",Yungchen Lhamo,"Tibet, Tibet",Real World
variety,9701,"December 30-January 5, 1997",(Various),Resting Place Of The Mists,Shanachie
variety,9701,"December 30-January 5, 1997",Jon Spencer Blues Explosion,Now I Got Worry,Matador
variety,9701,"December 30-January 5, 1997",(Various),The Doo Wop Box II,Rhino
variety,9701,"December 30-January 5, 1997",Gerald Collier,I Had To Laugh Like Hell,C/Z
variety,9701,"December 30-January 5, 1997",Don Byron,Bug Music,Nonesuch
variety,9701,"December 30-January 5, 1997",The Gourds,Dems Good Beeble,Munich
variety,9701,"December 30-January 5, 1997",DJ Vadim,U.S.S.R. Repertoire,Ninja Tune
variety,9701,"December 30-January 5, 1997",Billy Jack Wills,B J Wills & His Western Swing Band,Joaquin
variety,9701,"December 30-January 5, 1997",764-HERO,Salt Sinks & Sugar Floats,Up
variety,9701,"December 30-January 5, 1997",Delroy Wilson,Money,Abraham
variety,9701,"December 30-January 5, 1997",Heatmiser,Mic City Sons,Caroline
variety,9701,"December 30-January 5, 1997",Future Sounds Of London,Dead Cities,Astralwerks / Caroline
variety,9701,"December 30-January 5, 1997",Vic Chesnutt,About To Choke,Capitol
variety,9701,"December 30-January 5, 1997",Fatal Mambo,Rumbagitation,Tinder
variety,9701,"December 30-January 5, 1997",Sharpshooters,Choked Up,Conception
variety,9701,"December 30-January 5, 1997",Heavenly,Operation Heavenly,K
variety,9701,"December 30-January 5, 1997",Steve Lacy Trio,Bye-Ya,Free Lance
variety,9701,"December 30-January 5, 1997",Guy Davis,Call Down The Thunder,Red House
variety,9701,"December 30-January 5, 1997",John P Strohm & The Hello Strangers,Caledonia,Flat Earth
variety,9701,"December 30-January 5, 1997",The Golden Palominos,Dead Inside,Restless
variety,9701,"December 30-January 5, 1997",Neotropic,15 Levels Of Magnification,Ntone
variety,9701,"December 30-January 5, 1997",Oranj Symphonette,Plays Mancini,Gramavision/Rykodisc
variety,9701,"December 30-January 5, 1997",The Cakekitchen,Devil & The Deep Blue Sea,Merge
variety,9701,"December 30-January 5, 1997",(Various),Moon & The Banana Tree,Shanachie
variety,9701,"December 30-January 5, 1997",Paulo Braganca,Amai,Luaka Bop / Warner Bros
variety,9701,"December 30-January 5, 1997",Firewater,Get Off The Cross,Jetset
variety,9701,"December 30-January 5, 1997",Medeski Martin & Wood,Shack-man,Gramavision/Rykodisc
variety,9701,"December 30-January 5, 1997",(Various),The Soul Of Cape Verde,Tinder
variety,9701,"December 30-January 5, 1997",Bowery Electric,Beat,Kranky
variety,9701,"December 30-January 5, 1997",(Various),Pop American Style,March
variety,9701,"December 30-January 5, 1997",Iris DeMent,The Way I Should,Warner Bros
variety,9701,"December 30-January 5, 1997",Star Pimp,Docudrama,Kill Rock Stars
variety,9701,"December 30-January 5, 1997",Martin Phillips & The Chills,Sunburnt,Flying Nun
variety,9701,"December 30-January 5, 1997",(Various),Lytic Cocktail,Compost
variety,9701,"December 30-January 5, 1997",Mike Henderson,First Blood,Dead Reckoning
variety,9701,"December 30-January 5, 1997",(Various),"Sweet Sunny North, Vol 2",Shanachie
variety,9701,"December 30-January 5, 1997",Mazzy Star,Among My Swan,Capitol
variety,9701,"December 30-January 5, 1997",Jason & The Scorchers,Clear Impetuous Morning,Mammoth/Atlantic
variety,9701,"December 30-January 5, 1997",Taran,Mod & Mini & Space Age,Compost
variety,9701,"December 30-January 5, 1997",Yo La Tengo,Genius+Love=Yo La Tengo,Matador
variety,9701,"December 30-January 5, 1997",The Silver Jews,The Natural Bridge,Drag City
variety,9701,"December 30-January 5, 1997",Folk Scat,Folk Scat,Nomad
variety,9701,"December 30-January 5, 1997",Jeru The Damaja,Wrath Of The Math,Payday/FFRR
variety,9702,"February 3-9, 1997",Built To Spill,Perfect From Now On,Warner Bros
variety,9702,"February 3-9, 1997",(Various),"Macro Dub Infection, Vol 2",Gyroscope
variety,9702,"February 3-9, 1997",Damien Jurado,Waters Ave S,Sub Pop
variety,9702,"February 3-9, 1997",(Various),Metalheadz Presents Platinum Breaks,FFRR
variety,9702,"February 3-9, 1997",Townes Van Zandt,Rear View Mirror,Sugar Hill
variety,9702,"February 3-9, 1997",Baader Meinhof,Baader Meinhof,Hut
variety,9702,"February 3-9, 1997",Spring Heel Jack,68 Million Shades,Island Independent
variety,9702,"February 3-9, 1997",(Various),Land Of Baboon,Silent
variety,9702,"February 3-9, 1997",The Fall,The Light User Syndrome,Jet
variety,9702,"February 3-9, 1997",(Various),Headz 2,MoWax
variety,9702,"February 3-9, 1997",Africando,Gombo Salsa,Stern's Africa
variety,9702,"February 3-9, 1997",Chavez,Ride The Fader,Matador
variety,9702,"February 3-9, 1997",(Various),Freezone 3,SSR / Crammed
variety,9702,"February 3-9, 1997",Tricky,Pre-Millennium Tension,Island
variety,9702,"February 3-9, 1997",(Various),Les Voix Du Monde,Le Chant DuMonde
variety,9702,"February 3-9, 1997",Johnny Cash,Unchained,American
variety,9702,"February 3-9, 1997",(Various),Resting Place Of The Mists,Shanachie
variety,9702,"February 3-9, 1997",DJ Shadow,Endtroducing,Mo Wax/FFRR
variety,9702,"February 3-9, 1997",(Various),Klezmer Music: A Marriage Of Heaven & Earth,Ellipsis Arts
variety,9702,"February 3-9, 1997",(Various),Incursions In Illbient,Ashpodel
variety,9702,"February 3-9, 1997",Critters Buggin,Host,Loose Groove
variety,9702,"February 3-9, 1997",Beausoliel,L'Amour Ou La Folie,Rhino
variety,9702,"February 3-9, 1997",Mari Boine,Radiant Warmth,Antilles / Verve
variety,9702,"February 3-9, 1997",Waco Brothers,Cowboy's In Flames,Bloodshot
variety,9702,"February 3-9, 1997",Transglobal Underground,Psychic Karaoke,MCA
variety,9702,"February 3-9, 1997",Ghost,Lama Rabi Rabi,Drag City
variety,9702,"February 3-9, 1997",Pigeonhed,The Full Sentence,Sub Pop
variety,9702,"February 3-9, 1997",Mu-Ziq,"Urmur Bile Trax, Volume 1 & Volume 2",Astralwerks
variety,9702,"February 3-9, 1997",Snooky Pryor,Mind Your Own Business,Antone's / Discovery
variety,9702,"February 3-9, 1997",Pram,Music For Your Movies,ae
variety,9702,"February 3-9, 1997",(Various),Out Of The Gate Again,BJam
variety,9702,"February 3-9, 1997",Etoile de Dakar,Vol 3 - Lay Suma Lay,Stern's Africa
variety,9702,"February 3-9, 1997",Helmet,Aftertaste,Interscope
variety,9702,"February 3-9, 1997",Luther Guitar Junior Johnson,Doin' The Sugar Too,Bullseye
variety,9702,"February 3-9, 1997",Dimitri From Paris,Sacrebleu,Yellow
variety,9702,"February 3-9, 1997",The Red Krayola,Hazel,Drag City
variety,9702,"February 3-9, 1997",Choying Drolma/Steve Tibbitts,Cho,Hannibal
variety,9702,"February 3-9, 1997",Billy Jack Wills,B J Wills & His Western Swing Band,Joaquin
variety,9702,"February 3-9, 1997",Alfredo Rodriguez,Cuba Linda,Hannibal
variety,9702,"February 3-9, 1997",The Gourds,Dems Good Beeble,Munich
variety,9702,"February 3-9, 1997",Huun-Huur-Tu,If I'd Been Born An Eagle,Shanachie
variety,9702,"February 3-9, 1997",Makyo,Rasa Bhava,Silent
variety,9702,"February 3-9, 1997",John P Strohm & The Hello Strangers,Caledonia,Flat Earth
variety,9702,"February 3-9, 1997",Sidi Toure,Hoga,Stern's Africa
variety,9702,"February 3-9, 1997",Delroy Wilson,Money,Abraham
variety,9702,"February 3-9, 1997",Gerald Collier,I Had To Laugh Like Hell,C/Z
variety,9702,"February 3-9, 1997",(Various),Moon & The Banana Tree,Shanachie
variety,9702,"February 3-9, 1997","Stock, Hausen & Walkman",Dummy Run,Bite Size
variety,9702,"February 3-9, 1997",DJ Vadim,U.S.S.R. Repertoire,Ninja Tune
variety,9702,"February 3-9, 1997",Fatal Mambo,Rumbagitation,Tinder
variety,9702,"February 3-9, 1997",(Various),Shapeshifter: A Jazz Step,Sour
variety,9702,"February 3-9, 1997",Don Byron,Bug Music,Nonesuch
variety,9702,"February 3-9, 1997",764-HERO,Salt Sinks & Sugar Floats,Up
variety,9702,"February 3-9, 1997",Steve Lacy Trio,Bye-Ya,Free Lance
variety,9702,"February 3-9, 1997",(Various),Axiom Dub: Mysteries Of Creation,Axiom
variety,9702,"February 3-9, 1997",Vic Chesnutt,About To Choke,Capitol
variety,9702,"February 3-9, 1997",Heatmiser,Mic City Sons,Caroline
variety,9702,"February 3-9, 1997",Paulo Braganca,Amai,Luaka Bop / Warner Bros
variety,9702,"February 3-9, 1997",(Various),"Sweet Sunny North, Vol 2",Shanachie
variety,9702,"February 3-9, 1997",Star Pimp,Docudrama,Kill Rock Stars
variety,9703,"March 3-9, 1997",Pavement,Brighten The Corners,Matador
variety,9703,"March 3-9, 1997",Natacha Atlas,Diaspora,MCA
variety,9703,"March 3-9, 1997",Morphine,Like Swimming,Dreamworks/ Rykodisc
variety,9703,"March 3-9, 1997",Built To Spill,Perfect From Now On,Warner Bros
variety,9703,"March 3-9, 1997",Richard Buckner,Devotion + Doubt,MCA
variety,9703,"March 3-9, 1997",R L Burnside,Mr. Wizard,Fat Possum
variety,9703,"March 3-9, 1997",John Zorn,Bar Kokhba,Tzadik
variety,9703,"March 3-9, 1997",(Various),Divine Divas,Rounder
variety,9703,"March 3-9, 1997",Blonde Redhead,Fake Can Be Just As Good,Touch & Go
variety,9703,"March 3-9, 1997",Townes Van Zandt,Rear View Mirror,Sugar Hill
variety,9703,"March 3-9, 1997",(Various),Celtic Mouth Music,Ellipsis Arts
variety,9703,"March 3-9, 1997",Spring Heel Jack,68 Million Shades,Island Independent
variety,9703,"March 3-9, 1997",Mari Boine,Radiant Warmth,Antilles / Verve
variety,9703,"March 3-9, 1997",Baader Meinhof,Baader Meinhof,Hut
variety,9703,"March 3-9, 1997",Musicians Of The Nile,Charcoal Gypsies,Real World
variety,9703,"March 3-9, 1997",Damien Jurado,Waters Ave S,Sub Pop
variety,9703,"March 3-9, 1997",(Various),Land Of Baboon,Silent
variety,9703,"March 3-9, 1997",(Various),Metalheadz Presents Platinum Breaks,FFRR
variety,9703,"March 3-9, 1997",The Fall,The Light User Syndrome,Jet
variety,9703,"March 3-9, 1997",(Various),"Macro Dub Infection, Vol 2",Gyroscope
variety,9703,"March 3-9, 1997",Asylum Street Spankers,Spanks For The Memories,Watermelon
variety,9703,"March 3-9, 1997",The Backsliders,Throwin' Rocks At The Moon,Mammoth
variety,9703,"March 3-9, 1997",(Various),Sacred Steel,Arhoolie
variety,9703,"March 3-9, 1997",David Shea/D J Grasshoppa,Down River Up Stream!,Downsail
variety,9703,"March 3-9, 1997",The Vidalias,Stayin' In The Doghouse,Upstart
variety,9703,"March 3-9, 1997",OP8,Slush,Thirsty Ear
variety,9703,"March 3-9, 1997",Bad Livers,Hogs On The Highway,Sugar Hill
variety,9703,"March 3-9, 1997",Spearhead,Chocolate Supa Highway,Capitol
variety,9703,"March 3-9, 1997",Waco Brothers,Cowboy's In Flames,Bloodshot
variety,9703,"March 3-9, 1997",Red Red Meat,There's A Star Above The Manger Tonight,Sub Pop
variety,9703,"March 3-9, 1997",(Various),The Wheels Of The World,Yazoo / Shanachie
variety,9703,"March 3-9, 1997",Sky Cries Mary,Moonbathing On Sleeping Leaves,Warner Bros
variety,9703,"March 3-9, 1997",Beausoliel,L'Amour Ou La Folie,Rhino
variety,9703,"March 3-9, 1997",Serge Gainsbourg,"Comic Strip, Etc",Philips/ Mercury
variety,9703,"March 3-9, 1997",Pigeonhed,The Full Sentence,Sub Pop
variety,9703,"March 3-9, 1997",(Various),Sugar Hill Records Story,Rhino
variety,9703,"March 3-9, 1997",Marta Sebestyen,The Best Of Marta Sebestyen,Hannibal
variety,9703,"March 3-9, 1997",10 Cents,Everybody Wins,Angel Dust
variety,9703,"March 3-9, 1997",Critters Buggin,Host,Loose Groove
variety,9703,"March 3-9, 1997",Transglobal Underground,Psychic Karaoke,MCA
variety,9703,"March 3-9, 1997",Number One Cup,Wrecked By Lions,Flydaddy
variety,9703,"March 3-9, 1997",(Various),Les Voix Du Monde,Le Chant DuMonde
variety,9703,"March 3-9, 1997",DiskothiQ,Waterworld,Shrimper
variety,9703,"March 3-9, 1997",Choying Drolma/Steve Tibbitts,Cho,Hannibal
variety,9703,"March 3-9, 1997",Trans Am,Surrender To the Night,Thrill Jockey
variety,9703,"March 3-9, 1997",Snooky Pryor,Mind Your Own Business,Antone's / Discovery
variety,9703,"March 3-9, 1997",(Various),Liquid California: Sound Of The West Coast,Rampant
variety,9703,"March 3-9, 1997",Helmet,Aftertaste,Interscope
variety,9703,"March 3-9, 1997",Sidi Toure,Hoga,Stern's Africa
variety,9703,"March 3-9, 1997",3Ds,Strange News From The Angels,Flying Nun
variety,9703,"March 3-9, 1997",Etoile de Dakar,Vol 3 - Lay Suma Lay,Stern's Africa
variety,9703,"March 3-9, 1997",Mu-Ziq,"Urmur Bile Trax, Volume 1 & Volume 2",Astralwerks
variety,9703,"March 3-9, 1997",Twilight Circus,Other Worlds Of Dub,M
variety,9703,"March 3-9, 1997",(Various),Out Of The Gate Again,BJam
variety,9703,"March 3-9, 1997",Ghost,Lama Rabi Rabi,Drag City
variety,9703,"March 3-9, 1997",Huun-Huur-Tu,If I'd Been Born An Eagle,Shanachie
variety,9703,"March 3-9, 1997",Luther Guitar Junior Johnson,Doin' The Sugar Too,Bullseye
variety,9703,"March 3-9, 1997",Pram,Music For Your Movies,ae
variety,9703,"March 3-9, 1997",Dimitri From Paris,Sacrebleu,Yellow
variety,9703,"March 3-9, 1997",Alfredo Rodriguez,Cuba Linda,Hannibal
variety,9704,"March 31-April 6, 1997",Richard Buckner,Devotion + Doubt,MCA
variety,9704,"March 31-April 6, 1997",R L Burnside,Mr. Wizard,Fat Possum
variety,9704,"March 31-April 6, 1997",Elliott Smith,Either/Or,Kill Rock Stars
variety,9704,"March 31-April 6, 1997",Morphine,Like Swimming,Dreamworks/ Rykodisc
variety,9704,"March 31-April 6, 1997",Corey Harris,Fish Ain't Bitin',Alligator
variety,9704,"March 31-April 6, 1997",Blonde Redhead,Fake Can Be Just As Good,Touch & Go
variety,9704,"March 31-April 6, 1997",Natacha Atlas,Diaspora,MCA
variety,9704,"March 31-April 6, 1997",The Herbaliser,Blow Your Headphones,Ninja Tune
variety,9704,"March 31-April 6, 1997",Musicians Of The Nile,Charcoal Gypsies,Real World
variety,9704,"March 31-April 6, 1997",(Various),Dope On Plastic 4,React America
variety,9704,"March 31-April 6, 1997",The Sea And Cake,The Fawn,Thrill Jockey
variety,9704,"March 31-April 6, 1997",John Zorn,Bar Kokhba,Tzadik
variety,9704,"March 31-April 6, 1997",Pavement,Brighten The Corners,Matador
variety,9704,"March 31-April 6, 1997",(Various),Celtic Mouth Music,Ellipsis Arts
variety,9704,"March 31-April 6, 1997",Townes Van Zandt,Rear View Mirror,Sugar Hill
variety,9704,"March 31-April 6, 1997",(Various),Divine Divas,Rounder
variety,9704,"March 31-April 6, 1997",Baader Meinhof,Baader Meinhof,Hut
variety,9704,"March 31-April 6, 1997",(Various),Metalheadz Presents Platinum Breaks,FFRR
variety,9704,"March 31-April 6, 1997",Damien Jurado,Waters Ave S,Sub Pop
variety,9704,"March 31-April 6, 1997",Mari Boine,Radiant Warmth,Antilles / Verve
variety,9704,"March 31-April 6, 1997",Rollins Band,Come In And Burn,DreamWorks
variety,9704,"March 31-April 6, 1997",Palace Music,Lost Blues And Other Songs,Drag City
variety,9704,"March 31-April 6, 1997",Nick Cave,The Boatman's Call,Reprise
variety,9704,"March 31-April 6, 1997",Derek Bailey,"Guitar, Drums 'n Bass",Avant
variety,9704,"March 31-April 6, 1997",The Backsliders,Throwin' Rocks At The Moon,Mammoth
variety,9704,"March 31-April 6, 1997",Cash Money,Black Hearts & Broken Wills,Touch And Go
variety,9704,"March 31-April 6, 1997",Bad Livers,Hogs On The Highway,Sugar Hill
variety,9704,"March 31-April 6, 1997",(Various),Sacred Steel,Arhoolie
variety,9704,"March 31-April 6, 1997",Supersuckers,Must've Been High,Sub Pop
variety,9704,"March 31-April 6, 1997",(Various),Straight Outta Boone County,Bloodshot
variety,9704,"March 31-April 6, 1997",Junk,Continuation Of Madness,Faffco
variety,9704,"March 31-April 6, 1997",Charlie Parker,Yardbird Suite,Rhino
variety,9704,"March 31-April 6, 1997",Deus,"In A Bar, Under The Sea",Island
variety,9704,"March 31-April 6, 1997",(Various),"Secret Museum Of Mankind, Vol 4",Yazoo
variety,9704,"March 31-April 6, 1997",The Vidalias,Stayin' In The Doghouse,Upstart
variety,9704,"March 31-April 6, 1997",Swell,Too Many Days Without Thinking,Beggars Banquet
variety,9704,"March 31-April 6, 1997",OP8,Slush,Thirsty Ear
variety,9704,"March 31-April 6, 1997",Jack Ingram,Livin' Or Dyin',Rising Tide
variety,9704,"March 31-April 6, 1997",Red Red Meat,There's A Star Above The Manger Tonight,Sub Pop
variety,9704,"March 31-April 6, 1997",Smokey Wilson,The Man From Mars,Bullseye
variety,9704,"March 31-April 6, 1997",Aiyb Dieng,Rhythmagick,Subharmonic
variety,9704,"March 31-April 6, 1997",Serge Gainsbourg,"Comic Strip, Etc",Philips/ Mercury
variety,9704,"March 31-April 6, 1997",(Various),Klezmania,Shanachie
variety,9704,"March 31-April 6, 1997",David Shea/D J Grasshoppa,Down River Up Stream!,Downsail
variety,9704,"March 31-April 6, 1997",Run On,No Way,Matador
variety,9704,"March 31-April 6, 1997",Joseph Arthur,Big City Secrets,Real World
variety,9704,"March 31-April 6, 1997",Tipsy,The Seductive Sounds Of Tipsy,Asphodel
variety,9704,"March 31-April 6, 1997",Jade Bridge,Ambush On All Sides,Henry Street
variety,9704,"March 31-April 6, 1997",Helmet,Aftertaste,Interscope
variety,9704,"March 31-April 6, 1997",(Various),The Wheels Of The World,Yazoo / Shanachie
variety,9704,"March 31-April 6, 1997",Sky Cries Mary,Moonbathing On Sleeping Leaves,Warner Bros
variety,9704,"March 31-April 6, 1997",(Various),Audio Alchemy,Ubiquity
variety,9704,"March 31-April 6, 1997",10 Cents,Everybody Wins,Angel Dust
variety,9704,"March 31-April 6, 1997",Asylum Street Spankers,Spanks For The Memories,Watermelon
variety,9704,"March 31-April 6, 1997",(Various),Sugar Hill Records Story,Rhino
variety,9704,"March 31-April 6, 1997",Transglobal Underground,Psychic Karaoke,MCA
variety,9704,"March 31-April 6, 1997",Number One Cup,Wrecked By Lions,Flydaddy
variety,9704,"March 31-April 6, 1997",Spearhead,Chocolate Supa Highway,Capitol
variety,9704,"March 31-April 6, 1997",Marta Sebestyen,The Best Of Marta Sebestyen,Hannibal
variety,9704,"March 31-April 6, 1997",3Ds,Strange News From The Angels,Flying Nun
variety,9705,"April 28-May 4, 1997",The Chemical Brothers,Dig Your Own Hole,Astralwerks
variety,9705,"April 28-May 4, 1997",Son Volt,Straightaways,Warner Bros
variety,9705,"April 28-May 4, 1997",Cubanismo!,Malembe,Hannibal
variety,9705,"April 28-May 4, 1997",Sleater-Kinney,Dig Me Out,Kill Rock Stars
variety,9705,"April 28-May 4, 1997",(Various),2 Heavyweight,Blood & Fire
variety,9705,"April 28-May 4, 1997",Corey Harris,Fish Ain't Bitin',Alligator
variety,9705,"April 28-May 4, 1997",Jim White,Wrong-Eyed Jesus!,Luaka Bop / Warner Bros
variety,9705,"April 28-May 4, 1997",Belle And Sebastian,If You're Feeling Sinister,The Enclave
variety,9705,"April 28-May 4, 1997",(Various),Artcore 3,React America
variety,9705,"April 28-May 4, 1997",Marc Olsen,Tunnel Songs,My Own Planet
variety,9705,"April 28-May 4, 1997",The Sea And Cake,The Fawn,Thrill Jockey
variety,9705,"April 28-May 4, 1997",Elliott Smith,Either/Or,Kill Rock Stars
variety,9705,"April 28-May 4, 1997",Archive,Londinium,Island UK
variety,9705,"April 28-May 4, 1997",Richard Buckner,Devotion + Doubt,MCA
variety,9705,"April 28-May 4, 1997",Blonde Redhead,Fake Can Be Just As Good,Touch & Go
variety,9705,"April 28-May 4, 1997",(Various),Straight Outta Boone County,Bloodshot
variety,9705,"April 28-May 4, 1997",R L Burnside,Mr. Wizard,Fat Possum
variety,9705,"April 28-May 4, 1997",Morphine,Like Swimming,Dreamworks/ Rykodisc
variety,9705,"April 28-May 4, 1997",Natacha Atlas,Diaspora,MCA
variety,9705,"April 28-May 4, 1997",(Various),Dope On Plastic 4,React America
variety,9705,"April 28-May 4, 1997",Tarnation,Mirador,Reprise
variety,9705,"April 28-May 4, 1997",Volume All*Star,Close Encounters Of The Bump And Grind,Slabco
variety,9705,"April 28-May 4, 1997",Beth Orton,Trailer Park,Dedicated / Heavenly
variety,9705,"April 28-May 4, 1997",Junior Kimbrough,Most Things Haven't Worked Out,Fat Possum / Capricorn
variety,9705,"April 28-May 4, 1997",Palace Music,Lost Blues And Other Songs,Drag City
variety,9705,"April 28-May 4, 1997",Henry Threadgill,Where's Your Cup?,Columbia
variety,9705,"April 28-May 4, 1997",Volebeats,Sky And The Ocean,Safe House
variety,9705,"April 28-May 4, 1997",Quasi,R & B Transmogrification,Up
variety,9705,"April 28-May 4, 1997",(Various),Kerouac - Kicks Joy Darkness,Rykodisc
variety,9705,"April 28-May 4, 1997",Tranquility Bass,Let The Freak Flag Fly,Astralwerks
variety,9705,"April 28-May 4, 1997",Steve Riley,Friday At Last,Swallow
variety,9705,"April 28-May 4, 1997",The Klezmatics,Possessed,Xenophile
variety,9705,"April 28-May 4, 1997",Derek Bailey,"Guitar, Drums 'n Bass",Avant
variety,9705,"April 28-May 4, 1997",We,As Is,Asphodel
variety,9705,"April 28-May 4, 1997",Cash Money,Black Hearts & Broken Wills,Touch And Go
variety,9705,"April 28-May 4, 1997",Supersuckers,Must've Been High,Sub Pop
variety,9705,"April 28-May 4, 1997",Khac Chi Ensemble,Moonlight In Vietnam,Henry Street
variety,9705,"April 28-May 4, 1997",Jo-El Sonnier,Cajun Pride,Rounder
variety,9705,"April 28-May 4, 1997",Deus,"In A Bar, Under The Sea",Island
variety,9705,"April 28-May 4, 1997",Charlie Parker,Yardbird Suite,Rhino
variety,9705,"April 28-May 4, 1997",Jade Bridge,Ambush On All Sides,Henry Street
variety,9705,"April 28-May 4, 1997",The Herbaliser,Blow Your Headphones,Ninja Tune
variety,9705,"April 28-May 4, 1997",(Various),Sacred Steel,Arhoolie
variety,9705,"April 28-May 4, 1997",Junk,Continuation Of Madness,Faffco
variety,9705,"April 28-May 4, 1997",Rollins Band,Come In And Burn,DreamWorks
variety,9705,"April 28-May 4, 1997",Spearhead,Chocolate Supa Highway,Capitol
variety,9705,"April 28-May 4, 1997",(Various),Klezmania,Shanachie
variety,9705,"April 28-May 4, 1997",Joseph Arthur,Big City Secrets,Real World
variety,9705,"April 28-May 4, 1997",Swell,Too Many Days Without Thinking,Beggars Banquet
variety,9705,"April 28-May 4, 1997",Jack Ingram,Livin' Or Dyin',Rising Tide
variety,9705,"April 28-May 4, 1997",Smokey Wilson,The Man From Mars,Bullseye
variety,9705,"April 28-May 4, 1997",David Shea/D J Grasshoppa,Down River Up Stream!,Downsail
variety,9705,"April 28-May 4, 1997",OP8,Slush,Thirsty Ear
variety,9705,"April 28-May 4, 1997",Nick Cave,The Boatman's Call,Reprise
variety,9705,"April 28-May 4, 1997",(Various),Audio Alchemy,Ubiquity
variety,9705,"April 28-May 4, 1997",Aiyb Dieng,Rhythmagick,Subharmonic
variety,9705,"April 28-May 4, 1997",Run On,No Way,Matador
variety,9705,"April 28-May 4, 1997",Tipsy,The Seductive Sounds Of Tipsy,Asphodel
variety,9705,"April 28-May 4, 1997",(Various),"Secret Museum Of Mankind, Vol 4",Yazoo
variety,9705,"April 28-May 4, 1997",Al Hood/Michael Davenport,Friends,Alea
variety,9706,"June 2-8, 1997",Pete Krebs,Western Electric,Cavity Search
variety,9706,"June 2-8, 1997",Sleater-Kinney,Dig Me Out,Kill Rock Stars
variety,9706,"June 2-8, 1997",Edith Frost,Calling Over Time,Drag City
variety,9706,"June 2-8, 1997",(Various),Sweet Mother: Free Activation Series No. 1,Sub Pop
variety,9706,"June 2-8, 1997",Hedningarna,Hippjokk,Northside
variety,9706,"June 2-8, 1997",Junior Kimbrough,Most Things Haven't Worked Out,Fat Possum / Capricorn
variety,9706,"June 2-8, 1997",Cubanismo!,Malembe,Hannibal
variety,9706,"June 2-8, 1997",The Chemical Brothers,Dig Your Own Hole,Astralwerks
variety,9706,"June 2-8, 1997",Son Volt,Straightaways,Warner Bros
variety,9706,"June 2-8, 1997",Yo La Tango,I Hear The Heart Beating As One,Matador
variety,9706,"June 2-8, 1997",Amon Tobin,Bricolage,Ninja Tune
variety,9706,"June 2-8, 1997",Silkworm,Developer,Matador
variety,9706,"June 2-8, 1997",(Various),A New Breed Of Dub,Shiver / Southern
variety,9706,"June 2-8, 1997",Tarnation,Mirador,Reprise
variety,9706,"June 2-8, 1997",Belle And Sebastian,If You're Feeling Sinister,The Enclave
variety,9706,"June 2-8, 1997",Marc Olsen,Tunnel Songs,My Own Planet
variety,9706,"June 2-8, 1997",(Various),2 Heavyweight,Blood & Fire
variety,9706,"June 2-8, 1997",(Various),Blame Presents Logical Progression: Level 2,FFRR
variety,9706,"June 2-8, 1997",Corey Harris,Fish Ain't Bitin',Alligator
variety,9706,"June 2-8, 1997",Jim White,Wrong-Eyed Jesus!,Luaka Bop / Warner Bros
variety,9706,"June 2-8, 1997",Cuban Gold 3,El Mambo Me Priva!,Qbadisc
variety,9706,"June 2-8, 1997",Travis County Pickin',Travis County Pickin',Hightone
variety,9706,"June 2-8, 1997",Hooverphonic,A New Stereophonic Sound Spectacular,Epic
variety,9706,"June 2-8, 1997",Golden Delicious,Old School,Cavity Search
variety,9706,"June 2-8, 1997",Snooze,The Man In The Shadow,SSR Freezone/ Crammed Discs
variety,9706,"June 2-8, 1997",Can,Sacrilege,Mute
variety,9706,"June 2-8, 1997",Thievery Corporation,Sounds From The Thievery Hi-Fi,18th Street Lounge
variety,9706,"June 2-8, 1997",Bill Frisell,Nashville,Nonesuch
variety,9706,"June 2-8, 1997",(Various),Sourcelab 3,Caroline
variety,9706,"June 2-8, 1997",(Various),White Elephants & Golden Ducks,Shanachie
variety,9706,"June 2-8, 1997",(Various),Lysergic Factory,SSR Freezone/ Crammed Discs
variety,9706,"June 2-8, 1997",Volume All*Star,Close Encounters Of The Bump And Grind,Slabco
variety,9706,"June 2-8, 1997",Beth Orton,Trailer Park,Dedicated / Heavenly
variety,9706,"June 2-8, 1997",D'Gary,Mbo Loza,Label Bleu
variety,9706,"June 2-8, 1997",Prince Charming,Psychotropical Heatwave,WordSound
variety,9706,"June 2-8, 1997",Smog,Red Apple Falls,Drag City
variety,9706,"June 2-8, 1997",Hoven Droven,Groove,Northside
variety,9706,"June 2-8, 1997",(Various),Deep Concentration,Om
variety,9706,"June 2-8, 1997",The Bevis Frond,Son Of Walter,Flydaddy
variety,9706,"June 2-8, 1997",Mark Eitzel,West,Warner Bros
variety,9706,"June 2-8, 1997",Abida Parveen,Best Of Abida Parveen,Shanachie
variety,9706,"June 2-8, 1997",Henry Threadgill,Where's Your Cup?,Columbia
variety,9706,"June 2-8, 1997",Archive,Londinium,Island UK
variety,9706,"June 2-8, 1997",The Klezmatics,Possessed,Xenophile
variety,9706,"June 2-8, 1997",(Various),"Ultra-Lounge, Vols 13-18",Capitol
variety,9706,"June 2-8, 1997",Jo-El Sonnier,Cajun Pride,Rounder
variety,9706,"June 2-8, 1997",Quasi,R & B Transmogrification,Up
variety,9706,"June 2-8, 1997",(Various),Promised Land Volume One,Mutant Sound System
variety,9706,"June 2-8, 1997",World Saxophone Quartet,Takin' It 2 The Next Level,Justin Time
variety,9706,"June 2-8, 1997",(Various),Kerouac - Kicks Joy Darkness,Rykodisc
variety,9706,"June 2-8, 1997",Tranquility Bass,Let The Freak Flag Fly,Astralwerks
variety,9706,"June 2-8, 1997",Volebeats,Sky And The Ocean,Safe House
variety,9706,"June 2-8, 1997",Steve Riley,Friday At Last,Swallow
variety,9706,"June 2-8, 1997",(Various),Artcore 3,React America
variety,9706,"June 2-8, 1997",Hooker o.k,Hooker o.k,Sweet Pea
variety,9706,"June 2-8, 1997",Palace Music,Lost Blues And Other Songs,Drag City
variety,9706,"June 2-8, 1997",Khac Chi Ensemble,Moonlight In Vietnam,Henry Street
variety,9706,"June 2-8, 1997",We,As Is,Asphodel
variety,9706,"June 2-8, 1997",Cash Money,Black Hearts & Broken Wills,Touch And Go
variety,9706,"June 2-8, 1997",Junk,Continuation Of Madness,Faffco
variety,9707,"June 30-July 6, 1997",Old 97s,Too Far To Care,Elektra
variety,9707,"June 30-July 6, 1997",Wu-Tang Clan,Wu-Tang Forever,Loud
variety,9707,"June 30-July 6, 1997",T-Model Ford,Pee-Wee Get My Gun,Fat Possum
variety,9707,"June 30-July 6, 1997",Ben Harper,The Will To Live,Virgin
variety,9707,"June 30-July 6, 1997",Tindersticks,Curtains,Quicksilver
variety,9707,"June 30-July 6, 1997",Rebirth Brass Band,We Come To Party,Shanachie
variety,9707,"June 30-July 6, 1997",Tom Leach,Tom Leach,Slow River
variety,9707,"June 30-July 6, 1997",Hedningarna,Hippjokk,Northside
variety,9707,"June 30-July 6, 1997",Blue Mountain,Homegrown,Roadrunner
variety,9707,"June 30-July 6, 1997",(Various),Sweet Mother: Free Activation Series No. 1,Sub Pop
variety,9707,"June 30-July 6, 1997",Grace Braun,It Won't Hurt,Slow River
variety,9707,"June 30-July 6, 1997",Pete Krebs,Western Electric,Cavity Search
variety,9707,"June 30-July 6, 1997",Amon Tobin,Bricolage,Ninja Tune
variety,9707,"June 30-July 6, 1997",Twenty Miles,Twenty Miles,Fat Possum
variety,9707,"June 30-July 6, 1997",Yo La Tango,I Hear The Heart Beating As One,Matador
variety,9707,"June 30-July 6, 1997",(Various),A New Breed Of Dub,Shiver / Southern
variety,9707,"June 30-July 6, 1997",Edith Frost,Calling Over Time,Drag City
variety,9707,"June 30-July 6, 1997",Cubanismo!,Malembe,Hannibal
variety,9707,"June 30-July 6, 1997",Silkworm,Developer,Matador
variety,9707,"June 30-July 6, 1997",D'Gary,Mbo Loza,Label Bleu
variety,9707,"June 30-July 6, 1997",United Future Organization,3rd Perspective,Antilles
variety,9707,"June 30-July 6, 1997",Arto Lindsay,Mundo Civilizado,Bar/None
variety,9707,"June 30-July 6, 1997",Big Sandy & His Fly-Rite Boys,Feelin' Kinda Lucky,Hightone
variety,9707,"June 30-July 6, 1997",Radio Tarifa,Rumba Argelina,World Circuit/Nonesuch
variety,9707,"June 30-July 6, 1997",Barbara Manning,1212,Matador
variety,9707,"June 30-July 6, 1997",Travis County Pickin',Travis County Pickin',Hightone
variety,9707,"June 30-July 6, 1997",Spiritualized,Ladies And Gentlemen We Are Floating In Space,Dedicated / Arista
variety,9707,"June 30-July 6, 1997",Prodigy,The Fat Of The Land,Maverick/ Warner Bros
variety,9707,"June 30-July 6, 1997",Golden Delicious,Old School,Cavity Search
variety,9707,"June 30-July 6, 1997",Lida Husik,Fly Stereophonic,Alias
variety,9707,"June 30-July 6, 1997",Oumou Sangare,Worotan,World Circuit/Nonesuch
variety,9707,"June 30-July 6, 1997",(Various),Dubbed Out In DC,18th Street Lounge
variety,9707,"June 30-July 6, 1997",The Mountain Goats,Full Force Galesburg,Emperor Jones
variety,9707,"June 30-July 6, 1997",Wyclef Jean,The Carnival,Ruffhouse/ Columbia
variety,9707,"June 30-July 6, 1997",(Various),Sourcelab 3,Caroline
variety,9707,"June 30-July 6, 1997",Jason Morphew,Transparent,Ba Da Bing!
variety,9707,"June 30-July 6, 1997",Cheikh Lo,Ne La Thias,World Circuit/Nonesuch
variety,9707,"June 30-July 6, 1997",Wayne Horvitz,Monologue,Cavity Search
variety,9707,"June 30-July 6, 1997",Dick Dale,Better Shred Than Dead,Rhino
variety,9707,"June 30-July 6, 1997",Mahmoud Ahmed,Soul Of Addis,Stern's/Earthworks
variety,9707,"June 30-July 6, 1997",Smog,Red Apple Falls,Drag City
variety,9707,"June 30-July 6, 1997",Malika,Tarabu,Shanachie
variety,9707,"June 30-July 6, 1997",(Various),Anokha: Sounds Of The Asian Underground,Quango
variety,9707,"June 30-July 6, 1997",Sub Dub,Dancehall Malfunction,Asphodel
variety,9707,"June 30-July 6, 1997",Vinicius Cantuaria,Sol Na Cara,Gramavision
variety,9707,"June 30-July 6, 1997",(Various),Lysergic Factory,SSR Freezone/ Crammed Discs
variety,9707,"June 30-July 6, 1997",Cuban Gold 3,El Mambo Me Priva!,Qbadisc
variety,9707,"June 30-July 6, 1997",Snooze,The Man In The Shadow,SSR Freezone/ Crammed Discs
variety,9707,"June 30-July 6, 1997",The Bevis Frond,Son Of Walter,Flydaddy
variety,9707,"June 30-July 6, 1997",Abida Parveen,Best Of Abida Parveen,Shanachie
variety,9707,"June 30-July 6, 1997",Guided By Voices,Mag Earwhig!,Matador
variety,9707,"June 30-July 6, 1997",World Saxophone Quartet,Takin' It 2 The Next Level,Justin Time
variety,9707,"June 30-July 6, 1997",Beth Orton,Trailer Park,Dedicated / Heavenly
variety,9707,"June 30-July 6, 1997",Thievery Corporation,Sounds From The Thievery Hi-Fi,18th Street Lounge
variety,9707,"June 30-July 6, 1997",Mark Eitzel,West,Warner Bros
variety,9707,"June 30-July 6, 1997",Can,Sacrilege,Mute
variety,9707,"June 30-July 6, 1997",(Various),White Elephants & Golden Ducks,Shanachie
variety,9707,"June 30-July 6, 1997",Hooverphonic,A New Stereophonic Sound Spectacular,Epic
variety,9707,"June 30-July 6, 1997",(Various),"Ultra-Lounge, Vols 13-18",Capitol
variety,9707,"June 30-July 6, 1997",(Various),Blame Presents Logical Progression: Level 2,FFRR
variety,9708,"July 28-August 3, 1997",Whiskeytown,Strangers Almanac,Outpost
variety,9708,"July 28-August 3, 1997",The Valentine Six,The Valentine Six,PCP
variety,9708,"July 28-August 3, 1997",Old 97s,Too Far To Care,Elektra
variety,9708,"July 28-August 3, 1997",Yuri Yunakov Ensemble,New Colors In Bulgarian Traditional Wedding Music,Traditional Crossroads
variety,9708,"July 28-August 3, 1997",Broadcast,Work And Non Work,Drag City
variety,9708,"July 28-August 3, 1997",Wu-Tang Clan,Wu-Tang Forever,Loud
variety,9708,"July 28-August 3, 1997",Ben Harper,The Will To Live,Virgin
variety,9708,"July 28-August 3, 1997",(Various),African Troubadours,Shanachie
variety,9708,"July 28-August 3, 1997",Tindersticks,Curtains,Quicksilver
variety,9708,"July 28-August 3, 1997",Rebirth Brass Band,We Come To Party,Shanachie
variety,9708,"July 28-August 3, 1997",The Geraldine Fibbers Butch Virgin,,
variety,9708,"July 28-August 3, 1997",T-Model Ford,Pee-Wee Get My Gun,Fat Possum
variety,9708,"July 28-August 3, 1997",Blue Mountain,Homegrown,Roadrunner
variety,9708,"July 28-August 3, 1997",Tom Leach,Tom Leach,Slow River
variety,9708,"July 28-August 3, 1997",(Various),Freezone 4: Dangerous Lullibies,SSR Freezone/ Crammed Discs
variety,9708,"July 28-August 3, 1997",Twenty Miles,Twenty Miles,Fat Possum
variety,9708,"July 28-August 3, 1997",Lee Scratch Perry,Arkology,Island Lamaica
variety,9708,"July 28-August 3, 1997",Grace Braun,It Won't Hurt,Slow River
variety,9708,"July 28-August 3, 1997",Amon Tobin,Bricolage,Ninja Tune
variety,9708,"July 28-August 3, 1997",Hedningarna,Hippjokk,Northside
variety,9708,"July 28-August 3, 1997",Mel Henke,La Dolce Henke,Scamp
variety,9708,"July 28-August 3, 1997",Luke Vibert,Big Soup,Mo Wax /FFRR
variety,9708,"July 28-August 3, 1997",Billy Lee Riley,Hot Damn!,Capricorn
variety,9708,"July 28-August 3, 1997",Chris Ardoin,Gon' Be Jus' Fine,Rounder
variety,9708,"July 28-August 3, 1997",The High Llamas,Hawaii,Alpaca Park/V2
variety,9708,"July 28-August 3, 1997",Beanfield,Beanfield,Compost
variety,9708,"July 28-August 3, 1997",Spiritualized,Ladies And Gentlemen We Are Floating In Space,Dedicated / Arista
variety,9708,"July 28-August 3, 1997",HIM,Interpretive Belief System,WordSound
variety,9708,"July 28-August 3, 1997",Big Sandy & His Fly-Rite Boys,Feelin' Kinda Lucky,Hightone
variety,9708,"July 28-August 3, 1997",Horace Andy,Good Vibes,Blood & Fire
variety,9708,"July 28-August 3, 1997",Long John Hunter,Swinging From The Rafters,Alligator
variety,9708,"July 28-August 3, 1997",Dissolve,Third Album For The Sun,Kranky
variety,9708,"July 28-August 3, 1997",Arto Lindsay,Mundo Civilizado,Bar/None
variety,9708,"July 28-August 3, 1997",United Future Organization,3rd Perspective,Antilles
variety,9708,"July 28-August 3, 1997",Travis County Pickin',Travis County Pickin',Hightone
variety,9708,"July 28-August 3, 1997",Barbara Manning,1212,Matador
variety,9708,"July 28-August 3, 1997",(Various),Son De Santiago,Corason
variety,9708,"July 28-August 3, 1997",(Various),Sourcelab 3,Caroline
variety,9708,"July 28-August 3, 1997",Orquestra Aragon,Cha Cha Charanga!,Candela/ Tinder
variety,9708,"July 28-August 3, 1997",Lida Husik,Fly Stereophonic,Alias
variety,9708,"July 28-August 3, 1997",Oumou Sangare,Worotan,World Circuit/Nonesuch
variety,9708,"July 28-August 3, 1997",P.W. Long's Reelfoot,We Didn't See You On Sunday,Touch & Go
variety,9708,"July 28-August 3, 1997",Malika,Tarabu,Shanachie
variety,9708,"July 28-August 3, 1997",Octal,Octal,Space Age
variety,9708,"July 28-August 3, 1997",Wayne Horvitz,Monologue,Cavity Search
variety,9708,"July 28-August 3, 1997",Dick Dale,Better Shred Than Dead,Rhino
variety,9708,"July 28-August 3, 1997",The Mountain Goats,Full Force Galesburg,Emperor Jones
variety,9708,"July 28-August 3, 1997",Wyclef Jean,The Carnival,Ruffhouse/ Columbia
variety,9708,"July 28-August 3, 1997",(Various),Anokha: Sounds Of The Asian Underground,Quango
variety,9708,"July 28-August 3, 1997",Jason Morphew,Transparent,Ba Da Bing!
variety,9708,"July 28-August 3, 1997",Prodigy,The Fat Of The Land,Maverick/ Warner Bros
variety,9708,"July 28-August 3, 1997",(Various),Water Communication,Swim
variety,9708,"July 28-August 3, 1997",Radio Tarifa,Rumba Argelina,World Circuit/Nonesuch
variety,9708,"July 28-August 3, 1997",Snooze,The Man In The Shadow,SSR Freezone/ Crammed Discs
variety,9708,"July 28-August 3, 1997",Vinicius Cantuaria,Sol Na Cara,Gramavision
variety,9708,"July 28-August 3, 1997",(Various),Dubbed Out In DC,18th Street Lounge
variety,9708,"July 28-August 3, 1997",Mahmoud Ahmed,Soul Of Addis,Stern's/Earthworks
variety,9708,"July 28-August 3, 1997",Faceless,Faceless,Mutant Sound System
variety,9708,"July 28-August 3, 1997",(Various),Lysergic Factory,SSR Freezone/ Crammed Discs
variety,9708,"July 28-August 3, 1997",Cheikh Lo,Ne La Thias,World Circuit/Nonesuch
variety,9709,"September 1-7, 1997",The Blue Rags,Rag-N-Roll,Sub Pop
variety,9709,"September 1-7, 1997",Wayne Hancock,That's What Daddy Wants,Ark 21
variety,9709,"September 1-7, 1997",Jeb Loy Nichols,Lovers Knot,Capitol
variety,9709,"September 1-7, 1997",Citizens' Utilities,No More Medicine,Mute
variety,9709,"September 1-7, 1997",Bill Fox,Shelter From The Smoke,Cherry Pop
variety,9709,"September 1-7, 1997",The Delta 72,Soul Of A New Machine,Touch & Go
variety,9709,"September 1-7, 1997",New Birth Brass Band,D-Boy,NYNO
variety,9709,"September 1-7, 1997",Greg Garing,Alone,Paladin / Revolution
variety,9709,"September 1-7, 1997",Mu-Ziq,Lunatic Harness,Astralwerks
variety,9709,"September 1-7, 1997",Whiskeytown,Strangers Almanac,Outpost
variety,9709,"September 1-7, 1997",Broadcast,Work And Non Work,Drag City
variety,9709,"September 1-7, 1997",The Valentine Six,The Valentine Six,PCP
variety,9709,"September 1-7, 1997",Waaberi,New Dawn,Real World
variety,9709,"September 1-7, 1997",Spectrum,Forever Alien,Reprise
variety,9709,"September 1-7, 1997",(Various),African Troubadours,Shanachie
variety,9709,"September 1-7, 1997",Lee Scratch Perry,Arkology,Island Lamaica
variety,9709,"September 1-7, 1997",(Various),East-Westercism,Blue Angel
variety,9709,"September 1-7, 1997",Yuri Yunakov Ensemble,New Colors In Bulgarian Traditional Wedding Music,Traditional Crossroads
variety,9709,"September 1-7, 1997",The Geraldine Fibbers,Butch,Virgin
variety,9709,"September 1-7, 1997",(Various),Freezone 4: Dangerous Lullibies,SSR Freezone/ Crammed Discs
variety,9709,"September 1-7, 1997",Royal Fingerbowl,"Happy Birthday, Sabo!",TVT
variety,9709,"September 1-7, 1997",Superchunk,Indoor Living,Merge
variety,9709,"September 1-7, 1997",Ornette + Joachim Kuhn,Colors,Harmolodic / Verve
variety,9709,"September 1-7, 1997",Kelly Joe Phelps,Roll Away The Stone,Rykodisc
variety,9709,"September 1-7, 1997",Mouse On Mars,Autoditacker,Thrill Jockey
variety,9709,"September 1-7, 1997",(Various),Great Jewish Music: Burt Bachrach,Tzadik
variety,9709,"September 1-7, 1997",Bottle Rockets,24 Hours A Day,Atlantic
variety,9709,"September 1-7, 1997",Oblivians,Play 9 Songs With Mr Quitron,Crypt
variety,9709,"September 1-7, 1997",DK3,Neutrons,Quarterstick
variety,9709,"September 1-7, 1997",Eric Matthews,Lateness Of The Hour,Sub Pop
variety,9709,"September 1-7, 1997",Mel Henke,La Dolce Henke,Scamp
variety,9709,"September 1-7, 1997",Pierre Henry/Michel Colombier,Metamorphose,FFRR
variety,9709,"September 1-7, 1997",Two Dollar Pistols,On Down The Track,Scrimshaw
variety,9709,"September 1-7, 1997",Photek,Modus Operandi,Astralwerks
variety,9709,"September 1-7, 1997",Tom House,The Neighborhood Is Changing,Checkered Past
variety,9709,"September 1-7, 1997",Harvey Danger,Where Have All The Merry Men Gone,Arena Rock
variety,9709,"September 1-7, 1997",6 String Drag,High Hat,E-Squared
variety,9709,"September 1-7, 1997",DJ's Wally & Swingsett,Dog Leg Left,Ubiquity
variety,9709,"September 1-7, 1997",(Various),Offering,!K7
variety,9709,"September 1-7, 1997",Horace Andy,Good Vibes,Blood & Fire
variety,9709,"September 1-7, 1997",Chris Ardoin,Gon' Be Jus' Fine,Rounder
variety,9709,"September 1-7, 1997",The High Llamas,Hawaii,Alpaca Park/V2
variety,9709,"September 1-7, 1997",Dissolve,Third Album For The Sun,Kranky
variety,9709,"September 1-7, 1997",Fabulous Thunderbirds,High Water,High Street
variety,9709,"September 1-7, 1997",Beanfield,Beanfield,Compost
variety,9709,"September 1-7, 1997",Long John Hunter,Swinging From The Rafters,Alligator
variety,9709,"September 1-7, 1997",P.W. Long's Reelfoot,We Didn't See You On Sunday,Touch & Go
variety,9709,"September 1-7, 1997",Land,Archipeligo,Periplum
variety,9709,"September 1-7, 1997",Orquestra Aragon,Cha Cha Charanga!,Candela/ Tinder
variety,9709,"September 1-7, 1997",Luke Vibert,Big Soup,Mo Wax /FFRR
variety,9709,"September 1-7, 1997",Billy Lee Riley,Hot Damn!,Capricorn
variety,9709,"September 1-7, 1997",(Various),Son De Santiago,Corason
variety,9709,"September 1-7, 1997",(Various),Amps For Christ And Two Ambiguous Figures,Shrimper
variety,9709,"September 1-7, 1997",Oumou Sangare,Worotan,World Circuit/Nonesuch
variety,9709,"September 1-7, 1997",HIM,Interpretive Belief System,WordSound
variety,9709,"September 1-7, 1997",The Mountain Goats,Full Force Galesburg,Emperor Jones
variety,9709,"September 1-7, 1997",Arto Lindsay,Mundo Civilizado,Bar/None
variety,9709,"September 1-7, 1997",(Various),Water Communication,Swim
variety,9709,"September 1-7, 1997",Wyclef Jean,The Carnival,Ruffhouse/ Columbia
variety,9709,"September 1-7, 1997",Radio Tarifa,Rumba Argelina,World Circuit/Nonesuch
variety,9710,"September 29-October 5, 1997",Portishead,Portishead,Go! Beat / London
variety,9710,"September 29-October 5, 1997",Cornershop,When I was Born For The 7th Time,Luaka Bop / Warner Bros
variety,9710,"September 29-October 5, 1997",Lonesome Bob,Things Fall Apart,Checkered Past
variety,9710,"September 29-October 5, 1997",Royal Fingerbowl,"Happy Birthday, Sabo!",TVT
variety,9710,"September 29-October 5, 1997",Laika,Sounds Of The Satellites,Sire
variety,9710,"September 29-October 5, 1997",Afro-Cuban All Stars,A Toda Cuba La Gusta,World Circuit/Nonesuch
variety,9710,"September 29-October 5, 1997",Loop Guru,Loop Bites Dog,World Domination
variety,9710,"September 29-October 5, 1997",Wayne Hancock,That's What Daddy Wants,Ark 21
variety,9710,"September 29-October 5, 1997",Matthew Shipp Duo,Thesis,Hat Hut
variety,9710,"September 29-October 5, 1997",Jeb Loy Nichols,Lovers Knot,Capitol
variety,9710,"September 29-October 5, 1997",New Birth Brass Band,D-Boy,NYNO
variety,9710,"September 29-October 5, 1997",Bill Fox,Shelter From The Smoke,Cherry Pop
variety,9710,"September 29-October 5, 1997",Citizens' Utilities,No More Medicine,Mute
variety,9710,"September 29-October 5, 1997",(Various),"The Future Sound Of Jazz, Volume 4",Compost
variety,9710,"September 29-October 5, 1997",The Delta 72,Soul Of A New Machine,Touch & Go
variety,9710,"September 29-October 5, 1997",Waco Brothers,Do You think About Me?,Bloodshot
variety,9710,"September 29-October 5, 1997",Helium,The Magic City,Matador
variety,9710,"September 29-October 5, 1997",The Blue Rags,Rag-N-Roll,Sub Pop
variety,9710,"September 29-October 5, 1997",Waaberi,New Dawn,Real World
variety,9710,"September 29-October 5, 1997",Ornette + Joachim Kuhn,Colors,Harmolodic / Verve
variety,9710,"September 29-October 5, 1997",Pizzacato Five,Happy End Of The World,Matador
variety,9710,"September 29-October 5, 1997",Coldcut,Let Us Play!,Ninja Tune
variety,9710,"September 29-October 5, 1997",Stereolab,Dots And Loops,Elektra
variety,9710,"September 29-October 5, 1997",Kelly Joe Phelps,Roll Away The Stone,Rykodisc
variety,9710,"September 29-October 5, 1997",Chris Knox,Yes!!,Flying Nun
variety,9710,"September 29-October 5, 1997",(Various),Ska Island,Island
variety,9710,"September 29-October 5, 1997",Jessamine,Jessamine,Histrionic
variety,9710,"September 29-October 5, 1997",Susana Baca,Susana Baca,Luaka Bop / Warner Bros
variety,9710,"September 29-October 5, 1997",(Various),Audio Alchemy 2,Ubiquity
variety,9710,"September 29-October 5, 1997",Superchunk,Indoor Living,Merge
variety,9710,"September 29-October 5, 1997",Stinkhorn,Stinkhorn,Self-Released
variety,9710,"September 29-October 5, 1997",A Forest Mighty Black,Mellowdramatic,Compost
variety,9710,"September 29-October 5, 1997",Bonga,Angola 72,Tinder
variety,9710,"September 29-October 5, 1997",(Soundtrack),The End Of Violence,Outpost
variety,9710,"September 29-October 5, 1997",Oblivians,Play 9 Songs With Mr Quitron,Crypt
variety,9710,"September 29-October 5, 1997",Spring Jack Heel,Busy Curious Thirsty,Island
variety,9710,"September 29-October 5, 1997",Bottle Rockets,24 Hours A Day,Atlantic
variety,9710,"September 29-October 5, 1997",Bill Laswell Meets Style Scott,Inna Dub Meltdown,WordSound
variety,9710,"September 29-October 5, 1997",Fred McDowell,The First Recordings,Rounder
variety,9710,"September 29-October 5, 1997",The Skatalites,Foundation Ska,Heartbeat
variety,9710,"September 29-October 5, 1997",(Various),Great Jewish Music: Burt Bachrach,Tzadik
variety,9710,"September 29-October 5, 1997",Morikeba Kouyata,Music Of Senegal,Traditional Crossroads
variety,9710,"September 29-October 5, 1997",Tom House,The Neighborhood Is Changing,Checkered Past
variety,9710,"September 29-October 5, 1997",Kruder & Dorfmeister,DJ Kicks,!K7
variety,9710,"September 29-October 5, 1997",David Kilgour,David Kilgour & The Heavy Eights,Flying Nun
variety,9710,"September 29-October 5, 1997",Ray Charles,Genius & Soul,Rhino
variety,9710,"September 29-October 5, 1997",Photek,Modus Operandi,Astralwerks
variety,9710,"September 29-October 5, 1997",Jim O'Rourke,Bad Timing,Drag City
variety,9710,"September 29-October 5, 1997",DK3,Neutrons,Quarterstick
variety,9710,"September 29-October 5, 1997",6 String Drag,High Hat,E-Squared
variety,9710,"September 29-October 5, 1997",Howie B,Turn The Dark Off,Island
variety,9710,"September 29-October 5, 1997",Eric Matthews,Lateness Of The Hour,Sub Pop
variety,9710,"September 29-October 5, 1997",(Various),"Island 40th, Volume 1, 1959-64: Ska's The Limit",Island
variety,9710,"September 29-October 5, 1997",(Various),"Island 40th, Volume 2, 1965-69: Rhythm & Blues Beat",Island
variety,9710,"September 29-October 5, 1997",Mouse On Mars,Autoditacker,Thrill Jockey
variety,9710,"September 29-October 5, 1997",Sportsguitar,"Married, 3 Kids",Matador
variety,9710,"September 29-October 5, 1997",DJ's Wally & Swingsett,Dog Leg Left,Ubiquity
variety,9710,"September 29-October 5, 1997",Gregory Isaacs,Dance Curfew,Acid Jazz/ Hollywood
variety,9710,"September 29-October 5, 1997",Pierre Henry/Michel Colombier,Metamorphose,FFRR
variety,9710,"September 29-October 5, 1997",Spectrum,Forever Alien,Reprise
variety,9710,"September 29-October 5, 1997",Fabulous Thunderbirds,High Water,High Street
variety,9711,"October 27-November 2, 1997",Portishead,Portishead,Go! Beat / London
variety,9711,"October 27-November 2, 1997",Bob Dylan,Time Out Of Mind,Columbia
variety,9711,"October 27-November 2, 1997",Ray Condo And His Ricochets,Door To Door Maniac,Joaquin
variety,9711,"October 27-November 2, 1997",(Various),In The Red Zone: The Essential Collection Of Classic Dub,Shanachie
variety,9711,"October 27-November 2, 1997",Fred Eaglesmith,Lipstick Lies & Gasoline,Razor & Tie
variety,9711,"October 27-November 2, 1997",Afro-Cuban All Stars,A Toda Cuba La Gusta,World Circuit/Nonesuch
variety,9711,"October 27-November 2, 1997",Steve Earle,El Corazon,Warner Bros
variety,9711,"October 27-November 2, 1997",Laika,Sounds Of The Satellites,Sire
variety,9711,"October 27-November 2, 1997",David Holmes,Let's Get Killed,Go! Beat /1500
variety,9711,"October 27-November 2, 1997",Lonesome Bob,Things Fall Apart,Checkered Past
variety,9711,"October 27-November 2, 1997",(Various),Cup Of Tea Records: Another Compilation,Iron America
variety,9711,"October 27-November 2, 1997",Cornershop,When I was Born For The 7th Time,Luaka Bop / Warner Bros
variety,9711,"October 27-November 2, 1997",New Orleans Klezmer Allstars,The Big Kibosh,Shanachie
variety,9711,"October 27-November 2, 1997",Matthew Shipp Duo,Thesis,Hat Hut
variety,9711,"October 27-November 2, 1997",Helium,The Magic City,Matador
variety,9711,"October 27-November 2, 1997",(Various),"The Future Sound Of Jazz, Volume 4",Compost
variety,9711,"October 27-November 2, 1997",Bill Fox,Shelter From The Smoke,Cherry Pop
variety,9711,"October 27-November 2, 1997",Ornette + Joachim Kuhn,Colors,Harmolodic / Verve
variety,9711,"October 27-November 2, 1997",Loop Guru,Loop Bites Dog,World Domination
variety,9711,"October 27-November 2, 1997",New Birth Brass Band,D-Boy,NYNO
variety,9711,"October 27-November 2, 1997",Jas. Mathus And His Knock-Down Society,Plays Songs For Rosetta,Mammoth
variety,9711,"October 27-November 2, 1997",Fatal Mambo,Fatal Mambo,Tinder
variety,9711,"October 27-November 2, 1997",Sonny Treadway,Jesus Will Fix It!,Arhoolie
variety,9711,"October 27-November 2, 1997",The Lynnfield Pioneers,Emerge,Matador
variety,9711,"October 27-November 2, 1997",Robbie Fulks,South Mouth,Bloodshot
variety,9711,"October 27-November 2, 1997",Wingless Angels,Wingless Angels,Island
variety,9711,"October 27-November 2, 1997",(Various),The Corners Of The Mouth,Bubble Core
variety,9711,"October 27-November 2, 1997",Sukpatch,Honky-Tonk Operation,Slabco
variety,9711,"October 27-November 2, 1997",Gravediggaz,"The Pick, The Sickle And The Shovel",Gee Street
variety,9711,"October 27-November 2, 1997",Coldcut,Let Us Play!,Ninja Tune
variety,9711,"October 27-November 2, 1997",Matoub Lounes,Kenza,Blue Silver
variety,9711,"October 27-November 2, 1997",Pachora,Pachora,Knitting Factory
variety,9711,"October 27-November 2, 1997",The Campbell Brothers,Pass Me Not,Arhoolie
variety,9711,"October 27-November 2, 1997",Rockers Hi-Fi,DJ Kicks: The Black Album,Stud!o K7
variety,9711,"October 27-November 2, 1997",Waco Brothers,Do You think About Me?,Bloodshot
variety,9711,"October 27-November 2, 1997",Chris Knox,Yes!!,Flying Nun
variety,9711,"October 27-November 2, 1997",Bentley Rhythm Ace,Bentley Rhythm Ace,Astralwerks
variety,9711,"October 27-November 2, 1997",Stereolab,Dots And Loops,Elektra
variety,9711,"October 27-November 2, 1997",Jessamine,Jessamine,Histrionic
variety,9711,"October 27-November 2, 1997",Susana Baca,Susana Baca,Luaka Bop / Warner Bros
variety,9711,"October 27-November 2, 1997",Bill Laswell Meets Style Scott,Inna Dub Meltdown,WordSound
variety,9711,"October 27-November 2, 1997",Pizzicato Five,Happy End Of The World,Matador
variety,9711,"October 27-November 2, 1997",Kruder & Dorfmeister,DJ Kicks,!K7
variety,9711,"October 27-November 2, 1997",(Various),Ska Island,Island
variety,9711,"October 27-November 2, 1997",Fred McDowell,The First Recordings,Rounder
variety,9711,"October 27-November 2, 1997",(Various),Audio Alchemy 2,Ubiquity
variety,9711,"October 27-November 2, 1997",Patti Smith,Peace And Noise,Arista
variety,9711,"October 27-November 2, 1997",Vershki Da Koreshki,Real Life Of Plants,Shanachie
variety,9711,"October 27-November 2, 1997",A Forest Mighty Black,Mellowdramatic,Compost
variety,9711,"October 27-November 2, 1997",Ray Charles,Genius & Soul,Rhino
variety,9711,"October 27-November 2, 1997",Morikeba Kouyata,Music Of Senegal,Traditional Crossroads
variety,9711,"October 27-November 2, 1997",The Skatalites,Foundation Ska,Heartbeat
variety,9711,"October 27-November 2, 1997",(Soundtrack),The End Of Violence,Outpost
variety,9711,"October 27-November 2, 1997",David Kilgour,David Kilgour & The Heavy Eights,Flying Nun
variety,9711,"October 27-November 2, 1997",(Various),Great Jewish Music: Burt Bachrach,Tzadik
variety,9711,"October 27-November 2, 1997",Bonga,Angola 72,Tinder
variety,9711,"October 27-November 2, 1997",Sportsguitar,"Married, 3 Kids",Matador
variety,9711,"October 27-November 2, 1997",Gregory Isaacs,Dance Curfew,Acid Jazz/ Hollywood
variety,9711,"October 27-November 2, 1997",Spring Heel Jack,Busy Curious Thirsty,Island
variety,9711,"October 27-November 2, 1997",Stinkhorn,Stinkhorn,Self-Released
variety,9712,"December 1-7, 1997",Modest Mouse,The Lonesome Crowded West,Up
variety,9712,"December 1-7, 1997",Ein Heit,The Lightning and The Sun,Temporary Freedom
variety,9712,"December 1-7, 1997",DJ Krush,Milight,Mowax/FFRR
variety,9712,"December 1-7, 1997",(Various),"Beg, Scream & Shout",Rhino
variety,9712,"December 1-7, 1997",Ray Condo And His Ricochets,Door To Door Maniac,Joaquin
variety,9712,"December 1-7, 1997",(Various),Great Jewish Music: Serge Gainsbourg,Tzadik
variety,9712,"December 1-7, 1997",A3,Exile On Coldharbour Lane,Geffen
variety,9712,"December 1-7, 1997",Yabby You,Jesus Dread 1972-1977,Blood and Fire
variety,9712,"December 1-7, 1997",New Orleans Nightcrawlers,Funknicity,Rounder
variety,9712,"December 1-7, 1997",David Holmes,Let's Get Killed,Go! Beat /1500
variety,9712,"December 1-7, 1997",The Walkabouts,Nighttown,Virgin Schallplatten
variety,9712,"December 1-7, 1997",(Various),Cup Of Tea Records: Another Compilation,Iron America
variety,9712,"December 1-7, 1997",Fred Eaglesmith,Lipstick Lies & Gasoline,Razor & Tie
variety,9712,"December 1-7, 1997",Juryman vs Spacer,Mail Order Justice,SSR/ Crammed Discs
variety,9712,"December 1-7, 1997",Steve Earle,El Corazon,Warner Bros
variety,9712,"December 1-7, 1997",Flying Saucer Attack,New Lands,Drag City
variety,9712,"December 1-7, 1997",(Various),In The Red Zone: The Essential Collection Of Classic Dub,Shanachie
variety,9712,"December 1-7, 1997",Fatal Mambo,Fatal Mambo,Tinder
variety,9712,"December 1-7, 1997",Bob Dylan,Time Out Of Mind,Columbia
variety,9712,"December 1-7, 1997",New Orleans Klezmer Allstars,The Big Kibosh,Shanachie
variety,9712,"December 1-7, 1997",Aubrey Ghent,Can't Nobody Do Me Like Jesus,Arhoolie
variety,9712,"December 1-7, 1997",The Derailers,Reverb Deluxe,Sire
variety,9712,"December 1-7, 1997",Pell Mell,Star City,Matador
variety,9712,"December 1-7, 1997",(Various),Shake The Nations,WordSound
variety,9712,"December 1-7, 1997",Brian Marshall,Texas Polish Roots,Arhoolie
variety,9712,"December 1-7, 1997",Labradford,Mi Media Naranja,Kranky
variety,9712,"December 1-7, 1997",Joe Morris Trio,Antennae,Aum Fidelity
variety,9712,"December 1-7, 1997",(Various),Salsa Mundo,Candela
variety,9712,"December 1-7, 1997",Free Kitten,Sentimental Education,Kill Rock Stars
variety,9712,"December 1-7, 1997",Wingless Angels,Wingless Angels,Island
variety,9712,"December 1-7, 1997",Papi Oviedo y sus Soneros,Encuentro entre Soneros,Candela
variety,9712,"December 1-7, 1997",Bardo Pond,Lapsed,Matador
variety,9712,"December 1-7, 1997",Finley Quaye,Maverick A Strike,550 Music
variety,9712,"December 1-7, 1997",Rova,Morphological Echo,Rastascan
variety,9712,"December 1-7, 1997",(Various),Cuban Gold 4,Qbadisc
variety,9712,"December 1-7, 1997",Kazutoki Umezu/Shakushain,Desert In A Hand,Knitting Factory
variety,9712,"December 1-7, 1997",The Sons Of Silence,Silence FM,Leaf
variety,9712,"December 1-7, 1997",Magnog,More Weather,Kranky
variety,9712,"December 1-7, 1997",Joey Altruda,Kingston Cocktail,Will
variety,9712,"December 1-7, 1997",Tsunami,A Brilliant Mistake,Simple Machines
variety,9712,"December 1-7, 1997",Carey Bell,Good Luck Man,Alligator
variety,9712,"December 1-7, 1997",Animals On Wheels,Designs And Mistakes,Ninja Tune
variety,9712,"December 1-7, 1997",Quickspace,Quickspace,Slash
variety,9712,"December 1-7, 1997",The Magick Heads,Woody,Flying Nun
variety,9712,"December 1-7, 1997",(Various),The Corners Of The Mouth,Bubble Core
variety,9712,"December 1-7, 1997",Sukpatch,Honky-Tonk Operation,Slabco
variety,9712,"December 1-7, 1997",Patti Smith,Peace And Noise,Arista
variety,9712,"December 1-7, 1997",The Lynnfield Pioneers,Emerge,Matador
variety,9712,"December 1-7, 1997",Robbie Fulks,South Mouth,Bloodshot
variety,9712,"December 1-7, 1997",Sadhappy,Good Day Bad Dream,Periscope
variety,9712,"December 1-7, 1997",Matoub Lounes,Kenza,Blue Silver
variety,9712,"December 1-7, 1997",Bentley Rhythm Ace,Bentley Rhythm Ace,Astralwerks
variety,9712,"December 1-7, 1997",The Campbell Brothers,Pass Me Not,Arhoolie
variety,9712,"December 1-7, 1997",Stuntman,The American Fadeout,Mag Wheel
variety,9712,"December 1-7, 1997",Rockers Hi-Fi,DJ Kicks: The Black Album,Stud!o K7
variety,9712,"December 1-7, 1997",Holiday,Cafe Reggio,Spinart
variety,9712,"December 1-7, 1997",G. Love & Special Sauce,"Yeah, It's That Easy",OKeh/ Epic
variety,9712,"December 1-7, 1997",Sonny Treadway,Jesus Will Fix It!,Arhoolie
variety,9712,"December 1-7, 1997",Gravediggaz,"The Pick, The Sickle And The Shovel",Gee Street
variety,9712,"December 1-7, 1997",Pachora,Pachora,Knitting Factory
variety,9801,"January 5-11, 1998",Johnny Dowd,Wrong Side Of Memphis,Checkered Past
variety,9801,"January 5-11, 1998",Modest Mouse,The Lonesome Crowded West,Up
variety,9801,"January 5-11, 1998",DJ Krush,Milight,Mowax/FFRR
variety,9801,"January 5-11, 1998",Yabby You,Jesus Dread 1972-1977,Blood and Fire
variety,9801,"January 5-11, 1998",Ray Condo And His Ricochets,Door To Door Maniac,Joaquin
variety,9801,"January 5-11, 1998",A3,Exile On Coldharbour Lane,Geffen
variety,9801,"January 5-11, 1998",(Various),Unblocked: Music Of Eastern Europe,Ellipsis Arts
variety,9801,"January 5-11, 1998",David Holmes,Let's Get Killed,Go! Beat /1500
variety,9801,"January 5-11, 1998",(Various),"Beg, Scream & Shout",Rhino
variety,9801,"January 5-11, 1998",New Orleans Nightcrawlers,Funknicity,Rounder
variety,9801,"January 5-11, 1998",Ein Heit,The Lightning and The Sun,Temporary Freedom
variety,9801,"January 5-11, 1998",(Various),Great Jewish Music: Serge Gainsbourg,Tzadik
variety,9801,"January 5-11, 1998",Pell Mell,Star City,Matador
variety,9801,"January 5-11, 1998",(Various),Shake The Nations,WordSound
variety,9801,"January 5-11, 1998",The Walkabouts,Nighttown,Virgin Schallplatten
variety,9801,"January 5-11, 1998",(Various),In The Red Zone: The Essential Collection Of Classic Dub,Shanachie
variety,9801,"January 5-11, 1998",Flying Saucer Attack,New Lands,Drag City
variety,9801,"January 5-11, 1998",Juryman vs Spacer,Mail Order Justice,SSR/ Crammed Discs
variety,9801,"January 5-11, 1998",Fatal Mambo,Fatal Mambo,Tinder
variety,9801,"January 5-11, 1998",(Various),Cup Of Tea Records: Another Compilation,Iron America
variety,9801,"January 5-11, 1998",Ted Hawkins,The Final Tour,Evidence
variety,9801,"January 5-11, 1998",Silver Apples,Silver Apples,MCA
variety,9801,"January 5-11, 1998",Bill Frisell,"Gone, Just Like A Train",Nonesuch
variety,9801,"January 5-11, 1998",Free Kitten,Sentimental Education,Kill Rock Stars
variety,9801,"January 5-11, 1998",The Derailers,Reverb Deluxe,Sire
variety,9801,"January 5-11, 1998",Brian Marshall,Texas Polish Roots,Arhoolie
variety,9801,"January 5-11, 1998",Terranova,DJ Kicks,Stud!o K7
variety,9801,"January 5-11, 1998",Augustus Pablo,Presents DJs From 70s To 80s,Big Cat
variety,9801,"January 5-11, 1998",Tsunami,A Brilliant Mistake,Simple Machines
variety,9801,"January 5-11, 1998",Aubrey Ghent,Can't Nobody Do Me Like Jesus,Arhoolie
variety,9801,"January 5-11, 1998",Papi Oviedo y sus Soneros,Encuentro entre Soneros,Candela
variety,9801,"January 5-11, 1998",Finley Quaye,Maverick A Strike,550 Music
variety,9801,"January 5-11, 1998",Joe Morris Trio,Antennae,Aum Fidelity
variety,9801,"January 5-11, 1998",(Various),Cuban Gold 4,Qbadisc
variety,9801,"January 5-11, 1998",Pigpen,Daylight,Tim/Kerr
variety,9801,"January 5-11, 1998",Joey Altruda,Kingston Cocktail,Will
variety,9801,"January 5-11, 1998",(Various),Salsa Mundo,Candela
variety,9801,"January 5-11, 1998",Rova,Morphological Echo,Rastascan
variety,9801,"January 5-11, 1998",Skinner Pilot,This Parking Lot Is Being Videotaped,GoodSin
variety,9801,"January 5-11, 1998",Labradford,Mi Media Naranja,Kranky
variety,9801,"January 5-11, 1998",The Magick Heads,Woody,Flying Nun
variety,9801,"January 5-11, 1998",Tibetan Institute Of Performing Arts,Dhama Suna,Detour
variety,9801,"January 5-11, 1998",Bardo Pond,Lapsed,Matador
variety,9801,"January 5-11, 1998",Sadhappy,Good Day Bad Dream,Periscope
variety,9801,"January 5-11, 1998",Animals On Wheels,Designs And Mistakes,Ninja Tune
variety,9801,"January 5-11, 1998",(Various),Dubwise & Otherwise,Blood and Fire
variety,9801,"January 5-11, 1998",The Sons Of Silence,Silence FM,Leaf
variety,9801,"January 5-11, 1998",Carey Bell,Good Luck Man,Alligator
variety,9801,"January 5-11, 1998",The Mendoza Line,Poems To A Pawnshop,Kindercore
variety,9801,"January 5-11, 1998",Stuntman,The American Fadeout,Mag Wheel
variety,9801,"January 5-11, 1998",G. Love & Special Sauce,"Yeah, It's That Easy",OKeh/ Epic
variety,9801,"January 5-11, 1998",Rockers Hi-Fi,DJ Kicks: The Black Album,Stud!o K7
variety,9801,"January 5-11, 1998",Muslimgause,Jaal Ab Dullah,Soleilmoon
variety,9801,"January 5-11, 1998",Holiday,Cafe Reggio,Spinart
variety,9801,"January 5-11, 1998",Magnog,More Weather,Kranky
variety,9801,"January 5-11, 1998",The Lynnfield Pioneers,Emerge,Matador
variety,9801,"January 5-11, 1998",Elf Power,When The Red King Comes,Arena Rock
variety,9801,"January 5-11, 1998",Kazutoki Umezu/Shakushain,Desert In A Hand,Knitting Factory
variety,9801,"January 5-11, 1998",Quickspace,Quickspace,Slash
variety,9801,"January 5-11, 1998",(Various),Process,Caipirinha
variety,9802,"February 2 - 8, 1998",The Halo Benders,The Rebels Not In,K
variety,9802,"February 2 - 8, 1998",Cheri Knight,The Northeast Kingdom,E Squared
variety,9802,"February 2 - 8, 1998",DJ Shadow,Preemptive Strike,Mowax/FFRR
variety,9802,"February 2 - 8, 1998",The Gourds,Stadium Blitzer,Munich
variety,9802,"February 2 - 8, 1998",Mary Lou Lord,Got No Shadow,Work
variety,9802,"February 2 - 8, 1998",Paul Burch,Pan-American Flash,Checkered Past
variety,9802,"February 2 - 8, 1998",Air,Moon Safari,Source/ Caroline
variety,9802,"February 2 - 8, 1998",Sixteen Horsepower,Low Estate,A&M
variety,9802,"February 2 - 8, 1998",Johnny Dowd,Wrong Side Of Memphis,Checkered Past
variety,9802,"February 2 - 8, 1998",Najma,Pukar,Mondo Melodia
variety,9802,"February 2 - 8, 1998",(Various),Subterranean Hitz Vol. 2,WordSound
variety,9802,"February 2 - 8, 1998",Mark Eitzel,"Caught In A Trap And I Can't Back Out 'Cause I Love You Too Much, Baby",Matador
variety,9802,"February 2 - 8, 1998",Yabby You,Jesus Dread 1972-1977,Blood and Fire
variety,9802,"February 2 - 8, 1998",(Various),Unblocked: Music Of Eastern Europe,Ellipsis Arts
variety,9802,"February 2 - 8, 1998",Modest Mouse,The Lonesome Crowded West,Up
variety,9802,"February 2 - 8, 1998",(Various),Great Jewish Music: Serge Gainsbourg,Tzadik
variety,9802,"February 2 - 8, 1998",DJ Krush,Milight,Mowax/FFRR
variety,9802,"February 2 - 8, 1998",(Various),Shake The Nations,WordSound
variety,9802,"February 2 - 8, 1998",Pell Mell,Star City,Matador
variety,9802,"February 2 - 8, 1998",(Various),"Beg, Scream & Shout",Rhino
variety,9802,"February 2 - 8, 1998",The Skatalites,Ball Of Fire,Island Jamaica Jazz
variety,9802,"February 2 - 8, 1998",Robert Wyatt,Shleep,Thirsty Ear
variety,9802,"February 2 - 8, 1998",Sixteen Deluxe,Emits Showers Of Sparks,Warner Bros
variety,9802,"February 2 - 8, 1998",The Hollisters,The Land Of Rhythm And Pleasure,Freedom
variety,9802,"February 2 - 8, 1998",Mick Harvey,Pink Elephants,Mute
variety,9802,"February 2 - 8, 1998",Goldie,Saturnzreturn,FFRR
variety,9802,"February 2 - 8, 1998",Freakwater,Springtime,Thrill Jockey
variety,9802,"February 2 - 8, 1998",DJ Vadim,USSR Reconstruction,Ninja Tune
variety,9802,"February 2 - 8, 1998",The Meat Purveyors,Sweet In The Pants,Bloodshot
variety,9802,"February 2 - 8, 1998",Bill Frisell,"Gone, Just Like A Train",Nonesuch
variety,9802,"February 2 - 8, 1998",Joe Maneri,Paniots 9,Avant
variety,9802,"February 2 - 8, 1998",The Hangdogs,East Of Yesterday,Crazyhead
variety,9802,"February 2 - 8, 1998",Kristin Hersh,Strange Angels,Rykodisc
variety,9802,"February 2 - 8, 1998",The High Llamas,Cold And Bouncy,V2
variety,9802,"February 2 - 8, 1998",Aminata Kamissoko,Malamine,Stern's Africa
variety,9802,"February 2 - 8, 1998",Spatula,Despina By Land,Squealer
variety,9802,"February 2 - 8, 1998",Notables,Quite Notable,Conception
variety,9802,"February 2 - 8, 1998",Victoria Williams,Musings Of A Creekdipper,Atlantic
variety,9802,"February 2 - 8, 1998",Fantani Toure,N'tin Naari,Stern's Africa
variety,9802,"February 2 - 8, 1998",June Of 44,Four Great Points,Quarterstick
variety,9802,"February 2 - 8, 1998",Terranova,DJ Kicks,Stud!o K7
variety,9802,"February 2 - 8, 1998",Augustus Pablo,Presents DJs From 70s to 80s,Big Cat
variety,9802,"February 2 - 8, 1998",Zen Guerrilla,Positronic Raygun,Alternative Tentacles
variety,9802,"February 2 - 8, 1998",Los Activos,Hasta Los Huesos,Tinder
variety,9802,"February 2 - 8, 1998",Martyn Bennett,Bothy Culture,Rykodisc
variety,9802,"February 2 - 8, 1998",Ted Hawkins,The Final Tour,Evidence
variety,9802,"February 2 - 8, 1998",(Various) Salsa Mundo Candela,,
variety,9802,"February 2 - 8, 1998",Silver Apples,Silver Apples,MCA
variety,9802,"February 2 - 8, 1998",Pigpen,Daylight,Tim/Kerr
variety,9802,"February 2 - 8, 1998",Stella Chiweshe,The Healing Tree,Shanachie
variety,9802,"February 2 - 8, 1998",(Various),Promised Land 3: Future History,Mutant Sound System
variety,9802,"February 2 - 8, 1998",Quickspace,Quickspace,Slash
variety,9802,"February 2 - 8, 1998",Papi Oviedo y sus Soneros,Encuentro entre Soneros,Candela
variety,9802,"February 2 - 8, 1998",Brian Marshall & His Tex-Slavik Playboys,Texas Polish Roots,Arhoolie
variety,9802,"February 2 - 8, 1998",(Various),Cuban Gold 4,Qbadisc
variety,9802,"February 2 - 8, 1998",Aubrey Ghent Can't Nobody Do Me Like Jesus Arhoolie,,
variety,9802,"February 2 - 8, 1998",Magnog,More Weather,Kranky
variety,9802,"February 2 - 8, 1998",Skinner Pilot,This Parking Lot Is Being Videotape,d GoodSin
variety,9802,"February 2 - 8, 1998",Joe Morris Trio,Antennae,Aum Fidelity
variety,9802,"February 2 - 8, 1998",Labradford,Mi Media Naranja,Kranky
variety,9805,"May 4 - 10, 1998",Public Enemy,He Got Game,Def Jam
variety,9805,"May 4 - 10, 1998",Firewater,The Ponzi Scheme,Jetset
variety,9805,"May 4 - 10, 1998",Sonic Youth,A Thousand Leaves,DGC
variety,9805,"May 4 - 10, 1998",Elmo Williams & Hezekiah Early,Takes One To Know One,Fat Possum
variety,9805,"May 4 - 10, 1998",Spoon,A Series Of Sneaks,Elektra
variety,9805,"May 4 - 10, 1998",Bap Kennedy,Domestic Blues,E Squared
variety,9805,"May 4 - 10, 1998",The Schramms,Dizzy Spell,Checkered Past
variety,9805,"May 4 - 10, 1998",(Various),Funkungfusion,Ninja Tune
variety,9805,"May 4 - 10, 1998",Satan and Adam,Living On The River,Flying Fish
variety,9805,"May 4 - 10, 1998",Mars Accelerator,Frankfurt: Telephonics,Rx Remedy
variety,9805,"May 4 - 10, 1998",Bill Fox,Transit Byzantium,Spinart
variety,9805,"May 4 - 10, 1998",Jeff Greinke,Swimming,Prudence
variety,9805,"May 4 - 10, 1998",Cornelius,Fantasma,Matador
variety,9805,"May 4 - 10, 1998",The Gourds,Stadium Blitzer,Watermelon
variety,9805,"May 4 - 10, 1998",William Burroughs,Best Of William Burroughs From Giorno Poetry Systems,Mouth Almighty
variety,9805,"May 4 - 10, 1998",The Grassy Knoll,III,Antilles
variety,9805,"May 4 - 10, 1998",(Various),Songs Of The Siren,Shadow
variety,9805,"May 4 - 10, 1998",The Bevis Frond,North Circular,Flydaddy
variety,9805,"May 4 - 10, 1998",Natacha Atlas,Halim,Koch
variety,9805,"May 4 - 10, 1998",(Various),Metalheadz: Platinum Breakz II,FFRR
variety,9805,"May 4 - 10, 1998",Chris & Carla,Swinger 500,Glitterhouse
variety,9805,"May 4 - 10, 1998",Guy Davis,You Don't Know My Mind,Red House
variety,9805,"May 4 - 10, 1998",(Various),Classic Elements,K
variety,9805,"May 4 - 10, 1998",Quasi,"Featuring ""Birds""",Up
variety,9805,"May 4 - 10, 1998",Jazz Jamaica,Double Barrel,Hannibal
variety,9805,"May 4 - 10, 1998",Don Walser,Down At The Sky-Vue Drive-In,Watermelon/Sire
variety,9805,"May 4 - 10, 1998",Versus,Two Cents Plus Tax,Caroline
variety,9805,"May 4 - 10, 1998",Dirty Three,Ocean Songs,Touch and Go
variety,9805,"May 4 - 10, 1998",Radio Tarifa,Temporal World,Circuit/Nonesuch
variety,9805,"May 4 - 10, 1998",Gang Starr,Moment Of Truth,Noo Trybe
variety,9805,"May 4 - 10, 1998",Kocani Orkestar,l'orient est rouge,Cramworld/Crammed
variety,9805,"May 4 - 10, 1998",Peter Thomas Sound Orchestra,Futuremuzik,Scamp
variety,9805,"May 4 - 10, 1998",Dragonfly,Timestream,Sweet Mother
variety,9805,"May 4 - 10, 1998",Richard Davies,Telegraph,Flydaddy
variety,9805,"May 4 - 10, 1998",Sunset Valley,The New Speed,Sugar Free
variety,9805,"May 4 - 10, 1998",Propellerheads,Decksandrumsandrockandroll,Dreamworks
variety,9805,"May 4 - 10, 1998",Nick Lowe,Dig My Mood,Upstart
variety,9805,"May 4 - 10, 1998",Dub Syndicate,Fear Of A Green Planet,Shanachie
variety,9805,"May 4 - 10, 1998",Lisa Gerrard & Pieter Bourke,Duality,4AD
variety,9805,"May 4 - 10, 1998",The Jesus Lizard,Blue,Capitol
variety,9805,"May 4 - 10, 1998",(Various),Ska After Ska After Ska,Heartbeat
variety,9805,"May 4 - 10, 1998",Long Fin Killie,Amelia,Too Pure
variety,9805,"May 4 - 10, 1998",Justin Curtis,Let Them Ride,Galaxy
variety,9805,"May 4 - 10, 1998",(Soundtrack),The Horse Whisperer,MCA
variety,9805,"May 4 - 10, 1998",Cordelia's Dad,Spine,Appleseed
variety,9805,"May 4 - 10, 1998",(Various),Chess Blues Guitar,MCA/Chess
variety,9805,"May 4 - 10, 1998",Fantcha,Criolinha,Tinder
variety,9805,"May 4 - 10, 1998",David Garza,This Euphoria,Atlantic
variety,9805,"May 4 - 10, 1998",(Various),Sty Wars,Pork
variety,9805,"May 4 - 10, 1998",Arto Lindsay,Noon Chill,Bar/None
variety,9805,"May 4 - 10, 1998",Tortoise,TNT,Thrill Jockey
variety,9805,"May 4 - 10, 1998",(Various),The Afro-Latin Groove: Sabroso!,Rhino
variety,9805,"May 4 - 10, 1998",Waldemar Bastos,Pretaluz,Luaka Bop/ Warner Bros
variety,9805,"May 4 - 10, 1998",(Various),Monster Breaks: A Collection Of Big Beat Finery,FFRR
variety,9805,"May 4 - 10, 1998",King Of Hawaii,"Henry, Call Home",Koh
variety,9805,"May 4 - 10, 1998",(Various),Endlessnessism,Dot
variety,9805,"May 4 - 10, 1998",Adam F,Colours,Astralwerks
variety,9805,"May 4 - 10, 1998",Fretless AZM,Oceans Of Light,Holistic
variety,9805,"May 4 - 10, 1998",Charlie Hunter & Pound For Pound,Return Of The Candyman,Blue Note
variety,9805,"May 4 - 10, 1998",Ed Pias,Ancestor's Halo,Extreme
variety,9806,"June 1 - 7, 1998",Tricky,Angels With Dirty Faces,Island
variety,9806,"June 1 - 7, 1998",Massive Attack,Mezzanine,Virgin
variety,9806,"June 1 - 7, 1998",Sonic Youth,A Thousand Leaves,DGC
variety,9806,"June 1 - 7, 1998",Pernice Brothers,Overcome By Happiness,Sub Pop
variety,9806,"June 1 - 7, 1998",Bap Kennedy,Domestic Blues,E Squared
variety,9806,"June 1 - 7, 1998",Add N To X,On The Wires Of Our Nerves,Mute
variety,9806,"June 1 - 7, 1998",Bill Fox,Transit Byzantium,Spinart
variety,9806,"June 1 - 7, 1998",Public Enemy,He Got Game,Def Jam
variety,9806,"June 1 - 7, 1998",Arab Strap,Philophobia,Matador
variety,9806,"June 1 - 7, 1998",(Various),China: Time To Listen,Ellipsis Arts
variety,9806,"June 1 - 7, 1998",The Grassy Knoll,III,Antilles
variety,9806,"June 1 - 7, 1998",Spoon,A Series Of Sneaks,Elektra
variety,9806,"June 1 - 7, 1998",(Various),Funkungfusion,Ninja Tune
variety,9806,"June 1 - 7, 1998",Jeff Greinke,Swimming,Prudence
variety,9806,"June 1 - 7, 1998",Firewater,The Ponzi Scheme,Jetset
variety,9806,"June 1 - 7, 1998",Natacha Atlas,Halim,Koch
variety,9806,"June 1 - 7, 1998",The Schramms,Dizzy Spell,Checkered Past
variety,9806,"June 1 - 7, 1998",Elmo Williams & Hezekiah Early,Takes One To Know One,Fat Possum
variety,9806,"June 1 - 7, 1998",William Burroughs,Best Of William Burroughs From Giorno Poetry Systems,Mouth Almighty
variety,9806,"June 1 - 7, 1998",The Bevis Frond,North Circular,Flydaddy
variety,9806,"June 1 - 7, 1998",Sierra Maestra,Tibiri Tabara,World Circuit/Nonesuch
variety,9806,"June 1 - 7, 1998",Tommy Womack,Positively Na Na,Checkered Past
variety,9806,"June 1 - 7, 1998",Calexico,The Black Light,Quarterstick
variety,9806,"June 1 - 7, 1998",Bare Minimum,Can't Cure The Nailbiters,Rx Remedy
variety,9806,"June 1 - 7, 1998",Dave Alvin,Blackjack David,Hightone
variety,9806,"June 1 - 7, 1998",Joel R.L. Phelps & The Downer Trio,3,Pacifico
variety,9806,"June 1 - 7, 1998",Ben Neill,Goldbug,Antilles
variety,9806,"June 1 - 7, 1998",Fugazi,End Hits,Dischord
variety,9806,"June 1 - 7, 1998",(Various),Classic Elements,K
variety,9806,"June 1 - 7, 1998",Bob Marley,The Complete Wailers 1967-1972 Part 1,JAD
variety,9806,"June 1 - 7, 1998",John Zorn,The Circle Maker,Tzadik
variety,9806,"June 1 - 7, 1998",Ricardo Lemvo & Makina Loca,Mambo Yo Yo,Putumayo
variety,9806,"June 1 - 7, 1998",Jazz Jamaica,Double Barrel,Hannibal
variety,9806,"June 1 - 7, 1998",Don Walser,Down At The Sky-Vue Drive-In,Watermelon/Sire
variety,9806,"June 1 - 7, 1998",Radio Tarifa,Temporal World,Circuit/Nonesuch
variety,9806,"June 1 - 7, 1998",Quasi,"Featuring ""Birds""",Up
variety,9806,"June 1 - 7, 1998",Chris & Carla,Swinger 500,Glitterhouse
variety,9806,"June 1 - 7, 1998",Guy Davis,You Don't Know My Mind,Red House
variety,9806,"June 1 - 7, 1998",Sunset Valley,The New Speed,Sugar Free
variety,9806,"June 1 - 7, 1998",Kocani Orkestar,l'orient est rouge,Cramworld/Crammed
variety,9806,"June 1 - 7, 1998",Versus,Two Cents Plus Tax,Caroline
variety,9806,"June 1 - 7, 1998",Lisa Gerrard & Pieter Bourke,Duality,4AD
variety,9806,"June 1 - 7, 1998",(Various),Ska After Ska After Ska,Heartbeat
variety,9806,"June 1 - 7, 1998",Peter Thomas Sound Orchestra,Futuremuzik,Scamp
variety,9806,"June 1 - 7, 1998",Fantcha,Criolinha,Tinder
variety,9806,"June 1 - 7, 1998",Dirty Three,Ocean Songs,Touch and Go
variety,9806,"June 1 - 7, 1998",Gang Starr,Moment Of Truth,Noo Trybe
variety,9806,"June 1 - 7, 1998",Rocket From The Crypt,RFTC,Interscope
variety,9806,"June 1 - 7, 1998",DJ Cam,The Beat Assasinated,Inflamable
variety,9806,"June 1 - 7, 1998",Eyvind Kang,Theater Of Mineral NADEs,Tzadik
variety,9806,"June 1 - 7, 1998",The Jesus Lizard,Blue,Capitol
variety,9806,"June 1 - 7, 1998",Cordelia's Dad,Spine,Appleseed
variety,9806,"June 1 - 7, 1998",Q-Burns,Abstract Message Oeuvre,Astralwerks
variety,9806,"June 1 - 7, 1998",Justin Curtis,Let Them Ride,Galaxy
variety,9806,"June 1 - 7, 1998",(Various),Chess Blues Guitar,MCA/Chess
variety,9806,"June 1 - 7, 1998",Nick Lowe,Dig My Mood,Upstart
variety,9806,"June 1 - 7, 1998",(Various),Endlessnessism,Dot
variety,9806,"June 1 - 7, 1998",Richard Davies,Telegraph,Flydaddy
variety,9806,"June 1 - 7, 1998",(Various),Metalheadz: Platinum Breakz II,FFRR
variety,9806,"June 1 - 7, 1998",David Garza,This Euphoria,Atlantic
variety,9807,"June 29 - July 5, 1998",Tricky,Angels With Dirty Faces,Island
variety,9807,"June 29 - July 5, 1998",Lucinda Williams,Car Wheels On A Gravel Road,Mercury
variety,9807,"June 29 - July 5, 1998",Massive Attack,Mezzanine,Virgin
variety,9807,"June 29 - July 5, 1998",The Spinanes,Arches and Aisles,Sub Pop
variety,9807,"June 29 - July 5, 1998",Marc Ribot Y Los Cubanos Postizos Atlantic,,
variety,9807,"June 29 - July 5, 1998",Sonic Youth,A Thousand Leaves,DGC
variety,9807,"June 29 - July 5, 1998",Dave Alvin,Blackjack David,Hightone
variety,9807,"June 29 - July 5, 1998",Public Enemy,He Got Game,Def Jam
variety,9807,"June 29 - July 5, 1998",Calexico,The Black Light,Quarterstick
variety,9807,"June 29 - July 5, 1998",Pernice Brothers,Overcome By Happiness,Sub Pop
variety,9807,"June 29 - July 5, 1998",Sierra Maestra,Tibiri Tabara,World Circuit/Nonesuch
variety,9807,"June 29 - July 5, 1998",Arab Strap,Philophobia,Matador
variety,9807,"June 29 - July 5, 1998",Rachid Taha,Diwan,Island
variety,9807,"June 29 - July 5, 1998",Add N To X,On The Wires Of Our Nerves,Mute
variety,9807,"June 29 - July 5, 1998",Bap Kennedy,Domestic Blues,E Squared
variety,9807,"June 29 - July 5, 1998",Amon Tobin,Permutation,Ninja Tune
variety,9807,"June 29 - July 5, 1998",(Various),Funkungfusion,Ninja Tune
variety,9807,"June 29 - July 5, 1998",Jeff Greinke,Swimming,Prudence
variety,9807,"June 29 - July 5, 1998",(Various),China: Time To Listen,Ellipsis Arts
variety,9807,"June 29 - July 5, 1998",The Grassy Knoll,III,Antilles
variety,9807,"June 29 - July 5, 1998",Plastilina Mosh,Aquamosh,Capitol
variety,9807,"June 29 - July 5, 1998",Robert Cage,Can See What You're Doing,Fat Possum
variety,9807,"June 29 - July 5, 1998",Joel R.L. Phelps & The Downer Trio,3,Pacifico
variety,9807,"June 29 - July 5, 1998",Billy Bragg & Wilco,Mermaid Avenue,Elektra
variety,9807,"June 29 - July 5, 1998",(Various),"State Of The Nu-Art, Volume 2",Shadow
variety,9807,"June 29 - July 5, 1998",Tommy Womack,Positively Na Na,Checkered Past
variety,9807,"June 29 - July 5, 1998",Bare Minimum,Can't Cure The Nailbiters,Rx RemedyNatacha Atlas Halim Koch
variety,9807,"June 29 - July 5, 1998",Cesaria Evora,Miss Perfumado,Nonesuch
variety,9807,"June 29 - July 5, 1998",The Jesus And Mary Chain,Munki,Sub Pop
variety,9807,"June 29 - July 5, 1998",Hi Fi Killers,Possession,LooseGroove
variety,9807,"June 29 - July 5, 1998",(Various),Nordic Roots,NorthSide
variety,9807,"June 29 - July 5, 1998",Ben Neill,Goldbug,Antilles
variety,9807,"June 29 - July 5, 1998",Cedell Davis,The Horror Of It All,Fat Possum
variety,9807,"June 29 - July 5, 1998",(Various) Amp 2 Astralwerks,,
variety,9807,"June 29 - July 5, 1998",Alvin Youngblood Hart,Territory,Hannibal
variety,9807,"June 29 - July 5, 1998",(Various),The Freestyle Files: Crackers Delight,Stud!o K7
variety,9807,"June 29 - July 5, 1998",Horace Andy,Mr. Bassie,Heartbeat
variety,9807,"June 29 - July 5, 1998",Africando,Baloba,Stern's Africa
variety,9807,"June 29 - July 5, 1998",Rose Melberg,Portola,Double Agent
variety,9807,"June 29 - July 5, 1998",Alpha Yaya Diallo,"Aduna ""the world""",Tinder
variety,9807,"June 29 - July 5, 1998",Chris & Carla,Swinger 500,Glitterhouse
variety,9807,"June 29 - July 5, 1998",Ricardo Lemvo & Makina Loca,Mambo Yo Yo,Putumayo
variety,9807,"June 29 - July 5, 1998",Don Walser,Down At The Sky-Vue Drive-In,Watermelon/Sire
variety,9807,"June 29 - July 5, 1998",Fugazi,End Hits,Dischord
variety,9807,"June 29 - July 5, 1998",Bob Marley,The Complete Wailers 1967-1972 Part 1,JAD
variety,9807,"June 29 - July 5, 1998",Sir Richard Bishop,Salvador Kali,Revenant
variety,9807,"June 29 - July 5, 1998",(Various),Increase The Beats Vol. 2,Thrive
variety,9807,"June 29 - July 5, 1998",Sean Lennon,Into The Sun,Grand Royal
variety,9807,"June 29 - July 5, 1998",(Various),Afro-Latino,Putumayo
variety,9807,"June 29 - July 5, 1998",John Zorn,The Circle Maker,Tzadik
variety,9807,"June 29 - July 5, 1998",Radio Tarifa,Temporal World,Circuit/Nonesuch
variety,9807,"June 29 - July 5, 1998",Guy Davis,You Don't Know My Mind,Red House
variety,9807,"June 29 - July 5, 1998",Q-Burns,Abstract Message Oeuvre,Astralwerks
variety,9807,"June 29 - July 5, 1998",Justin Curtis,Let Them Ride,Galaxy
variety,9807,"June 29 - July 5, 1998",Rocket From The Crypt,RFTC,Interscope
variety,9807,"June 29 - July 5, 1998",Jazz Jamaica,Double Barrel,Hannibal
variety,9807,"June 29 - July 5, 1998",Versus,Two Cents Plus Tax,Caroline
variety,9807,"June 29 - July 5, 1998",DJ Cam,The Beat Assasinated,Inflamable
variety,9807,"June 29 - July 5, 1998",Kocani Orkestar,l'orient est rouge,Cramworld/Crammed
variety,9807,"June 29 - July 5, 1998",Eyvind Kang,Theater Of Mineral NADEs,Tzadik
variety,9808,"August 3 - 9, 1998",Beastie Boys,Hello Nasty,Capitol / Grand Royal
variety,9808,"August 3 - 9, 1998",Squirrel Nut Zippers,Perennial Favorites,Mammoth
variety,9808,"August 3 - 9, 1998",Mark Lanegan,Scraps At Midnight,Sub Pop
variety,9808,"August 3 - 9, 1998",Richard Buckner,Since,MCA
variety,9808,"August 3 - 9, 1998",Silkworm,Blueblood,Touch and Go
variety,9808,"August 3 - 9, 1998",Gillian Welch,Hell Among The Yearlings,Almo
variety,9808,"August 3 - 9, 1998",Plastilina Mosh,Aquamosh,Capitol
variety,9808,"August 3 - 9, 1998",Ernest Ranglin,In Search Of The Lost Riddim,Palm Pictures
variety,9808,"August 3 - 9, 1998",Lucinda Williams,Car Wheels On A Gravel Road,Mercury
variety,9808,"August 3 - 9, 1998",Jeremy Wallace,My Lucky Day,Palmetto
variety,9808,"August 3 - 9, 1998",Chocolate Genius,Black Music,V2
variety,9808,"August 3 - 9, 1998",The Spinanes,Arches and Aisles,Sub Pop
variety,9808,"August 3 - 9, 1998",Robert Cage,Can See What You're Doing,Fat Possum
variety,9808,"August 3 - 9, 1998",Billy Bragg & Wilco,Mermaid Avenue,Elektra
variety,9808,"August 3 - 9, 1998",Tricky,Angels With Dirty Faces,Island
variety,9808,"August 3 - 9, 1998",Amon Tobin,Permutation,Ninja Tune
variety,9808,"August 3 - 9, 1998",The Jesus And Mary Chain,Munki,Sub Pop
variety,9808,"August 3 - 9, 1998",Arab Strap,Philophobia,Matador
variety,9808,"August 3 - 9, 1998",Marc Ribot Y Los Cubanos Postizos Atlantic,,
variety,9808,"August 3 - 9, 1998",Rachid Taha,Diwan,Island
variety,9808,"August 3 - 9, 1998",Mixmaster Mike,Anti-Theft Device,Asphodel
variety,9808,"August 3 - 9, 1998",Junior Brown,Long Walk Back,Curb
variety,9808,"August 3 - 9, 1998",Liz Phair,whitechocolatespaceegg,Matador / Capitol
variety,9808,"August 3 - 9, 1998",(Various),Skatalites & Friends at Randy's,VP
variety,9808,"August 3 - 9, 1998",BR5-49,Big Backyard Beat Show,Arista
variety,9808,"August 3 - 9, 1998",Faster Tiger,Little Things,FT
variety,9808,"August 3 - 9, 1998",Ollano,Ollano,Shadow
variety,9808,"August 3 - 9, 1998",Tom House,This White Man's Burden,Checkered Past
variety,9808,"August 3 - 9, 1998",Paolo Conte,The Best Of Paolo Conte,Nonesuch
variety,9808,"August 3 - 9, 1998",Hi Fi Killers,Possession,LooseGroove
variety,9808,"August 3 - 9, 1998",Fila Brazillia,Power Clown,Pork
variety,9808,"August 3 - 9, 1998",Hassan Hakmoun,Life Around The World,Alula
variety,9808,"August 3 - 9, 1998",The Makers,Psychopathia Sexualis,Estrus
variety,9808,"August 3 - 9, 1998",(Various),Freezone 5,SSR / Crammed
variety,9808,"August 3 - 9, 1998",Impact All Stars,Forward The Bass,Blood and Fire
variety,9808,"August 3 - 9, 1998",Ozomatli,Ozomatli,Almo
variety,9808,"August 3 - 9, 1998",Alvin Youngblood Hart,Territory,Hannibal
variety,9808,"August 3 - 9, 1998",Saturnine,Mid The Green Fields,VictoriaLand
variety,9808,"August 3 - 9, 1998",(Various),"State Of The Nu-Art, Volume 2",Shadow
variety,9808,"August 3 - 9, 1998",Tommy Womack,Positively Na Na,Checkered Past
variety,9808,"August 3 - 9, 1998",Cephas & Wiggins,Goin' Down The Road Feelin' Bad,Evidence
variety,9808,"August 3 - 9, 1998",Monroe Mustang,Plain Sweeping Themes For The,Trance Syndicate
variety,9808,"August 3 - 9, 1998",Junior Wells,Blues Hit Big Town,Delmark
variety,9808,"August 3 - 9, 1998",Taraf de Haidouks,Dumbala Dumba,CramWorld /Crammed
variety,9808,"August 3 - 9, 1998",(Various),The Freestyle Files: Crackers Delight,Stud!o K7
variety,9808,"August 3 - 9, 1998",Cedell Davis,The Horror Of It All,Fat Possum
variety,9808,"August 3 - 9, 1998",Africando,Baloba,Stern's Africa
variety,9808,"August 3 - 9, 1998",Strange Voices,Strange Voices,Sweet Mother
variety,9808,"August 3 - 9, 1998",Alpha Yaya Diallo,"Aduna ""the world""",Tinder
variety,9808,"August 3 - 9, 1998",Barry Adamson,As Above So Below,Mute
variety,9808,"August 3 - 9, 1998",Cesaria Evora,Miss Perfumado,Nonesuch
variety,9808,"August 3 - 9, 1998",(Various) Amp 2 Astralwerks,,
variety,9808,"August 3 - 9, 1998",Pimp Daddy Nash,Private Leftfield Downtempo Fuzz,World Domination
variety,9808,"August 3 - 9, 1998",Horace Andy,Mr. Bassie,Heartbeat
variety,9808,"August 3 - 9, 1998",Dubadelic,Bass Invaders,WordSound
variety,9808,"August 3 - 9, 1998",(Various),Fallout,Derailed
variety,9808,"August 3 - 9, 1998",Don Caballero,What Burns Never Returns,Touch and Go
variety,9808,"August 3 - 9, 1998",(Various),Increase The Beats Vol. 2,Thrive
variety,9808,"August 3 - 9, 1998","DJ Spooky, DJ Wally, DJ Grazzhoppa, DJ Low",The End Of Utopia,Sub Rosa
variety,9808,"August 3 - 9, 1998",(Various),Nordic Roots,NorthSide
variety,9809,"August 31 - Sept 6, 1998",Elliott Smith,XO,Dreamworks
variety,9809,"August 31 - Sept 6, 1998",Hot Club Of Cowtown,Swingin' Stampede,Hightone
variety,9809,"August 31 - Sept 6, 1998",Richard Buckner,Since,MCA
variety,9809,"August 31 - Sept 6, 1998",Pedro The Lion,It's Hard To Find A Friend,Made In Mexico
variety,9809,"August 31 - Sept 6, 1998",Mike Johnson,I Feel Alright,Up
variety,9809,"August 31 - Sept 6, 1998",Swell,For All The Beautiful People,Beggars Banquet
variety,9809,"August 31 - Sept 6, 1998",Gillian Welch,Hell Among The Yearlings,Almo
variety,9809,"August 31 - Sept 6, 1998",Mark Lanegan,Scraps At Midnight,Sub Pop
variety,9809,"August 31 - Sept 6, 1998",Squirrel Nut Zippers,Perennial Favorites,Mammoth
variety,9809,"August 31 - Sept 6, 1998",Lisa Germano,Slide,4AD
variety,9809,"August 31 - Sept 6, 1998",Silkworm,Blueblood,Touch and Go
variety,9809,"August 31 - Sept 6, 1998",Beastie Boys,Hello Nasty,Capitol / Grand Royal
variety,9809,"August 31 - Sept 6, 1998",Snowpony,The Slow-Motion World Of Snowpony,Radioactive
variety,9809,"August 31 - Sept 6, 1998",Liz Phair,whitechocolatespaceegg,Matador / Capitol
variety,9809,"August 31 - Sept 6, 1998",Ernest Ranglin,In Search Of The Lost Riddim,Palm Pictures
variety,9809,"August 31 - Sept 6, 1998",Plastilina Mosh,Aquamosh,Capitol
variety,9809,"August 31 - Sept 6, 1998",Chocolate Genius,Black Music,V2
variety,9809,"August 31 - Sept 6, 1998",Pram,North Pole Radio Station,Merge
variety,9809,"August 31 - Sept 6, 1998",Jeremy Wallace,My Lucky Day,Palmetto
variety,9809,"August 31 - Sept 6, 1998",UNKLE,Psyence Fiction,Mowax /London
variety,9809,"August 31 - Sept 6, 1998",Stereophonic Space Sound Unlimited,The Fluid Soundbox,Mai Tai
variety,9809,"August 31 - Sept 6, 1998",Faster Tiger,Little Things,FT
variety,9809,"August 31 - Sept 6, 1998",Medeski Martin & Wood,Combustication,Blue Note
variety,9809,"August 31 - Sept 6, 1998",Death Cab For Cutie,Something About Airplanes,Elsinor /Barsuk
variety,9809,"August 31 - Sept 6, 1998",Los de Abajo,Los de Abajo,Luaka Bop/ WB
variety,9809,"August 31 - Sept 6, 1998",Wylie & The Wild West,Total Yodel!,Rounder
variety,9809,"August 31 - Sept 6, 1998",Candido Fabre,Poquito A Poco,Candela
variety,9809,"August 31 - Sept 6, 1998",Jessamine,Don't Stay Too Long,Kranky
variety,9809,"August 31 - Sept 6, 1998",Clodhopper,Red's Recovery Room,My Own Planet
variety,9809,"August 31 - Sept 6, 1998",Mixmaster Mike,Anti-Theft Device,Asphodel
variety,9809,"August 31 - Sept 6, 1998",Bingo,H om,Undercover
variety,9809,"August 31 - Sept 6, 1998",Impact All Stars,Forward The Bass,Blood and Fire
variety,9809,"August 31 - Sept 6, 1998",BR5-49,Big Backyard Beat Show,Arista
variety,9809,"August 31 - Sept 6, 1998",Critters Buggin,Bumpa,LooseGroove
variety,9809,"August 31 - Sept 6, 1998",Jimmy Bosch,Soneando Trombon,Rykolatino
variety,9809,"August 31 - Sept 6, 1998",(Various),Cinematique,Shadow
variety,9809,"August 31 - Sept 6, 1998",Bob Mould,The Last Dog and Pony Show,Rykodisc
variety,9809,"August 31 - Sept 6, 1998",Varttina,Vihma,Wicklow
variety,9809,"August 31 - Sept 6, 1998",Don Byron,Nu Blaxplotation,Blue Note
variety,9809,"August 31 - Sept 6, 1998",(Various),Next Step,Shadow
variety,9809,"August 31 - Sept 6, 1998",Mickey Hart & Planet Drum,Supralingua,Rykodisc
variety,9809,"August 31 - Sept 6, 1998",Gearwhore,Drive,Astralwerks
variety,9809,"August 31 - Sept 6, 1998",Tom House,This White Man's Burden,Checkered Past
variety,9809,"August 31 - Sept 6, 1998",Icarus,Kamikaze,Shadow
variety,9809,"August 31 - Sept 6, 1998",Sally Nyolo,Multiculti,Tinder
variety,9809,"August 31 - Sept 6, 1998",Cephas & Wiggins,Goin' Down The Road Feelin' Bad,Evidence
variety,9809,"August 31 - Sept 6, 1998",Junior Brown,Long Walk Back,Curb
variety,9809,"August 31 - Sept 6, 1998",(Various),Skatalites & Friends at Randy's,VP
variety,9809,"August 31 - Sept 6, 1998",James Hardway,Easy Is A Four Letter Word,Shadow
variety,9809,"August 31 - Sept 6, 1998",(Various),Freezone 5,SSR / Crammed
variety,9809,"August 31 - Sept 6, 1998",Junior Wells,Blues Hit Big Town,Delmark
variety,9809,"August 31 - Sept 6, 1998",Hassan Hakmoun,Life Around The World,Alula
variety,9809,"August 31 - Sept 6, 1998",Ollano,Ollano,Shadow
variety,9809,"August 31 - Sept 6, 1998",Paolo Conte,The Best Of Paolo Conte,Nonesuch
variety,9809,"August 31 - Sept 6, 1998",Fila Brazillia,Power Clown,Pork
variety,9809,"August 31 - Sept 6, 1998",Rolo Martinez,Para Bailar Mi Son,Ahi-Nama
variety,9809,"August 31 - Sept 6, 1998",Saturnine,Mid The Green Fields,VictoriaLand
variety,9809,"August 31 - Sept 6, 1998",Monroe Mustang,Plain Sweeping Themes For The,Trance Syndicate
variety,9809,"August 31 - Sept 6, 1998",Junior Varsity,KM,Darla
variety,9809,"August 31 - Sept 6, 1998",Pimp Daddy Nash,Private Leftfield Downtempo Fuzz,World Domination
variety,9810,"Sept 28 - Oct 4, 1998",PJ Harvey,Is This Desire?,Island
variety,9810,"Sept 28 - Oct 4, 1998",Zoobombs,"""Welcome Back, Zoobombs!",""" Emperor Norton"
variety,9810,"Sept 28 - Oct 4, 1998",Los Super Seven,Los Super Seven,RCA
variety,9810,"Sept 28 - Oct 4, 1998",(Various),Nuggets,Rhino
variety,9810,"Sept 28 - Oct 4, 1998",Belle & Sebastian,The Boy With The Arab Strap,Matador
variety,9810,"Sept 28 - Oct 4, 1998",Elliott Smith,XO,Dreamworks
variety,9810,"Sept 28 - Oct 4, 1998",Paul Burch & The WPA Ballclub,Wire To Wire,Checkered Past
variety,9810,"Sept 28 - Oct 4, 1998",Sunny Day Real Estate,How It Feels To Be Something On,Sub Pop
variety,9810,"Sept 28 - Oct 4, 1998",Tom Ze,Fabrication Defect,Luaka Bop/ Warner Bros
variety,9810,"Sept 28 - Oct 4, 1998",Hot Club Of Cowtown,Swingin' Stampede,Hightone
variety,9810,"Sept 28 - Oct 4, 1998",Mudhoney,Tomorrow Hit Today,Reprise
variety,9810,"Sept 28 - Oct 4, 1998",Lauryn Hill,The Miseducation Of Lauryn Hill,Ruffhouse
variety,9810,"Sept 28 - Oct 4, 1998",Mercury Rev,Deserter's Songs,V2
variety,9810,"Sept 28 - Oct 4, 1998",Pedro The Lion,It's Hard To Find A Friend,Made In Mexico
variety,9810,"Sept 28 - Oct 4, 1998",(Various),"Future Sounds Of Jazz, Vol. 5",Compost
variety,9810,"Sept 28 - Oct 4, 1998",Junior Byles & Friends,129 Beat Street: Ja-Man Special 1975-1978,Blood and Fire
variety,9810,"Sept 28 - Oct 4, 1998",Swell,For All The Beautiful People,Beggars Banquet
variety,9810,"Sept 28 - Oct 4, 1998",Richard Buckner,Since,MCA
variety,9810,"Sept 28 - Oct 4, 1998",Squirrel Nut Zippers,Perennial Favorites,Mammoth
variety,9810,"Sept 28 - Oct 4, 1998",(Various),Silver Top Collection,Milk
variety,9810,"Sept 28 - Oct 4, 1998",Deke Dickerson & The Ecco-Fonics,Number One Hit Record!,HMG
variety,9810,"Sept 28 - Oct 4, 1998",Robbie Fulks,Let's Kill Saturday Night,Geffen
variety,9810,"Sept 28 - Oct 4, 1998",DJ Spooky,Riddim Warfare,Outpost
variety,9810,"Sept 28 - Oct 4, 1998",Beau Jocque,"Check It Out, Lock It In, Crank It Up!",Rounder
variety,9810,"Sept 28 - Oct 4, 1998",Hayseed,Melic,Watermelon
variety,9810,"Sept 28 - Oct 4, 1998",Los de Abajo,Los de Abajo,Luaka Bop/ WB
variety,9810,"Sept 28 - Oct 4, 1998",Klezmatics/Chava Alberstein,The Well,Xenophile
variety,9810,"Sept 28 - Oct 4, 1998",Soul Coughing,El Oso,Slash
variety,9810,"Sept 28 - Oct 4, 1998",Lambchop,What Another Man Spills,Merge
variety,9810,"Sept 28 - Oct 4, 1998",Wayne Horvitz and Zony Mash,Brand Spankin' New,Knitting Factory
variety,9810,"Sept 28 - Oct 4, 1998",Deke Dickerson & The Ecco-Fonics,Number One Hit Record!,HMG
variety,9810,"Sept 28 - Oct 4, 1998",(Various),The Spirit Of Cape Verde,Tinder
variety,9810,"Sept 28 - Oct 4, 1998",Bad Livers,Industry and Thrift,Sugar Hill
variety,9810,"Sept 28 - Oct 4, 1998",Seam,The Pace Is Glacial,Touch and Go
variety,9810,"Sept 28 - Oct 4, 1998",Death Cab For Cutie,Something About Airplanes,Elsinor /Barsuk
variety,9810,"Sept 28 - Oct 4, 1998",Snowpony,The Slow-Motion World Of Snowpony,Radioactive
variety,9810,"Sept 28 - Oct 4, 1998",Living Daylights,500 Pound Cat,Liquid City
variety,9810,"Sept 28 - Oct 4, 1998",Clodhopper,Red's Recovery Room,My Own Planet
variety,9810,"Sept 28 - Oct 4, 1998",UNKLE,Psyence Fiction,Mowax /London
variety,9810,"Sept 28 - Oct 4, 1998",Mike Johnson,I Feel Alright,Up
variety,9810,"Sept 28 - Oct 4, 1998",P.W. Long with Reelfoot,Push Me Again,Touch and Go
variety,9810,"Sept 28 - Oct 4, 1998",Blonde Redhead,In An Expression Of The Inexpressible,Touch and Go
variety,9810,"Sept 28 - Oct 4, 1998",Critters Buggin,Bumpa,LooseGroove
variety,9810,"Sept 28 - Oct 4, 1998",Prolapse,The Italian Flag,Jetset
variety,9810,"Sept 28 - Oct 4, 1998",Lisa Germano,Slide,4AD
variety,9810,"Sept 28 - Oct 4, 1998",Wylie & The Wild West,Total Yodel!,Rounder
variety,9810,"Sept 28 - Oct 4, 1998",Jessamine,Don't Stay Too Long,Kranky
variety,9810,"Sept 28 - Oct 4, 1998",(Various),Cuban Gold 5,Qbadisc
variety,9810,"Sept 28 - Oct 4, 1998",Bingo,H om,Undercover
variety,9810,"Sept 28 - Oct 4, 1998",(Various),Compost 50,Compost
variety,9810,"Sept 28 - Oct 4, 1998",Medeski Martin & Wood,Combustication,Blue Note
variety,9810,"Sept 28 - Oct 4, 1998",Lyle Lovett,Step Inside This House,Curb / MCA
variety,9810,"Sept 28 - Oct 4, 1998",Mickey Hart & Planet Drum,Supralingua,Rykodisc
variety,9810,"Sept 28 - Oct 4, 1998",Plush,More You Becomes You,Drag City
variety,9810,"Sept 28 - Oct 4, 1998",Jimmy Bosch,Soneando Trombon,Rykolatino
variety,9810,"Sept 28 - Oct 4, 1998",Pram,North Pole Radio Station,Merge
variety,9810,"Sept 28 - Oct 4, 1998",(Various),Next Step,Shadow
variety,9810,"Sept 28 - Oct 4, 1998",Triakel,Triakel,NorthSide
variety,9810,"Sept 28 - Oct 4, 1998",Finger,Swollen,Milk
variety,9810,"Sept 28 - Oct 4, 1998",Candido Fabre,Poquito A Poco,Candela
variety,9811,"November 2 - 8, 1998",Beck,Mutations,DGC
variety,9811,"November 2 - 8, 1998",764-HERO,Get Here and Stay,Up
variety,9811,"November 2 - 8, 1998",Stereolab,Aluminum Tunes,Drag City
variety,9811,"November 2 - 8, 1998",Cubanismo!,Reencarnacion,Hannibal
variety,9811,"November 2 - 8, 1998",The Jon Spencer Blues Explosion,Acme,Matador
variety,9811,"November 2 - 8, 1998",Son Volt,Wide Swing Tremolo,Warner Bros
variety,9811,"November 2 - 8, 1998",Junior Byles & Friends,129 Beat Street: Ja-Man Special 1975-1978,Blood and Fire
variety,9811,"November 2 - 8, 1998",Paul Burch & The WPA Ballclub,Wire To Wire,Checkered Past
variety,9811,"November 2 - 8, 1998",(Various),Nuggets,Rhino
variety,9811,"November 2 - 8, 1998",PJ Harvey,Is This Desire?,Island
variety,9811,"November 2 - 8, 1998",Los Super Seven,Los Super Seven,RCA
variety,9811,"November 2 - 8, 1998",Cat Power,Moon Pix,Matador
variety,9811,"November 2 - 8, 1998",Pine Valley Cosmonauts,Salute The Majesty Of Bob Wills,Bloodshot
variety,9811,"November 2 - 8, 1998",Tom Ze,Fabrication Defect,Luaka Bop/ Warner Bros
variety,9811,"November 2 - 8, 1998",Sunny Day Real Estate,How It Feels To Be Something On,Sub Pop
variety,9811,"November 2 - 8, 1998",Mercury Rev,Deserter's Songs,V2
variety,9811,"November 2 - 8, 1998",Belle & Sebastian,The Boy With The Arab Strap,Matador
variety,9811,"November 2 - 8, 1998",(Various),Silver Top Collection,Milk
variety,9811,"November 2 - 8, 1998",Mudhoney,Tomorrow Hit Today,Reprise
variety,9811,"November 2 - 8, 1998",Zoobombs,"""Welcome Back, Zoobombs!",""" Emperor Norton"
variety,9811,"November 2 - 8, 1998",Dub Pistols,Point Blank,1500
variety,9811,"November 2 - 8, 1998",Mary Jane Lamond,Suas e!,A&M
variety,9811,"November 2 - 8, 1998",Outkast,Aquemini,LaFace
variety,9811,"November 2 - 8, 1998",Edith Frost,Telescopic,Drag City
variety,9811,"November 2 - 8, 1998",Sanna Kurki-Suonio,Musta,NorthSide
variety,9811,"November 2 - 8, 1998",The Blacks,Dolly Horrorshow,Bloodshot
variety,9811,"November 2 - 8, 1998",Silver Jews,American Water,Drag City
variety,9811,"November 2 - 8, 1998",Talvin Singh,OK,Island
variety,9811,"November 2 - 8, 1998",ICU,Chotto Matte A Moment!,K
variety,9811,"November 2 - 8, 1998",Soul Coughing,El Oso,Slash
variety,9811,"November 2 - 8, 1998",Kruder & Dorfmeister,The K&D Sessions,Stud!o K7
variety,9811,"November 2 - 8, 1998",Bad Livers,Industry and Thrift,Sugar Hill
variety,9811,"November 2 - 8, 1998",(Various),Land Of Baboon Vol. 2: The Return Of The Illclectic,Baraka
variety,9811,"November 2 - 8, 1998",Deke Dickerson & The Ecco-Fonics,Number One Hit Record!,HMG
variety,9811,"November 2 - 8, 1998",Fat Boy Slim,"You've Come A Long Way, Baby",Astralwerks
variety,9811,"November 2 - 8, 1998",(Various),Great Jewish Music: Marc Bolan,Tzadik
variety,9811,"November 2 - 8, 1998",Eels,Electro-Shock Blues,DreamWorks
variety,9811,"November 2 - 8, 1998",(Various),Deeper Concentration,Om
variety,9811,"November 2 - 8, 1998",Hayseed,Melic,Watermelon
variety,9811,"November 2 - 8, 1998",Seam,The Pace Is Glacial,Touch and Go
variety,9811,"November 2 - 8, 1998",Natural Calamity,Peach Head,Ideal
variety,9811,"November 2 - 8, 1998",Prolapse,The Italian Flag,Jetset
variety,9811,"November 2 - 8, 1998",(Various),Earthjuice Volume 1,Waveform
variety,9811,"November 2 - 8, 1998",Golden Smog,Weird Tales,Rykodisc
variety,9811,"November 2 - 8, 1998",Lambchop,What Another Man Spills,Merge
variety,9811,"November 2 - 8, 1998",Citizens' Utilities,Sunbreak,My Own Planet
variety,9811,"November 2 - 8, 1998",Robbie Fulks,Let's Kill Saturday Night,Geffen
variety,9811,"November 2 - 8, 1998",Cinerama,Va Va Voom,Spinart
variety,9811,"November 2 - 8, 1998",Oranj Symphonette,The Oranj Album,Rykodisc
variety,9811,"November 2 - 8, 1998",Cypress Hill,IV,Ruffhouse
variety,9811,"November 2 - 8, 1998",Wayne Horvitz and Zony Mash,Brand Spankin' New,Knitting Factory
variety,9811,"November 2 - 8, 1998",DJ Spooky,Riddim Warfare,Outpost
variety,9811,"November 2 - 8, 1998",Chris Ardoin and Double Clutchin',Turn The Page,Rounder
variety,9811,"November 2 - 8, 1998",(Various),"Future Sounds Of Jazz, Vol. 5",Compost
variety,9811,"November 2 - 8, 1998",Bonga,Angola 74,Tinder
variety,9811,"November 2 - 8, 1998",Living Daylights,500 Pound Cat,Liquid City
variety,9811,"November 2 - 8, 1998",Triakel,Triakel,NorthSide
variety,9811,"November 2 - 8, 1998",(Various),The Spirit Of Cape Verde,Tinder
variety,9811,"November 2 - 8, 1998",Blonde Redhead,In An Expression Of The Inexpressible,Touch and Go
variety,9811,"November 2 - 8, 1998",Klezmatics/Chava Alberstein,The Well,Xenophile
variety,9812,"Nov 30 - Dec 6, 1998",764-HERO,Get Here and Stay,Up
variety,9812,"Nov 30 - Dec 6, 1998",Outkast,Aquemini,LaFace
variety,9812,"Nov 30 - Dec 6, 1998",Stereolab,Aluminum Tunes,Drag City
variety,9812,"Nov 30 - Dec 6, 1998",Icu,Chotto Matte A Moment!,K
variety,9812,"Nov 30 - Dec 6, 1998",Bob Dylan,Live 1966,Columbia / Legacy
variety,9812,"Nov 30 - Dec 6, 1998",Scott 4,Recorded In State LP,Satellite/Folk Archive/V2
variety,9812,"Nov 30 - Dec 6, 1998",Macha,Macha,Jetset
variety,9812,"Nov 30 - Dec 6, 1998",Cubanismo!,Reencarnacion,Hannibal
variety,9812,"Nov 30 - Dec 6, 1998",Beck,Mutations,DGC
variety,9812,"Nov 30 - Dec 6, 1998",(Various),Land Of Baboon Vol. 2: The Return Of The Illclectic,Baraka
variety,9812,"Nov 30 - Dec 6, 1998",Son Volt,Wide Swing Tremolo,Warner Bros
variety,9812,"Nov 30 - Dec 6, 1998",The Jon Spencer Blues Explosion,Acme,Matador
variety,9812,"Nov 30 - Dec 6, 1998",Pine Valley Cosmonauts,Salute The Majesty Of Bob Wills,Bloodshot
variety,9812,"Nov 30 - Dec 6, 1998",(Various),Nuggets,Rhino
variety,9812,"Nov 30 - Dec 6, 1998",PJ Harvey,Is This Desire?,Island
variety,9812,"Nov 30 - Dec 6, 1998",Edith Frost,Telescopic,Drag City
variety,9812,"Nov 30 - Dec 6, 1998",Paul Burch & The WPA Ballclub,Wire To Wire,Checkered Past
variety,9812,"Nov 30 - Dec 6, 1998",Cat Power,Moon Pix,Matador
variety,9812,"Nov 30 - Dec 6, 1998",Junior Byles & Friends,129 Beat Street: Ja-Man Special 1975-1978,Blood and Fire
variety,9812,"Nov 30 - Dec 6, 1998",Mudhoney,Tomorrow Hit Today,Reprise
variety,9812,"Nov 30 - Dec 6, 1998",Portishead,Roseland NYC Live,Go!Beat/ London
variety,9812,"Nov 30 - Dec 6, 1998",Bombay The Hard Way,"Guns, Cars & Sitars",Motel
variety,9812,"Nov 30 - Dec 6, 1998",(Various),Two Cries Of Freedom,ROIR
variety,9812,"Nov 30 - Dec 6, 1998",Kristin Hersh,"Murder, Misery and Then Goodnight",4AD
variety,9812,"Nov 30 - Dec 6, 1998",Brand Nubian,Foundation,Arista
variety,9812,"Nov 30 - Dec 6, 1998",Viento De Agua,De Puerto Rico Al Mundo,Agogo/Qbadisc
variety,9812,"Nov 30 - Dec 6, 1998",Broun Fellinis,Out Through The N Door,Brounsoun
variety,9812,"Nov 30 - Dec 6, 1998",Vic Chesnutt,The Salesman & Bernadette,Capricorn
variety,9812,"Nov 30 - Dec 6, 1998",Mary Jane Lamond,Suas e!,A&M
variety,9812,"Nov 30 - Dec 6, 1998",Volume All*Star,Self-connected Twice-elected,Slabco
variety,9812,"Nov 30 - Dec 6, 1998",(Various),Beleza Tropical 2 Novo! Mais! Melhor!,Luaka Bop/ Warner Bros
variety,9812,"Nov 30 - Dec 6, 1998",Neotropic,Mr. Brubaker's Strawberry Alarm Clock,Ninja Tune
variety,9812,"Nov 30 - Dec 6, 1998",The Blacks,Dolly Horrorshow,Bloodshot
variety,9812,"Nov 30 - Dec 6, 1998",Boy Ge Mendes,Lagoa,Tinder
variety,9812,"Nov 30 - Dec 6, 1998",Dub Pistols,Point Blank,1500
variety,9812,"Nov 30 - Dec 6, 1998",Hayseed,Melic,Watermelon
variety,9812,"Nov 30 - Dec 6, 1998",(Various),Deeper Concentration,Om
variety,9812,"Nov 30 - Dec 6, 1998",Silver Jews,American Water,Drag City
variety,9812,"Nov 30 - Dec 6, 1998",Robyn Hitchcock,Storefront Hitchcock,Warner Bros
variety,9812,"Nov 30 - Dec 6, 1998",His Name Is Alive,Ft. Lake,4AD
variety,9812,"Nov 30 - Dec 6, 1998",Doug Sahm,S.D.Q. '98,Watermelon
variety,9812,"Nov 30 - Dec 6, 1998",(Various),Earthjuice Volume 1,Waveform
variety,9812,"Nov 30 - Dec 6, 1998",Kruder & Dorfmeister,The K&D Sessions,Stud!o K7
variety,9812,"Nov 30 - Dec 6, 1998",Citizens' Utilities,Sunbreak,My Own Planet
variety,9812,"Nov 30 - Dec 6, 1998",Fat Boy Slim,"You've Come A Long Way, Baby",Astralwerks
variety,9812,"Nov 30 - Dec 6, 1998",Deke Dickerson & The Ecco-Fonics,Number One Hit Record!,HMG
variety,9812,"Nov 30 - Dec 6, 1998",(Various),From The Tobacco Road Of Cuba,Alula
variety,9812,"Nov 30 - Dec 6, 1998",Seam,The Pace Is Glacial,Touch and Go
variety,9812,"Nov 30 - Dec 6, 1998",Talvin Singh,OK,Island
variety,9812,"Nov 30 - Dec 6, 1998",Sanna Kurki-Suonio,Musta,NorthSide
variety,9812,"Nov 30 - Dec 6, 1998",Golden Smog,Weird Tales,Rykodisc
variety,9812,"Nov 30 - Dec 6, 1998",(Various),The Spirit Of Cape Verde,Tinder
variety,9812,"Nov 30 - Dec 6, 1998",Cypress Hill,IV,Ruffhouse
variety,9812,"Nov 30 - Dec 6, 1998",(Various),Great Jewish Music: Marc Bolan,Tzadik
variety,9812,"Nov 30 - Dec 6, 1998",Cinerama,Va Va Voom,Spinart
variety,9812,"Nov 30 - Dec 6, 1998",Oranj Symphonette,The Oranj Album,Rykodisc
variety,9812,"Nov 30 - Dec 6, 1998",Eels,Electro-Shock Blues,DreamWorks
variety,9812,"Nov 30 - Dec 6, 1998",Natural Calamity,Peach Head,Ideal
variety,9812,"Nov 30 - Dec 6, 1998",Bonga,Angola 74,Tinder
variety,9812,"Nov 30 - Dec 6, 1998",Chris Ardoin and Double Clutchin',Turn The Page,Rounder
variety,9901,"January 4 - 11, 1999",African Head Charge vs. Professor Stretch,Drums Of Defiance,On U Sound
variety,9901,"January 4 - 11, 1999",Stereolab,Aluminum Tunes,Drag City
variety,9901,"January 4 - 11, 1999",Johnny Clarke,Dreader Dread 1976-1978,Blood and Fire
variety,9901,"January 4 - 11, 1999",MC Solaar,MC Solaar,Polydor France
variety,9901,"January 4 - 11, 1999",Bare Jr,Boo-Tay,Immortal/ Epic
variety,9901,"January 4 - 11, 1999",Thomas Mapfumo,Chimurenga '98,aNOnym
variety,9901,"January 4 - 11, 1999",Scott 4,Recorded In State LP,Satellite/Folk Archive/V2
variety,9901,"January 4 - 11, 1999",Mike Henderson & The Bluebloods,Thicker Than Water,Dead Reckoning
variety,9901,"January 4 - 11, 1999",Vic Chesnutt,The Salesman & Bernadette,Capricorn
variety,9901,"January 4 - 11, 1999",Portishead,Roseland NYC Live,Go!Beat/ London
variety,9901,"January 4 - 11, 1999",Bob Dylan,Live 1966,Columbia / Legacy
variety,9901,"January 4 - 11, 1999",(Various),Two Cries Of Freedom,ROIR
variety,9901,"January 4 - 11, 1999",764-HERO,Get Here and Stay,Up
variety,9901,"January 4 - 11, 1999",Macha,Macha,Jetset
variety,9901,"January 4 - 11, 1999",Bombay The Hard Way,"Guns, Cars & Sitars",Motel
variety,9901,"January 4 - 11, 1999",Mary Jane Lamond,Suas e!,A&M
variety,9901,"January 4 - 11, 1999",Beck,Mutations,DGC
variety,9901,"January 4 - 11, 1999",Robyn Hitchcock,Storefront Hitchcock,Warner Bros
variety,9901,"January 4 - 11, 1999",Outkast,Aquemini,LaFace
variety,9901,"January 4 - 11, 1999",Kruder & Dorfmeister,The K&D Sessions,Stud!o K7
variety,9901,"January 4 - 11, 1999",Harriet Tubman,I Am A Man,Knitting Factory
variety,9901,"January 4 - 11, 1999",(Various),King Size Ska,Trojan
variety,9901,"January 4 - 11, 1999",Kristin Hersh,"Murder, Misery and Then Goodnight",4AD
variety,9901,"January 4 - 11, 1999",Geoff Muldaur,The Secret Handshake,Hightone
variety,9901,"January 4 - 11, 1999",Broun Fellinis,Out Through The N Door,Brounsoun
variety,9901,"January 4 - 11, 1999",(Various),French Fried Funk Vol. II,Kickin
variety,9901,"January 4 - 11, 1999",Sly and Robbie,Drum & Bass Strip To The Bone By Howie B,Palm Pictures
variety,9901,"January 4 - 11, 1999",Volume All*Star,Self-connected Twice-elected,Slabco
variety,9901,"January 4 - 11, 1999",Lisa Germano,On The Way Down From The Moon Palace,Koch
variety,9901,"January 4 - 11, 1999",(Various),Joe Gibbs Mood: The Amalgamated Label 1968-71,Trojan
variety,9901,"January 4 - 11, 1999",Metropolitan Klezmer,Yiddish For Travelers,self-released
variety,9901,"January 4 - 11, 1999",Devil In A Woodpile,Devil In A Woodpile,Bloodshot
variety,9901,"January 4 - 11, 1999",Joe Morris Quartet,A Cloud Of Black Birds,Aum Fidelity
variety,9901,"January 4 - 11, 1999",Baaba Maal & Mansour Seck,Djam Leelii: The Adventurers,Palm Pictures
variety,9901,"January 4 - 11, 1999",Asian Dub Foundation,Rafi's Revenge,Slash
variety,9901,"January 4 - 11, 1999",Viento De Agua,De Puerto Rico Al Mundo,Agogo/Qbadisc
variety,9901,"January 4 - 11, 1999",Doug Sahm,S.D.Q. '98,Watermelon
variety,9901,"January 4 - 11, 1999",Brand Nubian,Foundation,Arista
variety,9901,"January 4 - 11, 1999",Neotropic,Mr. Brubaker's Strawberry Alarm Clock,Ninja Tune
variety,9901,"January 4 - 11, 1999",Boy Ge Mendes,Lagoa,Tinder
variety,9901,"January 4 - 11, 1999",Lurrie Bell,Kiss Of Sweet Blues,Delmark
variety,9901,"January 4 - 11, 1999",His Name Is Alive,Ft. Lake,4AD
variety,9901,"January 4 - 11, 1999",Eddie LeJeune,Cajun Spirit,Rounder
variety,9901,"January 4 - 11, 1999",Scarnella,Scarnella,Smells Like
variety,9901,"January 4 - 11, 1999",(Various),Beleza Tropical 2 Novo! Mais! Melhor!,Luaka Bop/ Warner Bros
variety,9901,"January 4 - 11, 1999",Jets To Brazil,Orange Rhyming Dictionary,JadeTree
variety,9901,"January 4 - 11, 1999",Hank Williams,The Complete Hank Williams Sampler,Mercury
variety,9901,"January 4 - 11, 1999",(Various),From The Tobacco Road Of Cuba,Alula
variety,9901,"January 4 - 11, 1999",Spiritualized,Royal Albert Hall October 10 1997,Arista /Dedicated
variety,9901,"January 4 - 11, 1999",Hive,Devious Methods,FFRR
variety,9901,"January 4 - 11, 1999",Sanna Kurki-Suonio,Musta,NorthSide
variety,9901,"January 4 - 11, 1999",B.B. King Blues On The Bayou MCA,,
variety,9901,"January 4 - 11, 1999",Dub Pistols,Point Blank,1500
variety,9901,"January 4 - 11, 1999",Number One Cup,People People Why Are We Fighting?,Flydaddy
variety,9901,"January 4 - 11, 1999",The Delusions,I Hope It Dies On A Sunny Day,My Own Planet
variety,9901,"January 4 - 11, 1999",Talvin Singh,OK,Island
variety,9901,"January 4 - 11, 1999",Karate,The Bed Is In The Ocean,Southern
variety,9901,"January 4 - 11, 1999",Sulukule,Rom Music Of Istanbul,Traditional Crossroads
variety,9901,"January 4 - 11, 1999",AMP,Stenorette,Kranky
variety,9901,"January 4 - 11, 1999",(Various),Sounds Like PAPER,FFRR
variety,9902,"February 1 - 7, 1999",Built to Spill,Keep It Like A Secret,Warner Bros
variety,9902,"February 1 - 7, 1999",Chuck E. Weiss,Extremely Cool,Slow River/ Rykodisc
variety,9902,"February 1 - 7, 1999",The Beta Band,The Three EPs,Astralwerks
variety,9902,"February 1 - 7, 1999",(Various),Real: The Tom T. Hall Project,Sire
variety,9902,"February 1 - 7, 1999",Hi Fi Killers,Jamaica,LooseGroove
variety,9902,"February 1 - 7, 1999",Tall Dwarfs,Fifty Flavours of Glue,Flying Nun
variety,9902,"February 1 - 7, 1999",Mike Henderson & The Bluebloods,Thicker Than Water,Dead Reckoning
variety,9902,"February 1 - 7, 1999",Smog,Knock Knock,Drag City
variety,9902,"February 1 - 7, 1999",Habib Koite & Bamada,Ma Ya,Putumayo Artists
variety,9902,"February 1 - 7, 1999",The Boo Radleys,Kingsize,Creation
variety,9902,"February 1 - 7, 1999",Pachora,Unn,Knitting Factory
variety,9902,"February 1 - 7, 1999",(Various),The Shadow Masters,Shadow
variety,9902,"February 1 - 7, 1999",Pale Nudes,Soul Come Home,Make Lip
variety,9902,"February 1 - 7, 1999",(Various),How Much For Trade?,Flying Nun
variety,9902,"February 1 - 7, 1999",Yungchen Lhamo,Coming Home,Real World
variety,9902,"February 1 - 7, 1999",(Various),King Size Ska,Trojan
variety,9902,"February 1 - 7, 1999",MC Solaar,MC Solaar,Polydor France
variety,9902,"February 1 - 7, 1999",Johnny Clarke,Dreader Dread 1976-1978,Blood and Fire
variety,9902,"February 1 - 7, 1999",Thomas Mapfumo,Chimurenga '98,aNOnym
variety,9902,"February 1 - 7, 1999",African Head Charge vs. Professor Stretch,Drums Of Defiance,On U Sound
variety,9902,"February 1 - 7, 1999",Sam Prekop,Sam Prekop,Thrill Jockey
variety,9902,"February 1 - 7, 1999",Imperial Teen,What Is Not To Love,Slash
variety,9902,"February 1 - 7, 1999",Ani DiFranco,Up Up Up Up Up Up,Righteous Babe
variety,9902,"February 1 - 7, 1999",The Pastels,Illuminati,Up
variety,9902,"February 1 - 7, 1999",Rusty Zinn,Confessin',Black Top
variety,9902,"February 1 - 7, 1999",Beaver Nelson,The Last Hurrah,Freedom
variety,9902,"February 1 - 7, 1999",(Various),"Tribes Of Da Underground, Vol. 4",INFRACom!
variety,9902,"February 1 - 7, 1999",Cephas & Wiggins,Homemade,Alligator
variety,9902,"February 1 - 7, 1999",The Flatirons,Prayer Bones,Checkered Past
variety,9902,"February 1 - 7, 1999",David Olney,Through A Glass Darkly,Philo
variety,9902,"February 1 - 7, 1999",(Various),Pop Romantique,Emperor Norton
variety,9902,"February 1 - 7, 1999",Mojave 3,Out Of Tune,Sire/ 4AD
variety,9902,"February 1 - 7, 1999",Roadside Monument,I Am The Day Of Current Taste,Tooth & Nail
variety,9902,"February 1 - 7, 1999",Ondar,Back Tuva Future,Warner Bros
variety,9902,"February 1 - 7, 1999",Ricky Skaggs,Ancient Tones,Skaggs Family
variety,9902,"February 1 - 7, 1999",Hadacol,Better Than This,Checkered Past
variety,9902,"February 1 - 7, 1999",Djivan Gasparyan & Michael Brook,Black Rock,Real World
variety,9902,"February 1 - 7, 1999",Seaweed,Actions and Indications,Merge
variety,9902,"February 1 - 7, 1999",Cisco,Wishing You Well From The Pink Motel,Propellant Transmissions
variety,9902,"February 1 - 7, 1999",Satisfact,The Third Meeting At The Third Counter,K
variety,9902,"February 1 - 7, 1999",Muslimgauze,Hussein Mahmood Jeeb Tehar Gass,Soleilmoon
variety,9902,"February 1 - 7, 1999",Cesar Rosas,Soul Disguise,Rykodisc
variety,9902,"February 1 - 7, 1999",Takako Minekawa,Cloudy Cloud Calculator,Emperor Norton
variety,9902,"February 1 - 7, 1999",(Various),Postpunk Chronicles,Rhino
variety,9902,"February 1 - 7, 1999",T-Model Ford,You Better Keep Still,Fat Possum/ Epitaph
variety,9902,"February 1 - 7, 1999",(Various),Mali To Memphis,Putumayo
variety,9902,"February 1 - 7, 1999",The Hope Blister,smile's ok,4AD / Mammoth
variety,9902,"February 1 - 7, 1999",(Various),Out Of Perspective,Soup-Disk
variety,9902,"February 1 - 7, 1999",Sly and Robbie,Drum & Bass Strip To The Bone By Howie B,Palm Pictures
variety,9902,"February 1 - 7, 1999",Lili Boniche,Alger Alger,A.P.C
variety,9902,"February 1 - 7, 1999",Coldcut,Let Us Replay!,Ninja Tune
variety,9902,"February 1 - 7, 1999",(Various),Joe Gibbs Mood: The Amalgamated Label 1968-71,Trojan
variety,9902,"February 1 - 7, 1999",Diane Izzo,One,Sugar Fre
variety,9902,"February 1 - 7, 1999",Gaze,Shake The Pounce,K
variety,9902,"February 1 - 7, 1999",Ian Simmonds,Last States Of Nature,Stud!o K7
variety,9902,"February 1 - 7, 1999",(Various),French Fried Funk Vol. II,Kickin
variety,9902,"February 1 - 7, 1999",Lisa Germano,On The Way Down From The Moon Palace,Koch
variety,9902,"February 1 - 7, 1999",Metropolitan Klezmer,Yiddish For Travelers,self-released
variety,9902,"February 1 - 7, 1999",Harriet Tubman,I Am A Man,Knitting Factory
variety,9902,"February 1 - 7, 1999",Novasonic Down Hyper Space,Embracing Magnetics,AudioInformationPhenomena
variety,9903,"March 1 - 7, 1999",Sleater-Kinney,The Hot Rock,Kill Rock Stars
variety,9903,"March 1 - 7, 1999",Built to Spill,Keep It Like A Secret,Warner Bros
variety,9903,"March 1 - 7, 1999",The Roots,Things Fall Apart,MCA
variety,9903,"March 1 - 7, 1999",Pete Krebs and the Gossamer Wings,Sweet Ona Rose,Cavity Search
variety,9903,"March 1 - 7, 1999",The Damnations TX,Half Mad Moon,Sire
variety,9903,"March 1 - 7, 1999",Hank Dogs,Bareback,Hannibal
variety,9903,"March 1 - 7, 1999",The Beta Band,The Three EPs,Astralwerks
variety,9903,"March 1 - 7, 1999",Steve Earle and the Del McCoury Band,The Mountain,E Squared
variety,9903,"March 1 - 7, 1999",Hedningarna,Karelia Visa,NorthSide
variety,9903,"March 1 - 7, 1999",Smog,Knock Knock,Drag City
variety,9903,"March 1 - 7, 1999",Chuck E. Weiss,Extremely Cool,Slow River/ Rykodisc
variety,9903,"March 1 - 7, 1999",Sparklehorse,Good Morning Spider,Capitol
variety,9903,"March 1 - 7, 1999",(Various),Real: The Tom T. Hall Project,Sire
variety,9903,"March 1 - 7, 1999",Sebadoh,The Sebadoh,Sub Pop /Sire
variety,9903,"March 1 - 7, 1999",Habib Koite & Bamada,Ma Ya,Putumayo Artists
variety,9903,"March 1 - 7, 1999",Imperial Teen,What Is Not To Love,Slash
variety,9903,"March 1 - 7, 1999",Yungchen Lhamo,Coming Home,Real World
variety,9903,"March 1 - 7, 1999",Pachora,Unn,Knitting Factory
variety,9903,"March 1 - 7, 1999",Hi Fi Killers,Jamaica,LooseGroove
variety,9903,"March 1 - 7, 1999",Pale Nudes,Soul Come Home,Make Lip
variety,9903,"March 1 - 7, 1999",Sam Prekop,Sam Prekop,Thrill Jockey
variety,9903,"March 1 - 7, 1999",Waco Brothers,WacoWorld,Bloodshot
variety,9903,"March 1 - 7, 1999",(Various),African Salsa,Stern's/Earthworks
variety,9903,"March 1 - 7, 1999",Biller and Wakefield,The Hot Guitars of Biller and Wakefield,HMG
variety,9903,"March 1 - 7, 1999",(Various),Ethiopiques 3,Buda Musique
variety,9903,"March 1 - 7, 1999",Jeep Beat Collective,Technics Chainsaw Massacre,Bomb
variety,9903,"March 1 - 7, 1999",Little Sue,Crow,Cravedog
variety,9903,"March 1 - 7, 1999",Thee Michelle Gun Elephant,Gear Blues,Triad
variety,9903,"March 1 - 7, 1999",Arling & Cameron,All-In,Emperor Norton
variety,9903,"March 1 - 7, 1999",The Wedding Present,Singles 1989-1991,Manifesto
variety,9903,"March 1 - 7, 1999",Yuri Yunakov,Balada,Traditional Crossroads
variety,9903,"March 1 - 7, 1999",The Del McCoury Band,The Family,Ceili
variety,9903,"March 1 - 7, 1999",(Various),Jack Straw's Live Room '98,Jack Straw
variety,9903,"March 1 - 7, 1999",Beaver Nelson,The Last Hurrah,Freedom
variety,9903,"March 1 - 7, 1999",Mojave 3,Out Of Tune,Sire/ 4AD
variety,9903,"March 1 - 7, 1999",Fruitloop,To Be Or Not To Be Bop A Lula,Cup Of Tea
variety,9903,"March 1 - 7, 1999",Burning Airlines,Mission: Control!,DeSoto
variety,9903,"March 1 - 7, 1999",The Flatirons,Prayer Bones,Checkered Past
variety,9903,"March 1 - 7, 1999",XTC,Apple Venus Volume One,TVT
variety,9903,"March 1 - 7, 1999",Rusty Zinn,Confessin',Black Top
variety,9903,"March 1 - 7, 1999",Alpha Yaya Diallo,The Message,Wicklow
variety,9903,"March 1 - 7, 1999",Bailter Space,Solar 3,Turnbuckle
variety,9903,"March 1 - 7, 1999",Cisco,Wishing You Well From The Pink Motel,Propellant Transmissions
variety,9903,"March 1 - 7, 1999",(Various),The Shadow Masters,Shadow
variety,9903,"March 1 - 7, 1999",Hadacol,Better Than This,Checkered Past
variety,9903,"March 1 - 7, 1999",The Boo Radleys,Kingsize,Creation
variety,9903,"March 1 - 7, 1999",Ondar,Back Tuva Future,Warner Bros
variety,9903,"March 1 - 7, 1999",(Various),Pop Romantique,Emperor Norton
variety,9903,"March 1 - 7, 1999",Snooky Pryor,Shake My Hand,Blind Pig
variety,9903,"March 1 - 7, 1999",Tall Dwarfs,Fifty Flavours of Glue,Flying Nun
variety,9903,"March 1 - 7, 1999",Cesar Rosas,Soul Disguise,Rykodisc
variety,9903,"March 1 - 7, 1999",Djivan Gasparyan & Michael Brook,Black Rock,Real World
variety,9903,"March 1 - 7, 1999",Seaweed,Actions and Indications,Merge
variety,9903,"March 1 - 7, 1999",David Olney,Through A Glass Darkly,Philo
variety,9903,"March 1 - 7, 1999",(Various),Postpunk Chronicles,Rhino
variety,9903,"March 1 - 7, 1999",Ani DiFranco,Up Up Up Up Up Up,Righteous Babe
variety,9903,"March 1 - 7, 1999",(Various),How Much For Trade?,Flying Nun
variety,9903,"March 1 - 7, 1999",Cephas & Wiggins,Homemade,Alligator
variety,9903,"March 1 - 7, 1999",(Various),"Tribes Of Da Underground, Vol. 4",INFRACom!
variety,9903,"March 1 - 7, 1999",Satisfact,The Third Meeting At The Third Counter,K
variety,9904,"March 29 - April 4, 1999",Pete Krebs and the Gossamer Wings,Sweet Ona Rose,Cavity Search
variety,9904,"March 29 - April 4, 1999",The Gourds,Ghosts Of Hallelujah,Munich
variety,9904,"March 29 - April 4, 1999",Sleater-Kinney,The Hot Rock,Kill Rock Stars
variety,9904,"March 29 - April 4, 1999",Corey Harris,Greens From The Garden,Alligator
variety,9904,"March 29 - April 4, 1999",The Roots,Things Fall Apart,MCA
variety,9904,"March 29 - April 4, 1999",Hank Dogs,Bareback,Hannibal
variety,9904,"March 29 - April 4, 1999",Old 97's,Fight Songs,Elektra
variety,9904,"March 29 - April 4, 1999",(Various),Source Material,Astralwerks
variety,9904,"March 29 - April 4, 1999",The Damnations TX,Half Mad Moon,Sire
variety,9904,"March 29 - April 4, 1999",Beth Orton,Central Reservation,Arista
variety,9904,"March 29 - April 4, 1999",The Chamber Strings,Gospel Morning,Bobsled
variety,9904,"March 29 - April 4, 1999",Wilco,Summerteeth,Reprise
variety,9904,"March 29 - April 4, 1999",Hedningarna,Karelia Visa,NorthSide
variety,9904,"March 29 - April 4, 1999",Smog,Knock Knock,Drag City
variety,9904,"March 29 - April 4, 1999",Built to Spill,Keep It Like A Secret,Warner Bros
variety,9904,"March 29 - April 4, 1999",Steve Earle and the Del McCoury Band,The Mountain,E Squared
variety,9904,"March 29 - April 4, 1999",Damien Jurado,Rehearsals For Departure,Sub Pop
variety,9904,"March 29 - April 4, 1999",Sebadoh,The Sebadoh,Sub Pop /Sire
variety,9904,"March 29 - April 4, 1999",The Beta Band,The Three EPs,Astralwerks
variety,9904,"March 29 - April 4, 1999",Sparklehorse,Good Morning Spider,Capitol
variety,9904,"March 29 - April 4, 1999",Gardener,New Dawning Time,Naughty Panther/ Sub Pop
variety,9904,"March 29 - April 4, 1999",David Hillyard and the Rocksteady Seven,Playtime,Hellcat
variety,9904,"March 29 - April 4, 1999",Looper,Up A Tree,Sub Pop
variety,9904,"March 29 - April 4, 1999",New Orleans Klezmer Allstars,Fresh Out The Past,Shanachie
variety,9904,"March 29 - April 4, 1999",Biller and Wakefield,The Hot Guitars of Biller and Wakefield,HMG
variety,9904,"March 29 - April 4, 1999",Vinicius Cantuaria,Tucuma,Verve
variety,9904,"March 29 - April 4, 1999",Thee Michelle Gun Elephant,Gear Blues,Triad
variety,9904,"March 29 - April 4, 1999",Elf Power,A Dream In Sound,Arena Rock/Elephant Six
variety,9904,"March 29 - April 4, 1999",Latin Playboys,Dose,Atlantic
variety,9904,"March 29 - April 4, 1999",Badmarsh+Shri,Dancing Drums,Tommy Boy
variety,9904,"March 29 - April 4, 1999",The Delgados,Peloton,Mantra/ Beggars Banquet
variety,9904,"March 29 - April 4, 1999",Cesaria Evora,Mar Azul,Nonesuch
variety,9904,"March 29 - April 4, 1999",The Olivia Tremor Control,"Black Foliage, Volume One",Flydaddy
variety,9904,"March 29 - April 4, 1999",(Various),Ethiopiques 3,Buda Musique
variety,9904,"March 29 - April 4, 1999",The Pinetops,Above Ground and Vertical,Soundproof/Monolyth
variety,9904,"March 29 - April 4, 1999",Arling & Cameron,All-In,Emperor Norton
variety,9904,"March 29 - April 4, 1999",Sam Prekop,Sam Prekop,Thrill Jockey
variety,9904,"March 29 - April 4, 1999",DJ Krush & Toshinori Kondo,Ki-Oku,Instinct
variety,9904,"March 29 - April 4, 1999",Blur,13,Virgin
variety,9904,"March 29 - April 4, 1999",(Various),Mephisto: San Francisco Plasmafunk,Mephisto/ Om
variety,9904,"March 29 - April 4, 1999",Little Sue,Crow,Cravedog
variety,9904,"March 29 - April 4, 1999",(Various),African Salsa,Stern's/Earthworks
variety,9904,"March 29 - April 4, 1999",Howie B,Snatch,Palm Pictures
variety,9904,"March 29 - April 4, 1999",Burning Airlines,Mission: Control!,DeSoto
variety,9904,"March 29 - April 4, 1999",XTC,Apple Venus Volume One,TVT
variety,9904,"March 29 - April 4, 1999",Jim O'Rourke,Eureka,Drag City
variety,9904,"March 29 - April 4, 1999",(Various),Jack Straw's Live Room '98,Jack Straw
variety,9904,"March 29 - April 4, 1999",Terry Allen,Salivation,Sugar Hill
variety,9904,"March 29 - April 4, 1999",Alpha Yaya Diallo,The Message,Wicklow
variety,9904,"March 29 - April 4, 1999",The Flatirons,Prayer Bones,Checkered Past
variety,9904,"March 29 - April 4, 1999",Joe Henry,Fuse,Mammoth
variety,9904,"March 29 - April 4, 1999",Waco Brothers,WacoWorld,Bloodshot
variety,9904,"March 29 - April 4, 1999",Cephas & Wiggins,Homemade,Alligator
variety,9904,"March 29 - April 4, 1999",Jeep Beat Collective,Technics Chainsaw Massacre,Bomb
variety,9904,"March 29 - April 4, 1999",Rusty Zinn,Confessin',Black Top
variety,9904,"March 29 - April 4, 1999",Bailter Space,Solar 3,Turnbuckle
variety,9904,"March 29 - April 4, 1999",Fruitloop,To Be Or Not To Be Bop A Lula,Cup Of Tea
variety,9904,"March 29 - April 4, 1999",Yuri Yunakov,Balada,Traditional Crossroads
variety,9904,"March 29 - April 4, 1999",(Various),Pop Romantique,Emperor Norton
variety,9904,"March 29 - April 4, 1999",The Wedding Present,Singles 1989-1991,Manifesto
variety,9905,"May 3 - 9, 1999",Juno,This Is The Way It Goes and Goes and Goes,De Soto/Pacifico
variety,9905,"May 3 - 9, 1999",Tom Waits,Mule Variations,Epitaph
variety,9905,"May 3 - 9, 1999",Badmarsh+Shri,Dancing Drums,Tommy Boy
variety,9905,"May 3 - 9, 1999",Old 97's,Fight Songs,Elektra
variety,9905,"May 3 - 9, 1999",Prolapse,Ghosts Of Dead Aeroplanes,Jetset
variety,9905,"May 3 - 9, 1999",King Tubby & Friends,Dub Like Dirt,Blood and Fire
variety,9905,"May 3 - 9, 1999",(Various),Cuba,Putumayo
variety,9905,"May 3 - 9, 1999",Lee Hazlewood,Cowboy In Sweden,Smells Like
variety,9905,"May 3 - 9, 1999",(Various),Traveler '99: A Planetful of Grooves,Six Degrees
variety,9905,"May 3 - 9, 1999",Corey Harris,Greens From The Garden,Alligator
variety,9905,"May 3 - 9, 1999",Garmarna,Vengeance,NorthSide
variety,9905,"May 3 - 9, 1999",Marc Olsen,Didn't Ever Hasn't Since,My Own Planet
variety,9905,"May 3 - 9, 1999",(Various),No Categories 2,Ubiquity
variety,9905,"May 3 - 9, 1999",Wilco,Summerteeth,Reprise
variety,9905,"May 3 - 9, 1999",Damien Jurado,Rehearsals For Departure,Sub Pop
variety,9905,"May 3 - 9, 1999",The Gourds,Ghosts Of Hallelujah,Munich
variety,9905,"May 3 - 9, 1999",(Various),Source Material,Astralwerks
variety,9905,"May 3 - 9, 1999",The Chamber Strings,Gospel Morning,Bobsled
variety,9905,"May 3 - 9, 1999",Beth Orton,Central Reservation,Arista
variety,9905,"May 3 - 9, 1999",Gardener,New Dawning Time,Naughty Panther/ Sub Pop
variety,9905,"May 3 - 9, 1999",Carl Sonny Leyland,I'm Wise,HMG
variety,9905,"May 3 - 9, 1999",The Blue Rags,Eat At Joe's,Sub Pop
variety,9905,"May 3 - 9, 1999",Add N To (X),Avant Hard,Mute
variety,9905,"May 3 - 9, 1999",(Various),Brasileiro,Putumayo
variety,9905,"May 3 - 9, 1999",Cul de Sac,Crashes to Light Minutes to Its Fall,Thirsty Ear
variety,9905,"May 3 - 9, 1999",Mandy Barnett,I've Got A Right To Cry,Sire
variety,9905,"May 3 - 9, 1999",(Various),Ethiopiques 4,Buda Musique
variety,9905,"May 3 - 9, 1999",Shaver,Electric Shaver,New West
variety,9905,"May 3 - 9, 1999",Da Damn Phreak Noize Phunk,Electric Crate Digger,Stud!o K7
variety,9905,"May 3 - 9, 1999",Alejandro Escovedo,Bourbonitis Blues,Bloodshot
variety,9905,"May 3 - 9, 1999",(Various),We Come In Peace,Luaka Bop / Warner Bros
variety,9905,"May 3 - 9, 1999",GusGus,This Is Normal,4AD / Warner Bros
variety,9905,"May 3 - 9, 1999",Emil Zrihan,Ashkelon: Moroccan Mawal,Piranha
variety,9905,"May 3 - 9, 1999",Nightmares On Wax,Carboot Soul,Matador
variety,9905,"May 3 - 9, 1999",Charlie Hunter/Leon Parker,Duo,Blue Note
variety,9905,"May 3 - 9, 1999",The Olivia Tremor Control,"Black Foliage, Volume One",Flydaddy
variety,9905,"May 3 - 9, 1999",Pizzicato Five,Playboy & Playgirl,Matador
variety,9905,"May 3 - 9, 1999",Elf Power,A Dream In Sound,Arena Rock/Elephant Six
variety,9905,"May 3 - 9, 1999",Danny Gatton,Hot Rod Guitar: The Danny Gatton Anthology,Rhino
variety,9905,"May 3 - 9, 1999",Mogwai,Come On Die Young,Matador
variety,9905,"May 3 - 9, 1999",Amadou et Mariam,Sou Ni Tile,Tinder
variety,9905,"May 3 - 9, 1999",Danmass,Form Freaks,Dust 2 Dust
variety,9905,"May 3 - 9, 1999",New Orleans Klezmer Allstars,Fresh Out The Past,Shanachie
variety,9905,"May 3 - 9, 1999",Latin Playboys,Dose,Atlantic
variety,9905,"May 3 - 9, 1999",Halou,We Only Love You,Bedazzled
variety,9905,"May 3 - 9, 1999",Vinicius Cantuaria,Tucuma,Verve
variety,9905,"May 3 - 9, 1999",(Various),Heavyweight 3,Blood and Fire
variety,9905,"May 3 - 9, 1999",Joe Henry,Fuse,Mammoth
variety,9905,"May 3 - 9, 1999",Thievery Corporation,Abductions and Reconstructions,18th Street Lounge
variety,9905,"May 3 - 9, 1999",Cassandra Wilson,Traveling Miles,Blue Note
variety,9905,"May 3 - 9, 1999",(Various),Mephisto: San Francisco Plasmafunk,Mephisto/ Om
variety,9905,"May 3 - 9, 1999",The Delgados,Peloton,Mantra/ Beggars Banquet
variety,9905,"May 3 - 9, 1999",Cesaria Evora,Mar Azul,Nonesuch
variety,9905,"May 3 - 9, 1999",David Hillyard and the Rocksteady Seven,Playtime,Hellcat
variety,9905,"May 3 - 9, 1999",Regia,The Art Of Navigation,Spinart
variety,9905,"May 3 - 9, 1999",Terry Allen,Salivation,Sugar Hill
variety,9905,"May 3 - 9, 1999",Looper,Up A Tree,Sub Pop
variety,9905,"May 3 - 9, 1999",Blur,13,Virgin
variety,9905,"May 3 - 9, 1999",Howie B,Snatch,Palm Pictures
variety,9905,"May 3 - 9, 1999",Ghost,"Snuff Box Immanence/Tune In, Turn On, Free Tibet",Drag City
variety,9906,"May 31 - June 6, 1999",Juno,This Is The Way It Goes and Goes and Goes,De Soto/Pacifico
variety,9906,"May 31 - June 6, 1999",Fred Eaglesmith,50-Odd Dollars,Razor & Tie
variety,9906,"May 31 - June 6, 1999",(Various),Suck It and See,Palm Pictures
variety,9906,"May 31 - June 6, 1999",Freestylers,We Rock Hard,Mammoth
variety,9906,"May 31 - June 6, 1999",(Various),Cuba,Putumayo
variety,9906,"May 31 - June 6, 1999",Pavement,Terror Twilight,Matador
variety,9906,"May 31 - June 6, 1999",Tom Waits,Mule Variations,Epitaph
variety,9906,"May 31 - June 6, 1999",Red Snapper,Making Bones,Matador
variety,9906,"May 31 - June 6, 1999",Mary Janes,Record No. 1,Delmore
variety,9906,"May 31 - June 6, 1999",(Various),Roots Rock Guitar Party: Zimbabwe Frontline 3,Stern's/Earthworks
variety,9906,"May 31 - June 6, 1999",The Dirty Dozen Brass Band,Buck Jump,Mammoth
variety,9906,"May 31 - June 6, 1999",Prolapse,Ghosts Of Dead Aeroplanes,Jetset
variety,9906,"May 31 - June 6, 1999",(Various),Traveler '99: A Planetful of Grooves,Six Degrees
variety,9906,"May 31 - June 6, 1999",Marc Olsen,Didn't Ever Hasn't Since,My Own Planet
variety,9906,"May 31 - June 6, 1999",(Various),We Come In Peace,Luaka Bop / Warner Bros
variety,9906,"May 31 - June 6, 1999",Garmarna,Vengeance,NorthSide
variety,9906,"May 31 - June 6, 1999",Lee Hazlewood,Cowboy In Sweden,Smells Like
variety,9906,"May 31 - June 6, 1999",(Various),No Categories 2,Ubiquity [
variety,9906,"May 31 - June 6, 1999",King Tubby & Friends,Dub Like Dirt,Blood and Fire
variety,9906,"May 31 - June 6, 1999",(Various),Brasileiro,Putumayo
variety,9906,"May 31 - June 6, 1999",Hellacopters,Grande Rock,Sub Pop
variety,9906,"May 31 - June 6, 1999",(Various),Doob Doob O' Rama: Filmsongs From Bollywood,Normal
variety,9906,"May 31 - June 6, 1999",Spain,She Haunts My Dreams,Restless
variety,9906,"May 31 - June 6, 1999",Thievery Corporation,DJ Kicks,Stud!o K7
variety,9906,"May 31 - June 6, 1999",John Jackson,Front Porch Blues,Alligator
variety,9906,"May 31 - June 6, 1999",The Bevis Frond,Vavona Burr,Flydaddy
variety,9906,"May 31 - June 6, 1999",Johnny Dilks & his Visitacion Valley Boys,Acres Of Heartache,HMG
variety,9906,"May 31 - June 6, 1999",Kilmer,The Highlands and Lowlands,self-released
variety,9906,"May 31 - June 6, 1999",Spacetime Continuum,Double Fine Zone,Astralwerks
variety,9906,"May 31 - June 6, 1999",Cul de Sac,Crashes to Light Minutes to Its Fall,Thirsty Ear
variety,9906,"May 31 - June 6, 1999",Barbarito Torres,Havana Caf,Atlantic
variety,9906,"May 31 - June 6, 1999",GusGus,This Is Normal,4AD / Warner Bros
variety,9906,"May 31 - June 6, 1999",(Various),Sub Rosa vs. Shi-Ra-Nui,Sub Rosa
variety,9906,"May 31 - June 6, 1999",Bill Frisell,"Good Dog, Happy Man",Nonesuch
variety,9906,"May 31 - June 6, 1999",The Dark Fantastic,The Dark Fantastic,Up
variety,9906,"May 31 - June 6, 1999",Add N To (X),Avant Hard,Mute
variety,9906,"May 31 - June 6, 1999",Shaver,Electric Shaver,New West
variety,9906,"May 31 - June 6, 1999",Da Damn Phreak Noize Phunk,Electric Crate Digger,Stud!o K7
variety,9906,"May 31 - June 6, 1999",Five Horse Johnson,Fat Black Pussy Cat,Small Stone
variety,9906,"May 31 - June 6, 1999",Spaceheads,Angel Station,Merge
variety,9906,"May 31 - June 6, 1999",Mandy Barnett,I've Got A Right To Cry,Sire
variety,9906,"May 31 - June 6, 1999",(Various),Songs Of The Siren 2,Shadow
variety,9906,"May 31 - June 6, 1999",Nightmares On Wax,Carboot Soul,Matador
variety,9906,"May 31 - June 6, 1999",(Various),Ethiopiques 4,Buda Musique
variety,9906,"May 31 - June 6, 1999",The Backsliders,Southern Lines,Mammoth
variety,9906,"May 31 - June 6, 1999",Pizzicato Five,Playboy & Playgirl,Matador
variety,9906,"May 31 - June 6, 1999",Carl Sonny Leyland,I'm Wise,HMG
variety,9906,"May 31 - June 6, 1999",Kandia Kouyate,Kita Kan,Stern's Africa
variety,9906,"May 31 - June 6, 1999",Danmass,Form Freaks,Dust 2 Dust
variety,9906,"May 31 - June 6, 1999",Ned Sublette,Cowboy Rumba,Palm Pictures
variety,9906,"May 31 - June 6, 1999",The Blue Rags,Eat At Joe's,Sub Pop
variety,9906,"May 31 - June 6, 1999",Amadou et Mariam,Sou Ni Tile,Tinder
variety,9906,"May 31 - June 6, 1999",(Various),Heavyweight 3,Blood and Fire
variety,9906,"May 31 - June 6, 1999",Danny Gatton,Hot Rod Guitar: The Danny Gatton Anthology,Rhino
variety,9906,"May 31 - June 6, 1999",Thievery Corporation,Abductions and Reconstructions,18th Street Lounge
variety,9906,"May 31 - June 6, 1999",Alejandro Escovedo,Bourbonitis Blues,Bloodshot
variety,9906,"May 31 - June 6, 1999",Regia,The Art Of Navigation,Spinart
variety,9906,"May 31 - June 6, 1999",Ghost,"Snuff Box Immanence/Tune In, Turn On, Free Tibet",Drag City
variety,9906,"May 31 - June 6, 1999",The Mendoza Line,I Like You When You're Not Around,Kindercore
variety,9906,"May 31 - June 6, 1999",Emil Zrihan,Ashkelon: Moroccan Mawal,Piranha
variety,9907,"June 28 - July 4, 1999",The Flaming Lips,The Soft Bulletin,Warner Bros
variety,9907,"June 28 - July 4, 1999",Maktub,Subtle Ways,JMG
variety,9907,"June 28 - July 4, 1999",Fred Eaglesmith,50-Odd Dollars,Razor & Tie
variety,9907,"June 28 - July 4, 1999",(Various),Suck It and See,Palm Pictures
variety,9907,"June 28 - July 4, 1999",Mary Janes,Record No. 1,Delmore
variety,9907,"June 28 - July 4, 1999",Black Box Recorder,England Made Me,Jetset
variety,9907,"June 28 - July 4, 1999",Pavement,Terror Twilight,Matador
variety,9907,"June 28 - July 4, 1999",MC Solaar,Le Tour De La Question,Sentinel Quest/East West France
variety,9907,"June 28 - July 4, 1999",Rusty Willoughby,Rusty Willoughby,Book/ Hothouse
variety,9907,"June 28 - July 4, 1999",(Various),"Loud, Fast & Out Of Control",Rhino
variety,9907,"June 28 - July 4, 1999",The Beta Band,The Beta Band,Astralwerks
variety,9907,"June 28 - July 4, 1999",Caetano Veloso,Livro,Nonesuch
variety,9907,"June 28 - July 4, 1999",Red Snapper,Making Bones,Matador
variety,9907,"June 28 - July 4, 1999",Os Mutantes,Everything Is Possible!,Luaka Bop / Warner Bros
variety,9907,"June 28 - July 4, 1999",The Dirty Dozen Brass Band,Buck Jump,Mammoth
variety,9907,"June 28 - July 4, 1999",Hellacopters,Grande Rock,Sub Pop
variety,9907,"June 28 - July 4, 1999",(Various),Roots Rock Guitar Party: Zimbabwe Frontline 3,Stern's/Earthworks
variety,9907,"June 28 - July 4, 1999",Juno,This Is The Way It Goes and Goes and Goes,De Soto/Pacifico
variety,9907,"June 28 - July 4, 1999",Da Damn Phreak Noize Phunk,Electric Crate Digger,Stud!o K7
variety,9907,"June 28 - July 4, 1999",Freestylers,We Rock Hard,Mammoth
variety,9907,"June 28 - July 4, 1999",(Various),Edges From The Postcard 3,Hayden's Ferry
variety,9907,"June 28 - July 4, 1999",The Bevis Frond,Vavona Burr,Flydaddy
variety,9907,"June 28 - July 4, 1999",Plena Libre,Juntos y Revueltos,RykoLatino
variety,9907,"June 28 - July 4, 1999",Spain,She Haunts My Dreams,Restless
variety,9907,"June 28 - July 4, 1999",Ali Farka Toure,Niafunke,Hannibal
variety,9907,"June 28 - July 4, 1999",Chemical Brothers,Surrender,Astralwerks
variety,9907,"June 28 - July 4, 1999",(Various),Doob Doob O' Rama: Filmsongs From Bollywood,Normal
variety,9907,"June 28 - July 4, 1999",Thievery Corporation,DJ Kicks,Stud!o K7
variety,9907,"June 28 - July 4, 1999",(Various),Return Of The Grievous Angel,Almo Sounds
variety,9907,"June 28 - July 4, 1999",The Blue Hawaiians,Savage Night,Coolsville / Interscope
variety,9907,"June 28 - July 4, 1999",Kilmer,The Highlands and Lowlands,self-released
variety,9907,"June 28 - July 4, 1999",(Various),Wallpaper mach 1.5,Sweet Mother
variety,9907,"June 28 - July 4, 1999",Eliades Ochoa,Sublime Ilusion,Higher Octave World
variety,9907,"June 28 - July 4, 1999",Moby,Play,V2
variety,9907,"June 28 - July 4, 1999",The Dark Fantastic,The Dark Fantastic,Up
variety,9907,"June 28 - July 4, 1999",Cibo Matto,Stereo Type A,Warner Bros
variety,9907,"June 28 - July 4, 1999",Johnny Dilks & his Visitacion Valley Boys,Acres Of Heartache,HMG
variety,9907,"June 28 - July 4, 1999",(Various),"Oh, Merge",Merge
variety,9907,"June 28 - July 4, 1999",Bill Frisell,"Good Dog, Happy Man",Nonesuch
variety,9907,"June 28 - July 4, 1999",Five Horse Johnson,Fat Black Pussy Cat,Small Stone
variety,9907,"June 28 - July 4, 1999",Barbarito Torres,Havana Caf,Atlantic
variety,9907,"June 28 - July 4, 1999",Shaver,Electric Shaver,New West
variety,9907,"June 28 - July 4, 1999",Hillpeople,Hillpeople,self-released
variety,9907,"June 28 - July 4, 1999",(Various),Cuba,Putumayo
variety,9907,"June 28 - July 4, 1999",Boom Boom Satellites,Out Loud,Epic
variety,9907,"June 28 - July 4, 1999",Jack Logan,Buzz Me In,Capricorn
variety,9907,"June 28 - July 4, 1999",Afro-Celt Sound System,Volume 2: Release,Real World
variety,9907,"June 28 - July 4, 1999",(Various),Brasileiro,Putumayo
variety,9907,"June 28 - July 4, 1999",Spacetime Continuum,Double Fine Zone,Astralwerks
variety,9907,"June 28 - July 4, 1999",The Mendoza Line,I Like You When You're Not Around,Kindercore
variety,9907,"June 28 - July 4, 1999",800 Cherries,Romantico,March
variety,9907,"June 28 - July 4, 1999",The Blue Rags,Eat At Joe's,Sub Pop
variety,9907,"June 28 - July 4, 1999",Sumack,LP1: This Is Junk Rock,Tainted
variety,9907,"June 28 - July 4, 1999",(Various),Songs Of The Siren 2,Shadow
variety,9907,"June 28 - July 4, 1999",John Jackson,Front Porch Blues,Alligator
variety,9907,"June 28 - July 4, 1999",Spaceheads,Angel Station,Merge
variety,9907,"June 28 - July 4, 1999",Danny Gatton,Hot Rod Guitar: The Danny Gatton Anthology,Rhino
variety,9907,"June 28 - July 4, 1999",(Various),Sub Rosa vs. Shi-Ra-Nui,Sub Rosa
variety,9907,"June 28 - July 4, 1999",OLO,The Olorized Color Album,AudioInformationPhenomena
variety,9907,"June 28 - July 4, 1999",Kandia Kouyate,Kita Kan,Stern's Africa
variety,9908,"August 2 - 8, 1999",Basement Jaxx,Remedy,Astralwerks
variety,9908,"August 2 - 8, 1999",The Dusty 45s,Shackin' Up,self-released
variety,9908,"August 2 - 8, 1999",Public Enemy,There's A Poison Goin' On,Atomic Pop
variety,9908,"August 2 - 8, 1999",Los Lobos,This Time,Hollywood
variety,9908,"August 2 - 8, 1999",Kelly Joe Phelps,Shine Eyed Mister Zen,Rykodisc
variety,9908,"August 2 - 8, 1999",Macy Gray,On How Life Is,Epic
variety,9908,"August 2 - 8, 1999",The Flaming Lips,The Soft Bulletin,Warner Bros
variety,9908,"August 2 - 8, 1999",Maktub,Subtle Ways,JMG
variety,9908,"August 2 - 8, 1999",Belle and Sebastian,Tigermilk,Matador
variety,9908,"August 2 - 8, 1999",Wayne Hancock,"Wild, Free & Reckless",Ark 21
variety,9908,"August 2 - 8, 1999",(Various),The New Latinaires,Ubiquity
variety,9908,"August 2 - 8, 1999",Rusty Willoughby,Rusty Willoughby,Book/ Hothouse
variety,9908,"August 2 - 8, 1999",MC Solaar,Le Tour De La Question,Sentinel Quest/East West France
variety,9908,"August 2 - 8, 1999",Those Bastard Souls,Debt & Departure,V2
variety,9908,"August 2 - 8, 1999",Os Mutantes,Everything Is Possible!,Luaka Bop / Warner Bros
variety,9908,"August 2 - 8, 1999",Black Box Recorder,England Made Me,Jetset
variety,9908,"August 2 - 8, 1999",(Various),"Loud, Fast & Out Of Control",Rhino
variety,9908,"August 2 - 8, 1999",The Meat Purveyors,More Songs About Buildings and Food,Bloodshot
variety,9908,"August 2 - 8, 1999",Caetano Veloso,Livro,Nonesuch
variety,9908,"August 2 - 8, 1999",The Beta Band,The Beta Band,Astralwerks
variety,9908,"August 2 - 8, 1999",Macha,See It Another Way,Jetset
variety,9908,"August 2 - 8, 1999",Robyn Hitchcock,Jewels For Sophia,Warner Bros
variety,9908,"August 2 - 8, 1999",Ursula 1000,The Now Sounds Of Ursula 1000,Eighteenth Street Lounge
variety,9908,"August 2 - 8, 1999",Hot Club of Cowtown,Tall Tales,Hightone
variety,9908,"August 2 - 8, 1999",Paul Jones,Pucker Up Buttercup,Fat Possum
variety,9908,"August 2 - 8, 1999",(Various),Red Hot + Lisbon,Red Hot/ Bar None
variety,9908,"August 2 - 8, 1999",The Walkabouts,Trail Of Stars,Glitterhouse
variety,9908,"August 2 - 8, 1999",Habib Koite & Bamada,Muso Ko,Alula
variety,9908,"August 2 - 8, 1999",Lamb,Fear of Fours,Fontana/Mercury
variety,9908,"August 2 - 8, 1999",(Various),Edges From The Postcard 3,Hayden's Ferry
variety,9908,"August 2 - 8, 1999",Terry Lee Hale & the Blind Doctors,Old Hand,Glitterhouse
variety,9908,"August 2 - 8, 1999",Max Romeo,Open The Iron Gate 1973-1977,Blood and Fire
variety,9908,"August 2 - 8, 1999",(Various),Unknownwerks: Volume 01,Astralwerks
variety,9908,"August 2 - 8, 1999",Cafe Tacuba,Reves/Yosoy,Warner Bros /WEA Latina
variety,9908,"August 2 - 8, 1999",Kristin Hersh,Sky Motel,4AD
variety,9908,"August 2 - 8, 1999",Mr. Bungle,California,Warner Bros
variety,9908,"August 2 - 8, 1999",Chemical Brothers,Surrender,Astralwerks
variety,9908,"August 2 - 8, 1999",Plena Libre,Juntos y Revueltos,RykoLatino
variety,9908,"August 2 - 8, 1999",The Negro Problem,Joys & Concerns,Aerial Flipout
variety,9908,"August 2 - 8, 1999",Guided By Voices,Do The Collapse,TVT
variety,9908,"August 2 - 8, 1999",(Various),"Crooklyn Dub Outernational Presents Certified Dope, Vol. 3",WordSound
variety,9908,"August 2 - 8, 1999",Red House Painters,Retrospective,4AD
variety,9908,"August 2 - 8, 1999",Ali Farka Toure,Niafunke,Hannibal
variety,9908,"August 2 - 8, 1999",GZA/Genius,Beneath The Surface,MCA
variety,9908,"August 2 - 8, 1999",The Blue Hawaiians,Savage Night,Coolsville / Interscope
variety,9908,"August 2 - 8, 1999",Toumani Diabate with Ballake Sissoko,New Ancient Strings,Hannibal
variety,9908,"August 2 - 8, 1999",Luscious Jackson,Electric Honey,Capitol
variety,9908,"August 2 - 8, 1999",(Various),Wallpaper mach 1.5,Sweet Mother
variety,9908,"August 2 - 8, 1999",Eliades Ochoa,Sublime Ilusion,Higher Octave World
variety,9908,"August 2 - 8, 1999",(Various),Electro-Lounge,The Right Stuff
variety,9908,"August 2 - 8, 1999",Jack Logan,Buzz Me In,Capricorn
variety,9908,"August 2 - 8, 1999",Moby,Play,V2
variety,9908,"August 2 - 8, 1999",800 Cherries,Romantico,March
variety,9908,"August 2 - 8, 1999",(Various),"Oh, Merge",Merge
variety,9908,"August 2 - 8, 1999",Ibrahim Ferrer,Buena Vista Social Club Presents,World Circuit / Nonesuch
variety,9908,"August 2 - 8, 1999",Cibo Matto,Stereo Type A,Warner Bros
variety,9908,"August 2 - 8, 1999",Boom Boom Satellites,Out Loud,Epic
variety,9908,"August 2 - 8, 1999",Hillpeople,Hillpeople,self-released
variety,9908,"August 2 - 8, 1999",(Various),Return Of The Grievous Angel,Almo Sounds
variety,9908,"August 2 - 8, 1999",Brilliantine,My Life and the Beautiful Game,Deep Reverb
variety,9909,"August 30 - Sept 5, 1999",Kool Keith,Black Elvis/Lost In Space,Ruffhouse / Columbia
variety,9909,"August 30 - Sept 5, 1999",The Folk Implosion,One Part Lullaby,Interscope
variety,9909,"August 30 - Sept 5, 1999",Macy Gray,On How Life Is,Epic
variety,9909,"August 30 - Sept 5, 1999",Basement Jaxx,Remedy,Astralwerks
variety,9909,"August 30 - Sept 5, 1999",Richard Thompson,Mock Tudor,Capitol
variety,9909,"August 30 - Sept 5, 1999",Slick Sixty,Nibs and Nabs,Mute
variety,9909,"August 30 - Sept 5, 1999",Rico Bell & The Snake Handlers,Dark Side of The Mersey,Bloodshot
variety,9909,"August 30 - Sept 5, 1999",Superchunk,Come Pick Me Up,Merge
variety,9909,"August 30 - Sept 5, 1999",Bows,Blush,Too Pure
variety,9909,"August 30 - Sept 5, 1999",Kaouding Cissoko,Kora Revolution,Palm Pictures
variety,9909,"August 30 - Sept 5, 1999",Captain Beefheart & the Magic Band,The Dust Blows Forward,Rhino
variety,9909,"August 30 - Sept 5, 1999",(Various),The New Latinaires,Ubiquity
variety,9909,"August 30 - Sept 5, 1999",Los Lobos,This Time,Hollywood
variety,9909,"August 30 - Sept 5, 1999",Wayne Hancock,"Wild, Free & Reckless",Ark 21
variety,9909,"August 30 - Sept 5, 1999",The Dusty 45s,Shackin' Up,self-released
variety,9909,"August 30 - Sept 5, 1999",Belle and Sebastian,Tigermilk,Matador
variety,9909,"August 30 - Sept 5, 1999",Those Bastard Souls,Debt & Departure,V2
variety,9909,"August 30 - Sept 5, 1999",MC Solaar,Le Tour De La Question,Sentinel Quest/East West France
variety,9909,"August 30 - Sept 5, 1999",Kelly Joe Phelps,Shine Eyed Mister Zen,Rykodisc
variety,9909,"August 30 - Sept 5, 1999",The Meat Purveyors,More Songs About Buildings and Cows,Bloodshot
variety,9909,"August 30 - Sept 5, 1999",East River Pipe,The Gasoline Age,Merge
variety,9909,"August 30 - Sept 5, 1999",Stereolab,Cobra and Phases Group Play Voltage,Elektra
variety,9909,"August 30 - Sept 5, 1999",Joel R.L. Phelps and the Downer Trio,Blackbird,Pacifico
variety,9909,"August 30 - Sept 5, 1999",Hot Club of Cowtown,Tall Tales,Hightone
variety,9909,"August 30 - Sept 5, 1999",(Various),Freezone 6: Fourth Person Singular,SSR / Crammed Discs
variety,9909,"August 30 - Sept 5, 1999",Marine Research,Sounds From The Gulf Stream,K
variety,9909,"August 30 - Sept 5, 1999",(Various),Red Hot + Lisbon,Red Hot/ Bar None
variety,9909,"August 30 - Sept 5, 1999",Los Straitjackets,The Velvet Touch of Los Straitjackets,Yep Roc
variety,9909,"August 30 - Sept 5, 1999",Ursula 1000,The Now Sounds Of Ursula 1000,Eighteenth Street Lounge
variety,9909,"August 30 - Sept 5, 1999",Arsonists,As The World Burns,Matador
variety,9909,"August 30 - Sept 5, 1999",Rabih Abou-Khalil,Yara,Enja
variety,9909,"August 30 - Sept 5, 1999",Tricky with DJ Muggs and Grease,Juxtapose,Island
variety,9909,"August 30 - Sept 5, 1999",Julie Miller,Broken Things,Hightone
variety,9909,"August 30 - Sept 5, 1999",Andrew Bird's Bowl of Fire,Oh! The Grandeur,Rykodisc
variety,9909,"August 30 - Sept 5, 1999",Robyn Hitchcock,Jewels For Sophia,Warner Bros
variety,9909,"August 30 - Sept 5, 1999",Lucky Dube,The Way It Is,Shanachie
variety,9909,"August 30 - Sept 5, 1999",Macha,See It Another Way,Jetset
variety,9909,"August 30 - Sept 5, 1999",(Various),Brasil 2mil: 1. The Soul of Bass-O-Nova,Six Degrees
variety,9909,"August 30 - Sept 5, 1999",Terry Lee Hale & the Blind Doctors,Old Hand,Glitterhouse
variety,9909,"August 30 - Sept 5, 1999",Gang Starr,Full Clip: A Decade Of Gang Starr,Noo Trybe/ Virgin
variety,9909,"August 30 - Sept 5, 1999",Taj Mahal/Toumani Diabate,Kulanjan,Hannibal
variety,9909,"August 30 - Sept 5, 1999",Red House Painters,Retrospective,4AD
variety,9909,"August 30 - Sept 5, 1999",Lamb,Fear of Fours,Fontana/ Mercury
variety,9909,"August 30 - Sept 5, 1999",Kristin Hersh,Sky Motel,4AD
variety,9909,"August 30 - Sept 5, 1999",Bamboleo,Ya No Hace Falta,Ahii-Nama
variety,9909,"August 30 - Sept 5, 1999",The Walkabouts,Trail Of Stars,Glitterhouse
variety,9909,"August 30 - Sept 5, 1999",Max Romeo,Open The Iron Gate 1973-1977,Blood and Fire
variety,9909,"August 30 - Sept 5, 1999",Ana D,Satelite 99,Grimsey
variety,9909,"August 30 - Sept 5, 1999",(Various),Unknownwerks: Volume 01,Astralwerks
variety,9909,"August 30 - Sept 5, 1999",Paul Jones,Pucker Up Buttercup,Fat Possum
variety,9909,"August 30 - Sept 5, 1999",Habib Koite & Bamada,Muso Ko,Alula
variety,9909,"August 30 - Sept 5, 1999",Public Enemy,There's A Poison Goin' On,Atomic Pop
variety,9909,"August 30 - Sept 5, 1999",The Negro Problem,Joys & Concerns,Aerial Flipout
variety,9909,"August 30 - Sept 5, 1999",Luscious Jackson,Electric Honey,Capitol
variety,9909,"August 30 - Sept 5, 1999",Toumani Diabate with Ballake Sissoko,New Ancient Strings,Hannibal
variety,9909,"August 30 - Sept 5, 1999",Guided By Voices,Do The Collapse,TVT
variety,9909,"August 30 - Sept 5, 1999",(Various),"Crooklyn Dub Outernational Presents Certified Dope, Vol. 3",WordSound
variety,9909,"August 30 - Sept 5, 1999",GZA/Genius,Beneath The Surface,MCA
variety,9911,"November 15 - 21, 1999",Mos Def,Black On Both Sides,Rawkus
variety,9911,"November 15 - 21, 1999",Luna,The Days Of Our Nights,Jericho/Cello/Sire
variety,9911,"November 15 - 21, 1999",Kid Loco,Presents Jesus Life For Children Under 12 Inches,Atlantic
variety,9911,"November 15 - 21, 1999",Air Cuba,Leap of Faith,4AD
variety,9911,"November 15 - 21, 1999",Sally Timms,Cowboy Sally's Twilight Laments,Bloodshot
variety,9911,"November 15 - 21, 1999",Handsome Boy Modeling School,So How's Your Girl?,Tommy Boy
variety,9911,"November 15 - 21, 1999",Zen Guerrilla,Trance State In Tongues,Sub Pop
variety,9911,"November 15 - 21, 1999",Andrea Parker,Kiss My Arp Beggars Banquet/Mo Wax,
variety,9911,"November 15 - 21, 1999",Joe Louis Walker,Silvertone Blues,Blue Thumb
variety,9911,"November 15 - 21, 1999",Lori Carson,Stars,Reckless
variety,9911,"November 15 - 21, 1999",T-Cisco,The Destructive Edit,Ubiquity
variety,9911,"November 15 - 21, 1999",Bidinte,Kumura,Intuition/Nubenegra
variety,9911,"November 15 - 21, 1999",The Souvenirs,King of Heartache,Will
variety,9911,"November 15 - 21, 1999",Stereo Total,My Melody,Bobsled
variety,9911,"November 15 - 21, 1999",The Jon Spencer Blues Explosion,Xtra-Acme USA,Matador
variety,9911,"November 15 - 21, 1999",DJ Krush,Kakusei,Red Ink
variety,9911,"November 15 - 21, 1999",The Get Up Kids,Something To Write Home About,Vagrant
variety,9911,"November 15 - 21, 1999",Mark Lanegan,I'll Take Care Of You,Sub Pop
variety,9911,"November 15 - 21, 1999",(Various),The Funky Precedent,LooseGroove
variety,9911,"November 15 - 21, 1999",The Promise Ring,Very Emergency,Jade Tree
variety,9911,"November 15 - 21, 1999",Nebula,To The Cente,r Sub Pop
variety,9911,"November 15 - 21, 1999",Breakbeat Era,Ultra-Obscene,XL/1500/A&M
variety,9911,"November 15 - 21, 1999",Alex Gopher,You My Baby & I,V2
variety,9911,"November 15 - 21, 1999",Backyard Babies,Total 13,Scooch Pooch
variety,9911,"November 15 - 21, 1999",(Various),The New Latinaires 2,Ubiquity
variety,9911,"November 15 - 21, 1999",The Ex-Husbands,All Gussied Up,Tar Hut
variety,9911,"November 15 - 21, 1999",(Various),Cape Verde,Putumayo
variety,9911,"November 15 - 21, 1999",No. 2,No Memory,Chainsaw
variety,9911,"November 15 - 21, 1999",The Derailers,Full Western Dress,Sire
variety,9911,"November 15 - 21, 1999",Zap Mama,A Ma Zone,Luaka Bop
variety,9911,"November 15 - 21, 1999",Plone,For Beginner Piano,Matador
variety,9911,"November 15 - 21, 1999",Deke Dickerson and the Ecco-fonics,More Million Sellers,Hightone
variety,9911,"November 15 - 21, 1999",(Various),Viva Cubapop!,Cubop/Ubiquity
variety,9911,"November 15 - 21, 1999",The Dismemberment Plan,Emergency & I,DeSoto
variety,9911,"November 15 - 21, 1999",And You Will Know Us By the Trail of Dead,Madonna,Merge
variety,9911,"November 15 - 21, 1999",Cesaria Evora,Caf Atlantico,RCA Victor
variety,9911,"November 15 - 21, 1999",The Wisdom of Harry,Stars of Super 8,Matador
variety,9911,"November 15 - 21, 1999",The Hellacopters,Payin' The Dues,Sub Pop
variety,9911,"November 15 - 21, 1999",Arto Lindsay,Prize,Righteous Babe
variety,9911,"November 15 - 21, 1999",(Various),Soulfood,Cookin'/Good Looking
variety,9911,"November 15 - 21, 1999",Kepa Junkera,Bilbao 00:00h,Alula
variety,9911,"November 15 - 21, 1999",Hardknox,Hardknox,Jive Electro
variety,9911,"November 15 - 21, 1999",Afro Cuban Jazz Project,Descarga Uno,Circular Moves
variety,9911,"November 15 - 21, 1999",(Heather Duby,Post To Wire,Sub Pop
variety,9911,"November 15 - 21, 1999",(Various),Quannum Spectrum,Quannum Projects
variety,9911,"November 15 - 21, 1999",Sunset Valley,Boyscout Superhero,Sugar Free
variety,9911,"November 15 - 21, 1999",The High Llamas,Snowbug,V2
variety,9911,"November 15 - 21, 1999",Johnny Dowd,Pictures From Life's Other Side,Koch
variety,9911,"November 15 - 21, 1999",Kalman Balogh & the Gypsy Cimbalom Band,Gypsy Jazz,Rounder
variety,9911,"November 15 - 21, 1999",(Various),Sacred Steel - Live!,Arhoolie
variety,9911,"November 15 - 21, 1999",The Wedding Present,Singles 1995-97,Spinart
variety,9911,"November 15 - 21, 1999",Jimmy Bosch,Salsa Dura,RykoLatino
variety,9911,"November 15 - 21, 1999",Gomez,Liquid Skin,Virgin
variety,9911,"November 15 - 21, 1999",Archer Prewitt,White Sky,Carrot Top
variety,9911,"November 15 - 21, 1999",Dub Funk Association,Sounds Of The Heavyweight,Tanty
variety,9911,"November 15 - 21, 1999",Peter Parker,Migliore!,Magic Palace
variety,9911,"November 15 - 21, 1999",Jose Moreno,El Fidelero Del Valle,Arhoolie
variety,9911,"November 15 - 21, 1999",Tristeza,Spine and Sensory,Makoto
variety,9911,"November 15 - 21, 1999",Solex,Pick Up,Matador
variety,9912,"December 6 - December 12, 1999",Beck,Midnite Vultures,DGC
variety,9912,"December 6 - December 12, 1999",Krust,Coded Language,Talkin Loud/Island
variety,9912,"December 6 - December 12, 1999",(Various),Viva Cubapop!,Cubop/Ubiquity
variety,9912,"December 6 - December 12, 1999",Mos Def,Black On Both Sides,Rawkus
variety,9912,"December 6 - December 12, 1999",hotRod Circuit,If I Knew Know What I Knew Then,Triple Crown
variety,9912,"December 6 - December 12, 1999",(Various),Cape Verde,Putumayo
variety,9912,"December 6 - December 12, 1999",Alex Gopher,You My Baby & I,V2
variety,9912,"December 6 - December 12, 1999",(Various),Jet Society,Eighteenth Street Lounge Soundtracks
variety,9912,"December 6 - December 12, 1999",Sally Timms,Cowboy Sally's Twilight Laments,Bloodshot
variety,9912,"December 6 - December 12, 1999",Air Cuba,Leap of Faith,4AD
variety,9912,"December 6 - December 12, 1999",The Dismemberment Plan,Emergency & I,DeSoto
variety,9912,"December 6 - December 12, 1999",Andrea Parker,Kiss My Arp Beggars Banquet/Mo Wax,
variety,9912,"December 6 - December 12, 1999",Zen Guerrilla,Trance State In Tongues,Sub Pop
variety,9912,"December 6 - December 12, 1999",Kid Loco,Presents Jesus Life For Children Under 12 Inches,Atlantic
variety,9912,"December 6 - December 12, 1999",Bidinte,Kumura,Intuition/Nubenegra
variety,9912,"December 6 - December 12, 1999",Lori Carson,Stars,Reckless
variety,9912,"December 6 - December 12, 1999",Joe Louis Walker,Silvertone Blues,Blue Thumb
variety,9912,"December 6 - December 12, 1999",T-Cisco,The Destructive Edit,Ubiquity
variety,9912,"December 6 - December 12, 1999",Luna,The Days Of Our Nights,Jericho/Cello/Sire
variety,9912,"December 6 - December 12, 1999",Handsome Boy Modeling School,So How's Your Girl?,Tommy Boy
variety,9912,"December 6 - December 12, 1999",Clinic,Clinic,Domino
variety,9912,"December 6 - December 12, 1999",Bloom 05,Lonsome Solar Surfer,Gash
variety,9912,"December 6 - December 12, 1999",Company Segundo,Calle Salud,Nonesuch
variety,9912,"December 6 - December 12, 1999",Hood,The Cycle of the Days and Seasons,Domino
variety,9912,"December 6 - December 12, 1999",No. 2,No Memory,Chainsaw
variety,9912,"December 6 - December 12, 1999",Truco and Zaperoko,Fusion Caribena,RykoLatino
variety,9912,"December 6 - December 12, 1999",Matthew Sweet,In Reverse,Volcano
variety,9912,"December 6 - December 12, 1999",Nebula,To The Cente,r Sub Pop
variety,9912,"December 6 - December 12, 1999",Jim O'Rourke,Halfway To A Threeway,Drag City
variety,9912,"December 6 - December 12, 1999",The Ex-Husbands,All Gussied Up,Tar Hut
variety,9912,"December 6 - December 12, 1999",Backyard Babies,Total 13,Scooch Pooch
variety,9912,"December 6 - December 12, 1999",Q-Tip,Amplified,Arista
variety,9912,"December 6 - December 12, 1999",Teddy Morgan and the Pistolas,Lost Love and Highways,Hightone
variety,9912,"December 6 - December 12, 1999",(Various),The New Latinaires 2,Ubiquity
variety,9912,"December 6 - December 12, 1999",Plone,For Beginner Piano,Matador
variety,9912,"December 6 - December 12, 1999",Da Grass Roots,Passage Through Time,Conception
variety,9912,"December 6 - December 12, 1999",Juan de Marcos' Afro Cuban All Stars,"Distinto, Diferente",Rykodisc
variety,9912,"December 6 - December 12, 1999",Heather Duby,Post to Wire,Sub Pop
variety,9912,"December 6 - December 12, 1999",And You Will Know Us By the Trail of Dead,Madonna,Merge
variety,9912,"December 6 - December 12, 1999",Mogwai,EP + 2,Matador
variety,9912,"December 6 - December 12, 1999",Kepa Junkera,Bilbao 00:00h,Alula
variety,9912,"December 6 - December 12, 1999",The Hellacopters,Payin' The Dues,Sub Pop
variety,9912,"December 6 - December 12, 1999",Zap Mama,A Ma Zone,Luaka Bop
variety,9912,"December 6 - December 12, 1999",Deke Dickerson and the Ecco-fonics,More Million Sellers,Hightone
variety,9912,"December 6 - December 12, 1999",(Various),Nordic Roots,Northside
variety,9912,"December 6 - December 12, 1999",Ani DiFranco,To the Teeth,Righteous Babe
variety,9912,"December 6 - December 12, 1999",(Various),Soulfood,Cookin'/Good Looking
variety,9912,"December 6 - December 12, 1999",The Wisdom of Harry,Stars of Super 8,Matador
variety,9912,"December 6 - December 12, 1999",Kid Loco,DJ Kicks,Stud!o K7
variety,9912,"December 6 - December 12, 1999",Arto Lindsay,Prize,Righteous Babe
variety,9912,"December 6 - December 12, 1999",Emporer Penguin,Extreme Gaming,My Pal God
variety,9912,"December 6 - December 12, 1999",The Wedding Present,Singles 1995-97,Spinart
variety,9912,"December 6 - December 12, 1999",(Various),Quannum Spectrum,Quannum Projects
variety,9912,"December 6 - December 12, 1999",Fila Brazilla,A Touch of Cloth,Tritone
variety,9912,"December 6 - December 12, 1999",The High Llamas,Snowbug,V2
variety,9912,"December 6 - December 12, 1999",Kalman Balogh & the Gypsy Cimbalom Band,Gypsy Jazz,Rounder
variety,9912,"December 6 - December 12, 1999",Sunset Valley,Boyscout Superhero,Sugar Free
variety,9912,"December 6 - December 12, 1999",Afro Cuban Jazz Project,Descarga Uno,Circular Moves
variety,9912,"December 6 - December 12, 1999",(Various),Sacred Steel - Live!,Arhoolie
variety,9912,"December 6 - December 12, 1999",Jimmy Bosch,Salsa Dura,RykoLatino
world,0001,"January 3 - January 9, 2000",(Various),The Sound Of Channel One: King Tubby Connection,(Guava Jelly)
world,0001,"January 3 - January 9, 2000",(Various),Rough Guide To The Music Of The Gypsies,(World Music Network)
world,0001,"January 3 - January 9, 2000",(Various),Viva Cubop!,( Cubop / Ubiquity )
world,0001,"January 3 - January 9, 2000",Compay Segundo,Calle Salud,( Nonesuch )
world,0001,"January 3 - January 9, 2000",Bernard Kabanda,Olugendo,(WOMAD)
world,0001,"January 3 - January 9, 2000",(Various),Cape Verde,( Putumayo )
world,0001,"January 3 - January 9, 2000",(Various),Lightning Over The River,( Music Club )
world,0001,"January 3 - January 9, 2000",Mahmoud Ahmed,Ethiopiques 6,(Buda Musique)
world,0001,"January 3 - January 9, 2000",Franco & O.K. Jazz,Originalite,(RetroAfric)
world,0001,"January 3 - January 9, 2000",Truco & Zaperoko,Fusion Caribena,( RykoLatino )
world,0002,"January 31 - February 6, 2000",Caravana Cubana,Late Night Sessions,( Rhino )
world,0002,"January 31 - February 6, 2000",(Various),The Sound Of Channel One: King Tubby Connection,(Guava Jelly)
world,0002,"January 31 - February 6, 2000",Bernard Kabanda,Olugendo,(WOMAD)
world,0002,"January 31 - February 6, 2000",(Various),Rough Guide To The Music Of The Gypsies,(World Music Network)
world,0002,"January 31 - February 6, 2000",Pachora,Ast,( Knitting Factory )
world,0002,"January 31 - February 6, 2000",Ekova,Heaven's Dust,( Six Degrees )
world,0002,"January 31 - February 6, 2000",Djanbutu Thiossane,"Ass, Mass & Pap",(Intuition)
world,0002,"January 31 - February 6, 2000",Franco & O.K. Jazz,Originalite,(RetroAfric)
world,0002,"January 31 - February 6, 2000",Mahmoud Ahmed,Ethiopiques 6,(Buda Musique)
world,0002,"January 31 - February 6, 2000",(Various),Lightning Over The River,( Music Club )
world,9603,"March 4-10, 1996",Nusrat Fateh Ali Khan,Night Song,Real World
world,9603,"March 4-10, 1996",Jesus Alemany's,Cubanismo!,Hannibal
world,9603,"March 4-10, 1996",(Various),Harvest Song,Ellipsis Arts
world,9603,"March 4-10, 1996",(Various),Musiki Wa Dansi,Africassette
world,9603,"March 4-10, 1996",Aisha Kandisha's Jarrg,Shabeesation,Rykodisc
world,9603,"March 4-10, 1996",(Various),Heavyweight Sound,Blood And Fire
world,9603,"March 4-10, 1996",(Various),Dub Over Dub,Heartbeat
world,9603,"March 4-10, 1996",Marta Sebestyen,Kismet,Hannibal
world,9603,"March 4-10, 1996",(Various),Jive Nation,Stern's/Earthworks
world,9603,"March 4-10, 1996",(Various),Best of Straker's,Rounder
world,9604,"April 1-7, 1996",Nusrat Fateh Ali Khan,Night Song,Real World
world,9604,"April 1-7, 1996",Jesus Alemany's,Cubanismo!,Hannibal
world,9604,"April 1-7, 1996",(Various),Brasil:A Century Of Song,Blue Jackel
world,9604,"April 1-7, 1996",(Various),Harvest Song,Ellipsis Arts
world,9604,"April 1-7, 1996",The Congos,Heart Of The Congos,Blood And Fire
world,9604,"April 1-7, 1996",(Various),Heavyweight Sound,Blood And Fire
world,9604,"April 1-7, 1996",Marta Sebestyen,Kismet,Hannibal
world,9604,"April 1-7, 1996",Aisha Kandisha's Jarrg,Shabeesation,Rykodisc
world,9604,"April 1-7, 1996",(Various),Musiki Wa Dansi,Africassette
world,9604,"April 1-7, 1996",Abdoulaye Diabate,Djiriyo,Stern's Africa
world,9605,"April 29-May 5, 1996",(Various),Brasil:A Century Of Song,Blue Jackel
world,9605,"April 29-May 5, 1996",Nusrat Fateh Ali Khan,Night Song,Real World
world,9605,"April 29-May 5, 1996",Jesus Alemany's,Cubanismo!,Hannibal
world,9605,"April 29-May 5, 1996",(Various),1975-1995 Independencia,Tinder
world,9605,"April 29-May 5, 1996",The Congos,Heart Of The Congos,Blood And Fire
world,9605,"April 29-May 5, 1996",Peter Tosh,The Toughest,Heartbeat
world,9605,"April 29-May 5, 1996",Eat The Dream,Morrocan Reveries,Tinder
world,9605,"April 29-May 5, 1996",Abdoulaye Diabate,Djiriyo,Stern's Africa
world,9605,"April 29-May 5, 1996",Possession+African Dub,Off World One,Sub Meta
world,9605,"April 29-May 5, 1996",Ladysmith Black Mambazo,Thuthukani Ngoxolo,Shanachie
world,9606,"June 3-9, 1996",Chief Stephen Osita O,Kedu America,Xenophile
world,9606,"June 3-9, 1996",Ashley MacIsaac,"Hi, How Are You Today?",A & M
world,9606,"June 3-9, 1996",(Various),1975-1995 Independencia,Tinder
world,9606,"June 3-9, 1996",Possession+African Dub,Off World One,Sub Meta
world,9606,"June 3-9, 1996",(Various),Grooving At Studio One,Heartbeat
world,9606,"June 3-9, 1996",Peter Tosh,The Toughest,Heartbeat
world,9606,"June 3-9, 1996",(Various),Conscious Ragga Vol 1,Greensleeves
world,9606,"June 3-9, 1996",Eat The Dream,Morrocan Reveries,Tinder
world,9606,"June 3-9, 1996",Jaojoby,Salegy!,Xenophile
world,9606,"June 3-9, 1996",The Congos,Heart Of The Congos,Blood And Fire
world,9607,"July 1-7, 1996",(Various),Batucada,Mr. Bongo
world,9607,"July 1-7, 1996",Sheila Chandra,ABoneCroneDrone,Real World
world,9607,"July 1-7, 1996",Abdel Ali Slimani,Mraya,Real World
world,9607,"July 1-7, 1996",Thomas Mapfumo,The Singles,Zimbob
world,9607,"July 1-7, 1996",Ashley MacIsaac,"Hi, How Are You Today?",A & M
world,9607,"July 1-7, 1996",Samite,Silina Musango,Xenophile
world,9607,"July 1-7, 1996",Chief Stephen Osita O,Kedu America,Xenophile
world,9607,"July 1-7, 1996",Nusrat Fateh Ali Khan,Intoxicated Spirit,Shanachie
world,9607,"July 1-7, 1996",James Chimombe,Best Of James Chimombe,Zimbob
world,9607,"July 1-7, 1996",Nusrat Fateh Ali Khan,Megastar,Interra
world,9608,"July 29-August 4, 1996",(Various),Batucada,Mr. Bongo
world,9608,"July 29-August 4, 1996",Hedinigarna,The Heathens Fire,TriStar/Silence
world,9608,"July 29-August 4, 1996",Sheila Chandra,ABoneCroneDrone,Real World
world,9608,"July 29-August 4, 1996",Abdel Ali Slimani,Mraya,Real World
world,9608,"July 29-August 4, 1996",Najma,Forbidden Kiss,Shanachie
world,9608,"July 29-August 4, 1996",Samite,Silina Musango,Xenophile
world,9608,"July 29-August 4, 1996",Ashley MacIsaac,"Hi, How Are You Today?",A & M
world,9608,"July 29-August 4, 1996",Tarika Sammy,Beneath Southern Skies,Shanachie
world,9608,"July 29-August 4, 1996",Thomas Mapfumo,The Singles,Zimbob
world,9608,"July 29-August 4, 1996",Nusrat Fateh Ali Khan,Megastar,Interra
world,9609,"September 2-8, 1996",(Various),Secret Museum Of Mankind,Yazoo
world,9609,"September 2-8, 1996",Hedinigarna,The Heathens Fire,TriStar/Silence
world,9609,"September 2-8, 1996",(Various),Batucada,Mr. Bongo
world,9609,"September 2-8, 1996",Sheila Chandra,ABoneCroneDrone,Real World
world,9609,"September 2-8, 1996",Abdel Ali Slimani,Mraya,Real World
world,9609,"September 2-8, 1996",I.K. Dairo,Definitive Dairo,Xenophile
world,9609,"September 2-8, 1996",Ernest Ranglin,Below The Baseline,Island Jamaica
world,9609,"September 2-8, 1996",(Various),"A World Out Of Time, Vol 3",Shanachie
world,9609,"September 2-8, 1996",Samite,Silina Musango,Xenophile
world,9609,"September 2-8, 1996",Najma,Forbidden Kiss,Shanachie
world,9610,"September 30-October 6, 1996",Garmarna,God's Musicians,Omnium
world,9610,"September 30-October 6, 1996",(Various),Deep In The Heart Of Tuva,Ellipsis Arts
world,9610,"September 30-October 6, 1996",(Various),Secret Museum Of Mankind,Yazoo
world,9610,"September 30-October 6, 1996",Kaira Ben,Singa,Stern's Africa
world,9610,"September 30-October 6, 1996",Chirgilchin,The Wolf & The Kid,Shanachie
world,9610,"September 30-October 6, 1996",Marlui Miranda,Todos Os Sons,Blue Jackel
world,9610,"September 30-October 6, 1996",Scientist,Dub In The Roots Tradition,Blood & Fire
world,9610,"September 30-October 6, 1996",I.K. Dairo,Definitive Dairo,Xenophile
world,9610,"September 30-October 6, 1996",Ernest Ranglin,Below The Baseline,Island Jamaica
world,9610,"September 30-October 6, 1996",Hukwe Zawose,Chibite,Real World
world,9611,"October 28-November 3, 1996",Yungchen Lhamo,"Tibet, Tibet",Real World
world,9611,"October 28-November 3, 1996",(Various),Deep In The Heart Of Tuva,Ellipsis Arts
world,9611,"October 28-November 3, 1996",Garmarna,God's Musicians,Omnium
world,9611,"October 28-November 3, 1996",(Various),The Soul Of Cape Verde,Tinder
world,9611,"October 28-November 3, 1996",Paulo Braganca,Amai,Luaka Bop / Warner Bros
world,9611,"October 28-November 3, 1996",Tenores di Bitti,S'amore 'e mama,Real World
world,9611,"October 28-November 3, 1996",Folk Scat,Folk Scat,Nomad
world,9611,"October 28-November 3, 1996",Chirgilchin,The Wolf & The Kid,Shanachie
world,9611,"October 28-November 3, 1996",Madala,Kon'ko Man,B&W Music
world,9611,"October 28-November 3, 1996",Scientist,Dub In The Roots Tradition,Blood & Fire
world,9701,"December 30-January 5, 1997",Africando,Gombo Salsa,Stern's Africa
world,9701,"December 30-January 5, 1997",(Various),Klezmer Music: A Marriage Of Heaven & Earth,Ellipsis Arts
world,9701,"December 30-January 5, 1997",(Various),Jali Kunda,Ellipsis Arts
world,9701,"December 30-January 5, 1997",Yungchen Lhamo,"Tibet, Tibet",Real World
world,9701,"December 30-January 5, 1997",(Various),Resting Place Of The Mists,Shanachie
world,9701,"December 30-January 5, 1997",Delroy Wilson,Money,Abraham
world,9701,"December 30-January 5, 1997",Fatal Mambo,Rumbagitation,Tinder
world,9701,"December 30-January 5, 1997",(Various),Moon & The Banana Tree,Shanachie
world,9701,"December 30-January 5, 1997",Paulo Braganca,Amai,Luaka Bop / Warner Bros
world,9701,"December 30-January 5, 1997",(Various),The Soul Of Cape Verde,Tinder
world,9702,"February 3-9, 1997",Africando,Gombo Salsa,Stern's Africa
world,9702,"February 3-9, 1997",(Various),Les Voix Du Monde,Le Chant DuMonde
world,9702,"February 3-9, 1997",(Various),Resting Place Of The Mists,Shanachie
world,9702,"February 3-9, 1997",(Various),Klezmer Music: A Marriage Of Heaven & Earth,Ellipsis Arts
world,9702,"February 3-9, 1997",Mari Boine,Radiant Warmth,Antilles / Verve
world,9702,"February 3-9, 1997",Etoile de Dakar,Vol 3 - Lay Suma Lay,Stern's Africa
world,9702,"February 3-9, 1997",Choying Drolma/Steve Tibbitts,Cho,Hannibal
world,9702,"February 3-9, 1997",Alfredo Rodriguez,Cuba Linda,Hannibal
world,9702,"February 3-9, 1997",Huun-Huur-Tu,If I'd Been Born An Eagle,Shanachie
world,9702,"February 3-9, 1997",Sidi Toure,Hoga,Stern's Africa
world,9703,"March 3-9, 1997",Natacha Atlas,Diaspora,MCA
world,9703,"March 3-9, 1997",(Various),Divine Divas,Rounder
world,9703,"March 3-9, 1997",(Various),Celtic Mouth Music,Ellipsis Arts
world,9703,"March 3-9, 1997",Mari Boine,Radiant Warmth,Antilles / Verve
world,9703,"March 3-9, 1997",Musicians Of The Nile,Charcoal Gypsies,Real World
world,9703,"March 3-9, 1997",(Various),The Wheels Of The World,Yazoo / Shanachie
world,9703,"March 3-9, 1997",Marta Sebestyen,The Best Of Marta Sebestyen,Hannibal
world,9703,"March 3-9, 1997",(Various),Les Voix Du Monde,Le Chant DuMonde
world,9703,"March 3-9, 1997",Choying Drolma/Steve Tibbitts,Cho,Hannibal
world,9703,"March 3-9, 1997",Sidi Toure,Hoga,Stern's Africa
world,9704,"March 31-April 6, 1997",Natacha Atlas,Diaspora,MCA
world,9704,"March 31-April 6, 1997",Musicians Of The Nile,Charcoal Gypsies,Real World
world,9704,"March 31-April 6, 1997",(Various),Celtic Mouth Music,Ellipsis Arts
world,9704,"March 31-April 6, 1997",(Various),Divine Divas,Rounder
world,9704,"March 31-April 6, 1997",Mari Boine,Radiant Warmth,Antilles / Verve
world,9704,"March 31-April 6, 1997",(Various),"Secret Museum Of Mankind, Vol 4",Yazoo
world,9704,"March 31-April 6, 1997",(Various),Klezmania,Shanachie
world,9704,"March 31-April 6, 1997",Jade Bridge,Ambush On All Sides,Henry Street
world,9704,"March 31-April 6, 1997",(Various),The Wheels Of The World,Yazoo / Shanachie
world,9704,"March 31-April 6, 1997",Marta Sebestyen,The Best Of Marta Sebestyen,Hannibal
world,9705,"April 28-May 4, 1997",Cubanismo!,Malembe,Hannibal
world,9705,"April 28-May 4, 1997",(Various),2 Heavyweight,Blood & Fire
world,9705,"April 28-May 4, 1997",Natacha Atlas,Diaspora,MCA
world,9705,"April 28-May 4, 1997",The Klezmatics,Possessed,Xenophile
world,9705,"April 28-May 4, 1997",Khac Chi Ensemble,Moonlight In Vietnam,Henry Street
world,9705,"April 28-May 4, 1997",Jade Bridge,Ambush On All Sides,Henry Street
world,9705,"April 28-May 4, 1997",(Various),Klezmania,Shanachie
world,9705,"April 28-May 4, 1997",(Various),"Secret Museum Of Mankind, Vol 4",Yazoo
world,9705,"April 28-May 4, 1997",Kirile Loo,Saatus,Alula
world,9705,"April 28-May 4, 1997",Horace Andy,Skylarking,Caroline
world,9706,"June 2-8, 1997",Hedningarna,Hippjokk,Northside
world,9706,"June 2-8, 1997",Cubanismo!,Malembe,Hannibal
world,9706,"June 2-8, 1997",(Various),2 Heavyweight,Blood & Fire
world,9706,"June 2-8, 1997",Cuban Gold 3,El Mambo Me Priva!,Qbadisc
world,9706,"June 2-8, 1997",(Various),White Elephants & Golden Ducks,Shanachie
world,9706,"June 2-8, 1997",D'Gary,Mbo Loza,Label Bleu
world,9706,"June 2-8, 1997",Hoven Droven,Groove,Northside
world,9706,"June 2-8, 1997",Abida Parveen,Best Of Abida Parveen,Shanachie
world,9706,"June 2-8, 1997",The Klezmatics,Possessed,Xenophile
world,9706,"June 2-8, 1997",Khac Chi Ensemble,Moonlight In Vietnam,Henry Street
world,9707,"June 30-July 6, 1997",Hedningarna,Hippjokk,Northside
world,9707,"June 30-July 6, 1997",Cubanismo!,Malembe,Hannibal
world,9707,"June 30-July 6, 1997",D'Gary,Mbo Loza,Label Bleu
world,9707,"June 30-July 6, 1997",Radio Tarifa,Rumba Argelina,World Circuit/Nonesuch
world,9707,"June 30-July 6, 1997",Oumou Sangare,Worotan,World Circuit/Nonesuch
world,9707,"June 30-July 6, 1997",Cheikh Lo,Ne La Thias,World Circuit/Nonesuch
world,9707,"June 30-July 6, 1997",Mahmoud Ahmed,Soul Of Addis,Stern's/Earthworks
world,9707,"June 30-July 6, 1997",Malika,Tarabu,Shanachie
world,9707,"June 30-July 6, 1997",Vinicius Cantuaria,Sol Na Cara,Gramavision
world,9707,"June 30-July 6, 1997",Cuban Gold 3,El Mambo Me Priva!,Qbadisc
world,9708,"July 28-August 3, 1997",Yuri Yunakov Ensemble,New Colors In Bulgarian Traditional Wedding Music,Traditional Crossroads
world,9708,"July 28-August 3, 1997",(Various),African Troubadours,Shanachie
world,9708,"July 28-August 3, 1997",Lee Scratch Perry,Arkology,Island Jamaica
world,9708,"July 28-August 3, 1997",Hedningarna,Hippjokk,Northside
world,9708,"July 28-August 3, 1997",Horace Andy,Good Vibes,Blood & Fire
world,9708,"July 28-August 3, 1997",(Various),Son De Santiago,Corason
world,9708,"July 28-August 3, 1997",Orquestra Aragon,Cha Cha Charanga!,Candela/ Tinder
world,9708,"July 28-August 3, 1997",Oumou Sangare,Worotan,World Circuit/Nonesuch
world,9708,"July 28-August 3, 1997",Malika,Tarabu,Shanachie
world,9708,"July 28-August 3, 1997",Radio Tarifa,Rumba Argelina,World Circuit/Nonesuch
world,9709,"September 1-7, 1997",Waaberi,New Dawn,Real World
world,9709,"September 1-7, 1997",(Various),African Troubadours,Shanachie
world,9709,"September 1-7, 1997",Lee Scratch Perry,Arkology,Island Jamaica
world,9709,"September 1-7, 1997",Yuri Yunakov Ensemble,New Colors In Bulgarian Traditional Wedding Music,Traditional Crossroads
world,9709,"September 1-7, 1997",Horace Andy,Good Vibes,Blood & Fire
world,9709,"September 1-7, 1997",Orquestra Aragon,Cha Cha Charanga!,Candela/ Tinder
world,9709,"September 1-7, 1997",(Various),Son De Santiago,Corason
world,9709,"September 1-7, 1997",Oumou Sangare,Worotan,World Circuit/Nonesuch
world,9709,"September 1-7, 1997",Radio Tarifa,Rumba Argelina,World Circuit/Nonesuch
world,9709,"September 1-7, 1997",Muzsikas,Morning Star,Hannibal
world,9710,"September 29-October 5, 1997",Afro-Cuban All Stars,A Toda Cuba La Gusta,World Circuit/Nonesuch
world,9710,"September 29-October 5, 1997",Waaberi,New Dawn,Real World
world,9710,"September 29-October 5, 1997",(Various),Ska Island,Island
world,9710,"September 29-October 5, 1997",Susana Baca,Susana Baca,Luaka Bop / Warner Bros
world,9710,"September 29-October 5, 1997",Bonga,Angola 72,Tinder
world,9710,"September 29-October 5, 1997",The Skatalites,Foundation Ska,Heartbeat
world,9710,"September 29-October 5, 1997",Morikeba Kouyata,Music Of Senegal,Traditional Crossroads
world,9710,"September 29-October 5, 1997",(Various),"Island 40th, Volume 1, 1959-64: Ska's The Limit",Island
world,9710,"September 29-October 5, 1997",(Various),"Island 40th, Volume 2, 1965-69: Rhythm & Blues Beat",Island
world,9710,"September 29-October 5, 1997",Gregory Isaacs,Dance Curfew,Acid Jazz/ Hollywood
world,9710,"September 29-October 5, 1997",Ruben Gonzalez,Introducing,World Circuit/Nonesuch
world,9711,"October 27-November 2, 1997",(Various),In The Red Zone: The Essential Collection Of Classic Dub,Shanachie
world,9711,"October 27-November 2, 1997",Afro-Cuban All Stars,A Toda Cuba La Gusta,World Circuit/Nonesuch
world,9711,"October 27-November 2, 1997",New Orleans Klezmer Allstars,The Big Kibosh,Shanachie
world,9711,"October 27-November 2, 1997",Fatal Mambo,Fatal Mambo,Tinder
world,9711,"October 27-November 2, 1997",Wingless Angels,Wingless Angels,Island
world,9711,"October 27-November 2, 1997",Matoub Lounes,Kenza,Blue Silver
world,9711,"October 27-November 2, 1997",Susana Baca,Susana Baca,Luaka Bop / Warner Bros
world,9711,"October 27-November 2, 1997",(Various),Ska Island,Island
world,9711,"October 27-November 2, 1997",Vershki Da Koreshki,Real Life Of Plants,Shanachie
world,9711,"October 27-November 2, 1997",Morikeba Kouyata,Music Of Senegal,Traditional Crossroads
world,9712,"December 1-7, 1997",Yabby You,Jesus Dread 1972-1977,Blood and Fire
world,9712,"December 1-7, 1997",(Various),In The Red Zone: The Essential Collection Of Classic Dub,Shanachie
world,9712,"December 1-7, 1997",Fatal Mambo,Fatal Mambo,Tinder
world,9712,"December 1-7, 1997",New Orleans Klezmer Allstars,The Big Kibosh,Shanachie
world,9712,"December 1-7, 1997",(Various),Salsa Mundo,Candela
world,9712,"December 1-7, 1997",Wingless Angels,Wingless Angels,Island
world,9712,"December 1-7, 1997",Papi Oviedo y sus Soneros,Encuentro entre Soneros,Candela
world,9712,"December 1-7, 1997",Finley Quaye,Maverick A Strike,550 Music
world,9712,"December 1-7, 1997",(Various),Cuban Gold 4,Qbadisc
world,9712,"December 1-7, 1997",Matoub Lounes,Kenza,Blue Silver
world,9801,"January 5-11, 1998",Yabby You,Jesus Dread 1972-1977,Blood and Fire
world,9801,"January 5-11, 1998",(Various),Unblocked: Music Of Eastern Europe,Ellipsis Arts
world,9801,"January 5-11, 1998",(Various),In The Red Zone: The Essential Collection Of Classic Dub,Shanachie
world,9801,"January 5-11, 1998",Fatal Mambo,Fatal Mambo,Tinder
world,9801,"January 5-11, 1998",Augustus Pablo,Presents DJs From 70s To 80s,Big Cat
world,9801,"January 5-11, 1998",Papi Oviedo y sus Soneros,Encuentro entre Soneros,Candela
world,9801,"January 5-11, 1998",Finley Quaye,Maverick A Strike,550 Music
world,9801,"January 5-11, 1998",(Various),Cuban Gold 4,Qbadisc
world,9801,"January 5-11, 1998",(Various),Salsa Mundo,Candela
world,9801,"January 5-11, 1998",Tibetan Institute Of Performing Arts,Dhama Suna,Detour
world,9802,"February 2 - 8, 1998",Najma,Pukar,Mondo Melodia
world,9802,"February 2 - 8, 1998",Yabby You J,esus Dread 1972-1977,Blood & Fire
world,9802,"February 2 - 8, 1998",(Various),Unblocked: Music Of Eastern Europe,Ellipsis Arts
world,9802,"February 2 - 8, 1998",The Skatalites,Ball Of Fire,Island Jamaica Jazz
world,9802,"February 2 - 8, 1998",Aminata Kamissoko,Malamine,Stern's Africa
world,9802,"February 2 - 8, 1998",Fantani Toure,N'tin Naari,Stern's Africa
world,9802,"February 2 - 8, 1998",Augustus Pablo,Presents DJs From 70s to 80s,Big Cat
world,9802,"February 2 - 8, 1998",Los Activos,Hasta Los Huesos,Tinder
world,9802,"February 2 - 8, 1998",(Various),Salsa Mundo,Candela
world,9802,"February 2 - 8, 1998",Stella Chiweshe,The Healing Tree,Shanachie
world,9803,"March 2-8, 1998",Rasha,Sundaniyat,Intuition
world,9803,"March 2-8, 1998",Najma,Pukar,Mondo Melodia
world,9803,"March 2-8, 1998",Nusrat Fateh Ali Khan & Michael Brook,Remixed,Real World
world,9803,"March 2-8, 1998",Hepcat,Right On Time,Hellcat
world,9803,"March 2-8, 1998",The Skatalites,Ball Of Fire,Island Jamaica Jazz
world,9803,"March 2-8, 1998",Martyn Bennett,Bothy Culture,Rykodisc
world,9803,"March 2-8, 1998",Troka Troka NorthSide,,
world,9803,"March 2-8, 1998",Fantani Toure,N'tin Naari,Stern's Africa
world,9803,"March 2-8, 1998",Aminata Kamissoko,Malamine,Stern's Africa
world,9803,"March 2-8, 1998",Stella Chiweshe,The Healing Tree,Shanachie
world,9804,"March 30 - April 5, 1998",Dub Syndicate,Fear Of A Green Planet,Shanachie
world,9804,"March 30 - April 5, 1998",Rasha,Sundaniyat,Intuition
world,9804,"March 30 - April 5, 1998",(Various),The Afro-Latin Groove: Sabroso!,Rhino
world,9804,"March 30 - April 5, 1998",Waldemar Bastos,Pretaluz,Luaka Bop/Warner Bros
world,9804,"March 30 - April 5, 1998",Nusrat Fateh Ali Khan & Michael Brook,Remixed,Real World
world,9804,"March 30 - April 5, 1998",Hepcat,Right On Time,Hellcat
world,9804,"March 30 - April 5, 1998",The Skatalites,Ball Of Fire,Island Jamaica Jazz
world,9804,"March 30 - April 5, 1998",King Sunny Ade,Oud,Atlantic/Mesa
world,9804,"March 30 - April 5, 1998",Maryam Mursal,The Journey,Real World
world,9804,"March 30 - April 5, 1998",Pat Waing: Drum Circle Of Burma Shanachie,,
world,9805,"May 4 - 10, 1998",Natacha Atlas,Halim,Koch
world,9805,"May 4 - 10, 1998",Jazz Jamaica,Double Barrel,Hannibal
world,9805,"May 4 - 10, 1998",Radio Tarifa,Temporal World,Circuit/Nonesuch
world,9805,"May 4 - 10, 1998",Kocani Orkestar,l'orient est rouge,Cramworld/ Crammed
world,9805,"May 4 - 10, 1998",Dub Syndicate,Fear Of A Green Planet,Shanachie
world,9805,"May 4 - 10, 1998",(Various),Ska After Ska After Ska,Heartbeat
world,9805,"May 4 - 10, 1998",Fantcha,Criolinha,Tinder
world,9805,"May 4 - 10, 1998",(Various),The Afro-Latin Groove: Sabroso!,Rhino
world,9805,"May 4 - 10, 1998",Waldemar Bastos,Pretaluz,Luaka Bop/ Warner Bros
world,9805,"May 4 - 10, 1998",King Sunny Ade,Oud,Atlantic /Mesa
world,9806,"June 1 - 7, 1998",(Various),China: Time To Listen,Ellipsis Arts
world,9806,"June 1 - 7, 1998",Natacha Atlas,Halim,Koch
world,9806,"June 1 - 7, 1998",Sierra Maestra,Tibiri Tabara,World Circuit/Nonesuch
world,9806,"June 1 - 7, 1998",Bob Marley,The Complete Wailers 1967-1972 Part 1,JAD
world,9806,"June 1 - 7, 1998",Ricardo Lemvo & Makina Loca,Mambo Yo Yo,Putumayo
world,9806,"June 1 - 7, 1998",Jazz Jamaica,Double Barrel,Hannibal
world,9806,"June 1 - 7, 1998",Radio Tarifa,Temporal World,Circuit/Nonesuch
world,9806,"June 1 - 7, 1998",Kocani Orkestar,l'orient est rouge,Cramworld/ Crammed
world,9806,"June 1 - 7, 1998",(Various),Ska After Ska After Ska,Heartbeat
world,9806,"June 1 - 7, 1998",Fantcha,Criolinha,Tinder
world,9807,"June 29 - July 5, 1998",Sierra Maestra,Tibiri Tabara,World Circuit/Nonesuch
world,9807,"June 29 - July 5, 1998",Rachid Taha,Diwan,Island
world,9807,"June 29 - July 5, 1998",(Various),China: Time To Listen,Ellipsis Arts
world,9807,"June 29 - July 5, 1998",Cesaria Evora,Miss Perfumado,Nonesuch
world,9807,"June 29 - July 5, 1998",(Various),Nordic Roots,NorthSide
world,9807,"June 29 - July 5, 1998",Horace Andy,Mr. Bassie,Heartbeat
world,9807,"June 29 - July 5, 1998",Africando,Baloba,Stern's Africa
world,9807,"June 29 - July 5, 1998",Alpha Yaya Diallo,"Aduna ""the world""",Tinder
world,9807,"June 29 - July 5, 1998",Ricardo Lemvo & Makina Loca,Mambo Yo Yo,Putumayo
world,9807,"June 29 - July 5, 1998",Bob Marley,The Complete Wailers 1967-1972 Part 1,JAD
world,9808,"August 3 - 9, 1998",Ernest Ranglin,In Search Of The Lost Riddim,Palm Pictures
world,9808,"August 3 - 9, 1998",Rachid Taha,Diwan,Island
world,9808,"August 3 - 9, 1998",(Various),Skatalites & Friends at Randy's,VP
world,9808,"August 3 - 9, 1998",Paolo Conte,The Best Of Paolo Conte,Nonesuch
world,9808,"August 3 - 9, 1998",Hassan Hakmoun,Life Around The World,Alula
world,9808,"August 3 - 9, 1998",Impact All Stars,Forward The Bass,Blood and Fire
world,9808,"August 3 - 9, 1998",Taraf de Haidouks,Dumbala Dumba,CramWorld /Crammed
world,9808,"August 3 - 9, 1998",Africando,Baloba,Stern's Africa
world,9808,"August 3 - 9, 1998",Alpha Yaya Diallo,"Aduna ""the world""",Tinder
world,9808,"August 3 - 9, 1998",Cesaria Evora,Miss Perfumado,Nonesuch
world,9809,"August 31 - Sept 6, 1998",Ernest Ranglin,In Search Of The Lost Riddim,Palm Pictures
world,9809,"August 31 - Sept 6, 1998",Los de Abajo,Los de Abajo,Luaka Bop/ WB
world,9809,"August 31 - Sept 6, 1998",Candido Fabre,Poquito A Poco,Candela
world,9809,"August 31 - Sept 6, 1998",Impact All Stars,Forward The Bass,Blood and Fire
world,9809,"August 31 - Sept 6, 1998",Jimmy Bosch,Soneando Trombon,Rykolatino
world,9809,"August 31 - Sept 6, 1998",Varttina,Vihma,Wicklow
world,9809,"August 31 - Sept 6, 1998",Mickey Hart & Planet Drum,Supralingua,Rykodisc
world,9809,"August 31 - Sept 6, 1998",Sally Nyolo,Multiculti,Tinder
world,9809,"August 31 - Sept 6, 1998",(Various),Skatalites & Friends at Randy's,VP
world,9809,"August 31 - Sept 6, 1998",Hassan Hakmoun,Life Around The World,Alula
world,9810,"Sept 28 - Oct 4, 1998",Tom Ze,Fabrication Defect,Luaka Bop/ Warner Bros
world,9810,"Sept 28 - Oct 4, 1998",Junior Byles & Friends,129 Beat Street: Ja-Man Special 1975-1978,Blood and Fire
world,9810,"Sept 28 - Oct 4, 1998",Los de Abajo,Los de Abajo,Luaka Bop/ WB
world,9810,"Sept 28 - Oct 4, 1998",Klezmatics/Chava Alberstein,The Well,Xenophile
world,9810,"Sept 28 - Oct 4, 1998",(Various),The Spirit Of Cape Verde,Tinder
world,9810,"Sept 28 - Oct 4, 1998",(Various),Cuban Gold 5,Qbadisc
world,9810,"Sept 28 - Oct 4, 1998",Mickey Hart & Planet Drum,Supralingua,Rykodisc
world,9810,"Sept 28 - Oct 4, 1998",Jimmy Bosch,Soneando Trombon,Rykolatino
world,9810,"Sept 28 - Oct 4, 1998",Triakel,Triakel,NorthSide
world,9810,"Sept 28 - Oct 4, 1998",Candido Fabre,Poquito A Poco,Candela
world,9811,"November 2 - 8, 1998",Cubanismo!,Reencarnacion,Hannibal
world,9811,"November 2 - 8, 1998",Junior Byles & Friends,129 Beat Street: Ja-Man Special 1975-1978,Blood and Fire
world,9811,"November 2 - 8, 1998",Tom Ze,Fabrication Defect,Luaka Bop/ Warner Bros
world,9811,"November 2 - 8, 1998",Mary Jane Lamond,Suas e!,A&M
world,9811,"November 2 - 8, 1998",Sanna Kurki-Suonio,Musta,NorthSide
world,9811,"November 2 - 8, 1998",Bonga,Angola 74,Tinder
world,9811,"November 2 - 8, 1998",Triakel,Triakel,NorthSide
world,9811,"November 2 - 8, 1998",(Various),The Spirit Of Cape Verde,Tinder
world,9811,"November 2 - 8, 1998",Klezmatics/Chava Alberstein,The Well,Xenophile
world,9811,"November 2 - 8, 1998",Sulukule,Rom Music Of Istanbul,Traditional Crossroads
world,9812,"Nov 30 - Dec 6, 1998",Cubanismo!,Reencarnacion,Hannibal
world,9812,"Nov 30 - Dec 6, 1998",Junior Byles & Friends,129 Beat Street: Ja-Man Special 1975-1978,Blood and Fire
world,9812,"Nov 30 - Dec 6, 1998",Bombay,"The Hard Way Guns, Cars & Sitars",Motel
world,9812,"Nov 30 - Dec 6, 1998",(Various),Two Cries Of Freedom,ROIR
world,9812,"Nov 30 - Dec 6, 1998",Viento De Agua,De Puerto Rico Al Mundo,Agogo/Qbadisc
world,9812,"Nov 30 - Dec 6, 1998",Mary Jane Lamond,Suas e!,A&M
world,9812,"Nov 30 - Dec 6, 1998",(Various),Beleza Tropical 2 Novo! Mais! Melhor!,Luaka Bop/ Warner Bros
world,9812,"Nov 30 - Dec 6, 1998",Boy Ge Mendes,Lagoa,Tinder
world,9812,"Nov 30 - Dec 6, 1998",(Various),From The Tobacco Road Of Cuba,Alula
world,9812,"Nov 30 - Dec 6, 1998",Sanna Kurki-Suonio,Musta,NorthSide
world,9901,"January 4 - 11, 1999",Johnny Clarke,Dreader Dread 1976-1978,Blood and Fire
world,9901,"January 4 - 11, 1999",Thomas Mapfumo,Chimurenga '98,aNOnym
world,9901,"January 4 - 11, 1999",(Various),Two Cries Of Freedom,ROIR
world,9901,"January 4 - 11, 1999",Bombay The Hard Way,"Guns, Cars & Sitars",Motel
world,9901,"January 4 - 11, 1999",Mary Jane Lamond,Suas e!,A&M
world,9901,"January 4 - 11, 1999",(Various),King Size Ska,Trojan
world,9901,"January 4 - 11, 1999",(Various),Joe Gibbs Mood: The Amalgamated Label 1968-71,Trojan
world,9901,"January 4 - 11, 1999",Baaba Maal & Mansour Seck,Djam Leelii: The Adventurers,Palm Pictures
world,9901,"January 4 - 11, 1999",Viento De Agua,De Puerto Rico Al Mundo,Agogo/Qbadisc
world,9901,"January 4 - 11, 1999",Boy Ge Mendes,Lagoa,Tinder
world,9902,"February 1 - 7, 1999",Habib Koite & Bamada,Ma Ya,Putumayo Artists
world,9902,"February 1 - 7, 1999",Pachora,Unn,Knitting Factory
world,9902,"February 1 - 7, 1999",Yungchen Lhamo,Coming Home,Real World
world,9902,"February 1 - 7, 1999",(Various),King Size Ska,Trojan
world,9902,"February 1 - 7, 1999",Johnny Clarke,Dreader Dread 1976-1978,Blood and Fire
world,9902,"February 1 - 7, 1999",Thomas Mapfumo,Chimurenga '98,aNOnym
world,9902,"February 1 - 7, 1999",Ondar,Back Tuva Future,Warner Bros
world,9902,"February 1 - 7, 1999",Djivan Gasparyan & Michael Brook,Black Rock,Real World
world,9902,"February 1 - 7, 1999",(Various),Mali To Memphis,Putumayo
world,9902,"February 1 - 7, 1999",Lili Boniche,Alger Alger,A.P.C
world,9903,"March 1 - 7, 1999",Hedningarna,Karelia Visa,NorthSide
world,9903,"March 1 - 7, 1999",Habib Koite & Bamada,Ma Ya,Putumayo Artists
world,9903,"March 1 - 7, 1999",Yungchen Lhamo,Coming Home,Real World
world,9903,"March 1 - 7, 1999",Pachora,Unn,Knitting Factory
world,9903,"March 1 - 7, 1999",(Various),African Salsa,Stern's/Earthworks
world,9903,"March 1 - 7, 1999",(Various),Ethiopiques 3,Buda Musique
world,9903,"March 1 - 7, 1999",Yuri Yunakov,Balada,Traditional Crossroads
world,9903,"March 1 - 7, 1999",Alpha Yaya Diallo,The Message,Wicklow
world,9903,"March 1 - 7, 1999",Ondar,Back Tuva Future,Warner Bros
world,9903,"March 1 - 7, 1999",Djivan Gasparyan & Michael Brook,Black Rock,Real World
world,9904,"March 29 - April 4, 1999",Hedningarna,Karelia Visa,NorthSide
world,9904,"March 29 - April 4, 1999",Vinicius Cantuaria,Tucuma,Verve
world,9904,"March 29 - April 4, 1999",Cesaria Evora,Mar Azul,Nonesuch
world,9904,"March 29 - April 4, 1999",(Various),Ethiopiques 3,Buda Musique
world,9904,"March 29 - April 4, 1999",(Various),African Salsa,Stern's/Earthworks
world,9904,"March 29 - April 4, 1999",Alpha Yaya Diallo,The Message,Wicklow
world,9904,"March 29 - April 4, 1999",Yuri Yunakov,Balada,Traditional Crossroads
world,9904,"March 29 - April 4, 1999",(Various),The Gypsy Road,Alula
world,9904,"March 29 - April 4, 1999",Natacha Atlas,Gedida,Mantra/ Beggars Banquet
world,9904,"March 29 - April 4, 1999",(Various),Voices Of Asian Women,Shanachie
world,9905,"May 3 - 9, 1999",King Tubby & Friends,Dub Like Dirt,Blood and Fire
world,9905,"May 3 - 9, 1999",(Various),Cuba,Putumayo
world,9905,"May 3 - 9, 1999",Garmarna,Vengeance,NorthSide
world,9905,"May 3 - 9, 1999",(Various),Brasileiro,Putumayo
world,9905,"May 3 - 9, 1999",(Various),Ethiopiques 4,Buda Musique
world,9905,"May 3 - 9, 1999",Emil Zrihan,Ashkelon: Moroccan Mawal,Piranha
world,9905,"May 3 - 9, 1999",Amadou et Mariam,Sou Ni Tile,Tinder
world,9905,"May 3 - 9, 1999",Vinicius Cantuaria,Tucuma,Verve
world,9905,"May 3 - 9, 1999",(Various),Heavyweight 3,Blood and Fire
world,9905,"May 3 - 9, 1999",Cesaria Evora,Mar Azul,Nonesuch
world,9906,"May 31 - June 6, 1999",(Various),Cuba,Putumayo
world,9906,"May 31 - June 6, 1999",(Various),Roots Rock Guitar Party: Zimbabwe Frontline 3,Stern's/Earthworks
world,9906,"May 31 - June 6, 1999",Garmarna,Vengeance,NorthSide
world,9906,"May 31 - June 6, 1999",King Tubby & Friends,Dub Like Dirt,Blood and Fire
world,9906,"May 31 - June 6, 1999",(Various),Brasileiro,Putumayo
world,9906,"May 31 - June 6, 1999",(Various),Doob Doob O' Rama: Filmsongs From Bollywood,Normal
world,9906,"May 31 - June 6, 1999",Barbarito Torres,Havana Caf,Atlantic
world,9906,"May 31 - June 6, 1999",(Various),Ethiopiques 4,Buda Musique
world,9906,"May 31 - June 6, 1999",Kandia Kouyate,Kita Kan,Stern's Africa
world,9906,"May 31 - June 6, 1999",Amadou et Mariam,Sou Ni Tile,Tinder
world,9907,"June 28 - July 4, 1999",Caetano Veloso,Livro,Nonesuch
world,9907,"June 28 - July 4, 1999",Os Mutantes,Everything Is Possible!,Luaka Bop / Warner Bros
world,9907,"June 28 - July 4, 1999",(Various),Roots Rock Guitar Party: Zimbabwe Frontline 3,Stern's/Earthworks
world,9907,"June 28 - July 4, 1999",Plena Libre,Juntos y Revueltos,RykoLatino
world,9907,"June 28 - July 4, 1999",Ali Farka Toure,Niafunke,Hannibal
world,9907,"June 28 - July 4, 1999",(Various),Doob Doob O' Rama: Filmsongs From Bollywood,Normal
world,9907,"June 28 - July 4, 1999",Eliades Ochoa,Sublime Ilusion,Higher Octave World
world,9907,"June 28 - July 4, 1999",Barbarito Torres,Havana Caf,Atlantic
world,9907,"June 28 - July 4, 1999",(Various),Cuba,Putumayo
world,9907,"June 28 - July 4, 1999",Afro-Celt Sound System,Volume 2: Release,Real World
world,9908,"August 2 - 8, 1999",Os Mutantes,Everything Is Possible!,Luaka Bop / Warner Bros
world,9908,"August 2 - 8, 1999",Caetano Veloso,Livro,Nonesuch
world,9908,"August 2 - 8, 1999",Habib Koite & Bamada,Muso Ko,Alula
world,9908,"August 2 - 8, 1999",Max Romeo,Open The Iron Gate 1973-1977,Blood and Fire
world,9908,"August 2 - 8, 1999",Cafe Tacuba,Reves/Yosoy,Warner Bros /WEA Latina
world,9908,"August 2 - 8, 1999",Plena Libre,Juntos y Revueltos,RykoLatino
world,9908,"August 2 - 8, 1999",Ali Farka Toure,Niafunke,Hannibal
world,9908,"August 2 - 8, 1999",Toumani Diabate with Ballake Sissoko,New Ancient Strings,Hannibal
world,9908,"August 2 - 8, 1999",Eliades Ochoa,Sublime Ilusion,Higher Octave World
world,9908,"August 2 - 8, 1999",Ibrahim Ferrer,Buena Vista Social Club Presents,World Circuit / Nonesuch
world,9909,"August 30 - Sept 5, 1999",Kaouding Cissoko,Kora Revolution,Palm Pictures
world,9909,"August 30 - Sept 5, 1999",Rabih Abou-Khalil,Yara,Enja
world,9909,"August 30 - Sept 5, 1999",Lucky Dube,The Way It Is,Shanachie
world,9909,"August 30 - Sept 5, 1999",(Various),Brasil 2mil: 1. The Soul of Bass-O-Nova,Six Degrees
world,9909,"August 30 - Sept 5, 1999",Taj Mahal/Toumani Diabate,Kulanjan,Hannibal
world,9909,"August 30 - Sept 5, 1999",Bamboleo,Ya No Hace Falta,Ahii-Nama
world,9909,"August 30 - Sept 5, 1999",Max Romeo,Open The Iron Gate 1973-1977,Blood and Fire
world,9909,"August 30 - Sept 5, 1999",Habib Koite & Bamada,Muso Ko,Alula
world,9909,"August 30 - Sept 5, 1999",Toumani Diabate with Ballake Sissoko,New Ancient Strings,Hannibal
world,9909,"August 30 - Sept 5, 1999",Paco De Lucia,Luzia,Blue Thumb
world,9910,"October 25 - 31, 1999",Bidinte,Kumura,Intuition/Nubenegra
world,9910,"October 25 - 31, 1999",Cesaria Evora,Caf Atlantico,RCA Victor
world,9910,"October 25 - 31, 1999",Zap Mama,A Ma Zone,Luaka Bop
world,9910,"October 25 - 31, 1999",Jimmy Bosch,Salsa Dura,RykoLatino
world,9910,"October 25 - 31, 1999",Kalman Balogh & the Gypsy Cimbalom Band,Gypsy Jazz,Rounder
world,9910,"October 25 - 31, 1999",Dub Funk Association,Sounds Of The Heavyweight,Tanty
world,9910,"October 25 - 31, 1999",Tama,Nostalgie,Real World
world,9910,"October 25 - 31, 1999",(Various),The Music of Nubenegra,Intuition
world,9910,"October 25 - 31, 1999",Vasen,Gront,NorthSide
world,9910,"October 25 - 31, 1999",Issa Bagayogo,Sya,Cobalt
world,9911,"November 15 - 21, 1999",Bidinte,Kumura,Intuition/Nubenegra
world,9911,"November 15 - 21, 1999",Company Segundo,Calle Salud Nonesuch,
world,9911,"November 15 - 21, 1999",(Various),Cape Verde,Putumayo
world,9911,"November 15 - 21, 1999",Cesaria Evora,Caf Atlantico,RCA Victor
world,9911,"November 15 - 21, 1999",Various,Viva Cubop!,Cubop/Ubiquity
world,9911,"November 15 - 21, 1999",Kepa Junkera,Bilbao 00:00h,Alula
world,9911,"November 15 - 21, 1999",Afro Cuban Jazz Project,Descarga Uno,Circular Moves
world,9911,"November 15 - 21, 1999",Kalman Balogh & the Gypsy Cimbalom Band,Gypsy Jazz,Rounder
world,9911,"November 15 - 21, 1999",Jimmy Bosch,Salsa Dura,RykoLatino
world,9911,"November 15 - 21, 1999",Dub Funk Association,Sounds Of The Heavyweight,Tanty
world,9912,"December 6 - December 12, 1999",Various,Viva Cubop!,Cubop/Ubiquity
world,9912,"December 6 - December 12, 1999",Various,Cape Verde,Putumayo
world,9912,"December 6 - December 12, 1999",Bidinte,Kumura,Intuition/Nubenegra
world,9912,"December 6 - December 12, 1999",Company Segundo,Calle Salud Nonesuch,
world,9912,"December 6 - December 12, 1999",Truco & Zaperoko,Fusion Caribena,RykoLatino
world,9912,"December 6 - December 12, 1999",Juan de Marcos' Afro Cuban All Stars,Distino,Diferente Nonesuch
world,9912,"December 6 - December 12, 1999",Kepa Junkera,Bilbao 00:00h,Alula
world,9912,"December 6 - December 12, 1999",Zap Mama,A Ma Zone,Luaka Bop
world,9912,"December 6 - December 12, 1999",(Various),Nordic Roots 2,North Side
world,9912,"December 6 - December 12, 1999",Kalman Balogh & the Gypsy Cimbalom Band,Gypsy Jazz,Rounder
